week,symptom_id,symptom_name,baseline_score,baseline_z_max,baseline_deviation_max,baseline_hospitals_elevated,baseline_hospitals_observed,anomaly_score,temporal_score,persistence_score,spatial_score,best_matching_disease_id,b8_pattern_score,objective_a_score,b8_integration_score,severity_score,severe_cases,total_cases,disease_total_cases,raw_risk_score,risk_score,strong_evidence_count,moderate_evidence_count,persistence_support,spatial_support,temporal_support,risk_alert,outbreak_signal,risk_explanation
2026-06-01,S007,Persistent Cough,0.0,0.0,0.0,0,10,30.0,0.0,0.0,0.0,D006,47.236000000000004,42.56,54.25,91.18837672643,40.0,269.0,269.0,22.9018565089645,22.9,1,2,False,False,False,GREEN,False,"Composite outbreak-risk score is 22.9, producing a GREEN alert. Supporting evidence: Objective A atypical/emerging evidence (47.2); severity burden from disease D006 (91.2)."
2026-06-01,S023,Weight Loss,0.0,0.0,0.0,0,10,30.0,0.0,0.0,0.0,D006,47.236000000000004,42.56,54.25,91.18837672643,40.0,269.0,269.0,22.9018565089645,22.9,1,2,False,False,False,GREEN,False,"Composite outbreak-risk score is 22.9, producing a GREEN alert. Supporting evidence: Objective A atypical/emerging evidence (47.2); severity burden from disease D006 (91.2)."
2026-06-01,S024,Night Sweats,0.0,0.0,0.0,0,10,30.0,0.0,0.0,0.0,D006,47.236000000000004,42.56,54.25,91.18837672643,40.0,269.0,269.0,22.9018565089645,22.9,1,2,False,False,False,GREEN,False,"Composite outbreak-risk score is 22.9, producing a GREEN alert. Supporting evidence: Objective A atypical/emerging evidence (47.2); severity burden from disease D006 (91.2)."
2026-06-01,S001,Fever,0.0,0.0,0.0,0,10,30.0,0.0,0.0,0.0,D001,57.378,51.15,66.72,83.23176202603375,137.0,1830.0,1830.0,22.72256430390506,22.72,2,2,False,False,False,GREEN,False,"Composite outbreak-risk score is 22.7, producing a GREEN alert. Supporting evidence: Objective A atypical/emerging evidence (57.4); severity burden from disease D001 (83.2)."
2026-06-01,S002,Headache,0.0,0.0,0.0,0,10,30.0,0.0,0.0,0.0,D001,57.378,51.15,66.72,83.23176202603375,137.0,1830.0,1830.0,22.72256430390506,22.72,2,2,False,False,False,GREEN,False,"Composite outbreak-risk score is 22.7, producing a GREEN alert. Supporting evidence: Objective A atypical/emerging evidence (57.4); severity burden from disease D001 (83.2)."
2026-06-01,S014,Muscle Pain,0.0,0.0,0.0,0,10,30.0,0.0,0.0,0.0,D001,57.378,51.15,66.72,83.23176202603375,137.0,1830.0,1830.0,22.72256430390506,22.72,2,2,False,False,False,GREEN,False,"Composite outbreak-risk score is 22.7, producing a GREEN alert. Supporting evidence: Objective A atypical/emerging evidence (57.4); severity burden from disease D001 (83.2)."
2026-06-01,S017,Rash,0.0,0.0,0.0,0,10,30.0,0.0,0.0,0.0,D001,57.378,51.15,66.72,83.23176202603375,137.0,1830.0,1830.0,22.72256430390506,22.72,2,2,False,False,False,GREEN,False,"Composite outbreak-risk score is 22.7, producing a GREEN alert. Supporting evidence: Objective A atypical/emerging evidence (57.4); severity burden from disease D001 (83.2)."
2026-06-01,S018,Nausea,0.0,0.0,0.0,0,10,30.0,0.0,0.0,0.0,D001,57.378,51.15,66.72,83.23176202603375,137.0,1830.0,1830.0,22.72256430390506,22.72,2,2,False,False,False,GREEN,False,"Composite outbreak-risk score is 22.7, producing a GREEN alert. Supporting evidence: Objective A atypical/emerging evidence (57.4); severity burden from disease D001 (83.2)."
2026-06-01,S019,Vomiting,0.0,0.0,0.0,0,10,30.0,0.0,0.0,0.0,D001,57.378,51.15,66.72,83.23176202603375,137.0,1830.0,1830.0,22.72256430390506,22.72,2,2,False,False,False,GREEN,False,"Composite outbreak-risk score is 22.7, producing a GREEN alert. Supporting evidence: Objective A atypical/emerging evidence (57.4); severity burden from disease D001 (83.2)."
2026-06-01,S003,Fatigue,0.0,0.0,0.0,0,10,30.0,0.0,0.0,0.0,D005,55.126000000000005,53.05,58.24,83.03071689317758,112.0,1375.0,1375.0,22.467207533976637,22.47,2,2,False,False,False,GREEN,False,"Composite outbreak-risk score is 22.5, producing a GREEN alert. Supporting evidence: Objective A atypical/emerging evidence (55.1); severity burden from disease D005 (83.0)."
2026-06-01,S006,Dry Cough,0.0,0.0,0.0,0,10,30.0,0.0,0.0,0.0,D005,55.126000000000005,53.05,58.24,83.03071689317758,112.0,1375.0,1375.0,22.467207533976637,22.47,2,2,False,False,False,GREEN,False,"Composite outbreak-risk score is 22.5, producing a GREEN alert. Supporting evidence: Objective A atypical/emerging evidence (55.1); severity burden from disease D005 (83.0)."
2026-06-01,S008,Sore Throat,0.0,0.0,0.0,0,10,30.0,0.0,0.0,0.0,D005,55.126000000000005,53.05,58.24,83.03071689317758,112.0,1375.0,1375.0,22.467207533976637,22.47,2,2,False,False,False,GREEN,False,"Composite outbreak-risk score is 22.5, producing a GREEN alert. Supporting evidence: Objective A atypical/emerging evidence (55.1); severity burden from disease D005 (83.0)."
2026-06-01,S010,Breathlessness,0.0,0.0,0.0,0,10,30.0,0.0,0.0,0.0,D005,55.126000000000005,53.05,58.24,83.03071689317758,112.0,1375.0,1375.0,22.467207533976637,22.47,2,2,False,False,False,GREEN,False,"Composite outbreak-risk score is 22.5, producing a GREEN alert. Supporting evidence: Objective A atypical/emerging evidence (55.1); severity burden from disease D005 (83.0)."
2026-06-01,S012,Loss of Taste,0.0,0.0,0.0,0,10,30.0,0.0,0.0,0.0,D005,55.126000000000005,53.05,58.24,83.03071689317758,112.0,1375.0,1375.0,22.467207533976637,22.47,2,2,False,False,False,GREEN,False,"Composite outbreak-risk score is 22.5, producing a GREEN alert. Supporting evidence: Objective A atypical/emerging evidence (55.1); severity burden from disease D005 (83.0)."
2026-06-01,S013,Loss of Smell,0.0,0.0,0.0,0,10,30.0,0.0,0.0,0.0,D005,55.126000000000005,53.05,58.24,83.03071689317758,112.0,1375.0,1375.0,22.467207533976637,22.47,2,2,False,False,False,GREEN,False,"Composite outbreak-risk score is 22.5, producing a GREEN alert. Supporting evidence: Objective A atypical/emerging evidence (55.1); severity burden from disease D005 (83.0)."
2026-06-01,S011,Chest Pain,0.0,0.0,0.0,0,10,27.0,0.0,0.0,0.0,D006,47.236000000000004,42.56,54.25,91.18837672643,40.0,269.0,269.0,22.451856508964497,22.45,1,2,False,False,False,GREEN,False,"Composite outbreak-risk score is 22.4, producing a GREEN alert. Supporting evidence: Objective A atypical/emerging evidence (47.2); severity burden from disease D006 (91.2)."
2026-06-01,S015,Joint Pain,0.0,0.0,0.0,0,10,30.0,0.0,0.0,0.0,D001,50.532,48.56,53.49,83.23176202603375,137.0,1830.0,1830.0,22.037964303905063,22.04,1,2,False,False,False,GREEN,False,"Composite outbreak-risk score is 22.0, producing a GREEN alert. Supporting evidence: Objective A atypical/emerging evidence (50.5); severity burden from disease D001 (83.2)."
2026-06-01,S022,Loss of Appetite,0.0,0.0,0.0,0,10,30.0,0.0,0.0,0.0,D007,47.278000000000006,45.57,49.84,85.27539208981716,27.0,482.0,482.0,22.019108813472577,22.02,1,2,False,False,False,GREEN,False,"Composite outbreak-risk score is 22.0, producing a GREEN alert. Supporting evidence: Objective A atypical/emerging evidence (47.3); severity burden from disease D007 (85.3)."
2026-06-01,S016,Retro-orbital Pain,0.0,0.0,0.0,0,10,30.0,0.0,0.0,0.0,D001,46.812,44.84,49.77,83.23176202603375,137.0,1830.0,1830.0,21.665964303905064,21.67,1,2,False,False,False,GREEN,False,"Composite outbreak-risk score is 21.7, producing a GREEN alert. Supporting evidence: Objective A atypical/emerging evidence (46.8); severity burden from disease D001 (83.2)."
2026-06-01,S025,Bleeding,0.0,0.0,0.0,0,10,30.0,0.0,0.0,0.0,D001,46.728,44.36,50.28,83.23176202603375,137.0,1830.0,1830.0,21.657564303905062,21.66,1,2,False,False,False,GREEN,False,"Composite outbreak-risk score is 21.7, producing a GREEN alert. Supporting evidence: Objective A atypical/emerging evidence (46.7); severity burden from disease D001 (83.2)."
2026-06-01,S004,Chills,0.0,0.0,0.0,0,10,30.0,0.0,0.0,0.0,D002,41.852000000000004,39.22,45.8,84.95668774927083,101.0,1154.0,1154.0,21.428703162390626,21.43,1,2,False,False,False,GREEN,False,"Composite outbreak-risk score is 21.4, producing a GREEN alert. Supporting evidence: Objective A atypical/emerging evidence (41.9); severity burden from disease D002 (85.0)."
2026-06-01,S005,Sweating,0.0,0.0,0.0,0,10,30.0,0.0,0.0,0.0,D002,41.852000000000004,39.22,45.8,84.95668774927083,101.0,1154.0,1154.0,21.428703162390626,21.43,1,2,False,False,False,GREEN,False,"Composite outbreak-risk score is 21.4, producing a GREEN alert. Supporting evidence: Objective A atypical/emerging evidence (41.9); severity burden from disease D002 (85.0)."
2026-06-01,S026,Anaemia,0.0,0.0,0.0,0,10,30.0,0.0,0.0,0.0,D002,41.852000000000004,39.22,45.8,84.95668774927083,101.0,1154.0,1154.0,21.428703162390626,21.43,1,2,False,False,False,GREEN,False,"Composite outbreak-risk score is 21.4, producing a GREEN alert. Supporting evidence: Objective A atypical/emerging evidence (41.9); severity burden from disease D002 (85.0)."
2026-06-01,S020,Diarrhoea,0.0,0.0,0.0,0,10,30.0,0.0,0.0,0.0,D008,48.106,42.95,55.84,73.08532133920711,31.0,1197.0,1197.0,20.27339820088107,20.27,1,2,False,False,False,GREEN,False,"Composite outbreak-risk score is 20.3, producing a GREEN alert. Supporting evidence: Objective A atypical/emerging evidence (48.1); severity burden from disease D008 (73.1)."
2026-06-01,S021,Abdominal Pain,0.0,0.0,0.0,0,10,30.0,0.0,0.0,0.0,D008,48.106,42.95,55.84,73.08532133920711,31.0,1197.0,1197.0,20.27339820088107,20.27,1,2,False,False,False,GREEN,False,"Composite outbreak-risk score is 20.3, producing a GREEN alert. Supporting evidence: Objective A atypical/emerging evidence (48.1); severity burden from disease D008 (73.1)."
2026-06-01,S027,Dehydration,0.0,0.0,0.0,0,10,27.0,0.0,0.0,0.0,D008,48.106,42.95,55.84,73.08532133920711,31.0,1197.0,1197.0,19.823398200881066,19.82,1,2,False,False,False,GREEN,False,"Composite outbreak-risk score is 19.8, producing a GREEN alert. Supporting evidence: Objective A atypical/emerging evidence (48.1); severity burden from disease D008 (73.1)."
2026-06-01,S009,Runny Nose,0.0,0.0,0.0,0,10,30.0,0.0,0.0,0.0,,0.0,,,0.0,0.0,,0.0,4.5,4.5,0,0,False,False,False,GREEN,False,"Composite outbreak-risk score is 4.5, producing a GREEN alert. No major corroborating outbreak signals were detected."
2026-06-08,S027,Dehydration,94.0,inf,inf,7,10,54.5,40.0,40.67,73.33,D008,48.106,42.95,55.84,76.14201559485382,51.0,1183.0,1183.0,61.60690233922807,61.61,3,7,True,True,True,ORANGE,True,"Composite outbreak-risk score is 61.6, producing a ORANGE alert. Supporting evidence: historical baseline deviation (94.0); statistical anomaly (54.5); temporal acceleration (40.0); persistent signal (40.7); spatial propagation (73.3); Objective A atypical/emerging evidence (48.1); severity burden from disease D008 (76.1)."
2026-06-08,S026,Anaemia,92.0,inf,400.0,6,10,50.83,23.67,26.1,60.0,D002,41.852000000000004,39.22,45.8,69.09047996817912,99.0,1068.0,1068.0,52.43877199522687,52.44,3,5,False,True,False,YELLOW,False,"Composite outbreak-risk score is 52.4, producing a YELLOW alert. Supporting evidence: historical baseline deviation (92.0); statistical anomaly (50.8); spatial propagation (60.0); Objective A atypical/emerging evidence (41.9); severity burden from disease D002 (69.1)."
2026-06-08,S025,Bleeding,92.0,inf,300.0,6,10,46.67,21.33,24.02,68.0,D001,46.728,44.36,50.28,50.68325684541399,147.0,1765.0,1765.0,50.0782885268121,50.08,2,5,False,True,False,YELLOW,False,"Composite outbreak-risk score is 50.1, producing a YELLOW alert. Supporting evidence: historical baseline deviation (92.0); statistical anomaly (46.7); spatial propagation (68.0); Objective A atypical/emerging evidence (46.7); severity burden from disease D001 (50.7)."
2026-06-08,S023,Weight Loss,88.0,inf,500.0,4,10,43.65,18.3,21.32,31.0,D006,47.236000000000004,42.56,54.25,91.4155896615434,39.0,275.0,275.0,48.776438449231506,48.78,2,4,False,False,False,YELLOW,False,"Composite outbreak-risk score is 48.8, producing a YELLOW alert. Supporting evidence: historical baseline deviation (88.0); statistical anomaly (43.6); Objective A atypical/emerging evidence (47.2); severity burden from disease D006 (91.4)."
2026-06-08,S010,Breathlessness,90.0,inf,166.66666666666669,5,10,35.65,5.31,9.73,53.0,D005,55.126000000000005,53.05,58.24,83.79299547120341,104.0,1397.0,1397.0,47.13504932068051,47.14,3,5,False,True,False,YELLOW,False,"Composite outbreak-risk score is 47.1, producing a YELLOW alert. Supporting evidence: historical baseline deviation (90.0); statistical anomaly (35.6); spatial propagation (53.0); Objective A atypical/emerging evidence (55.1); severity burden from disease D005 (83.8)."
2026-06-08,S011,Chest Pain,86.0,inf,inf,3,10,31.76,9.52,32.54,18.5,D006,47.236000000000004,42.56,54.25,91.4155896615434,39.0,275.0,275.0,45.18393844923151,45.18,2,3,False,False,False,YELLOW,False,"Composite outbreak-risk score is 45.2, producing a YELLOW alert. Supporting evidence: historical baseline deviation (86.0); Objective A atypical/emerging evidence (47.2); severity burden from disease D006 (91.4)."
2026-06-08,S024,Night Sweats,85.0,inf,83.33333333333334,5,10,34.49,2.97,7.65,39.0,D006,47.236000000000004,42.56,54.25,91.4155896615434,39.0,275.0,275.0,43.80243844923151,43.8,2,4,False,True,False,YELLOW,False,"Composite outbreak-risk score is 43.8, producing a YELLOW alert. Supporting evidence: historical baseline deviation (85.0); spatial propagation (39.0); Objective A atypical/emerging evidence (47.2); severity burden from disease D006 (91.4)."
2026-06-08,S007,Persistent Cough,71.42857142857143,inf,38.095238095238095,5,10,31.53,3.06,7.73,54.0,D006,47.236000000000004,42.56,54.25,91.4155896615434,39.0,275.0,275.0,43.59822416351722,43.6,2,4,False,True,False,YELLOW,False,"Composite outbreak-risk score is 43.6, producing a YELLOW alert. Supporting evidence: historical baseline deviation (71.4); spatial propagation (54.0); Objective A atypical/emerging evidence (47.2); severity burden from disease D006 (91.4)."
2026-06-08,S012,Loss of Taste,88.0,inf,114.28571428571428,4,10,34.49,2.98,7.66,37.0,D005,55.126000000000005,53.05,58.24,83.79299547120341,104.0,1397.0,1397.0,43.60104932068051,43.6,3,4,False,True,False,YELLOW,False,"Composite outbreak-risk score is 43.6, producing a YELLOW alert. Supporting evidence: historical baseline deviation (88.0); spatial propagation (37.0); Objective A atypical/emerging evidence (55.1); severity burden from disease D005 (83.8)."
2026-06-08,S013,Loss of Smell,90.0,inf,126.66666666666666,5,10,33.97,1.95,6.74,37.0,D005,55.126000000000005,53.05,58.24,83.79299547120341,104.0,1397.0,1397.0,43.530549320680514,43.53,3,4,False,True,False,YELLOW,False,"Composite outbreak-risk score is 43.5, producing a YELLOW alert. Supporting evidence: historical baseline deviation (90.0); spatial propagation (37.0); Objective A atypical/emerging evidence (55.1); severity burden from disease D005 (83.8)."
2026-06-08,S022,Loss of Appetite,78.5,inf,55.00000000000001,6,10,33.31,3.61,8.22,39.0,D007,47.278000000000006,45.57,49.84,77.01715127101542,34.0,490.0,490.0,40.676372690652315,40.68,2,4,False,True,False,YELLOW,False,"Composite outbreak-risk score is 40.7, producing a YELLOW alert. Supporting evidence: historical baseline deviation (78.5); spatial propagation (39.0); Objective A atypical/emerging evidence (47.3); severity burden from disease D007 (77.0)."
2026-06-08,S006,Dry Cough,71.0,inf,16.666666666666664,8,10,30.57,1.14,6.01,11.0,D005,55.126000000000005,53.05,58.24,83.79299547120341,104.0,1397.0,1397.0,36.03954932068051,36.04,3,3,False,False,False,YELLOW,False,"Composite outbreak-risk score is 36.0, producing a YELLOW alert. Supporting evidence: historical baseline deviation (71.0); Objective A atypical/emerging evidence (55.1); severity burden from disease D005 (83.8)."
2026-06-08,S008,Sore Throat,67.9080459770115,inf,13.026819923371647,7,10,30.37,0.73,5.65,3.0,D005,55.126000000000005,53.05,58.24,83.79299547120341,104.0,1397.0,1397.0,34.23025621723224,34.23,3,3,False,False,False,GREEN,False,"Composite outbreak-risk score is 34.2, producing a GREEN alert. Supporting evidence: historical baseline deviation (67.9); Objective A atypical/emerging evidence (55.1); severity burden from disease D005 (83.8)."
2026-06-08,S021,Abdominal Pain,64.25,inf,20.833333333333336,4,10,30.0,0.0,5.0,11.0,D008,48.106,42.95,55.84,76.14201559485382,51.0,1183.0,1183.0,32.76940233922807,32.77,2,3,False,False,False,GREEN,False,"Composite outbreak-risk score is 32.8, producing a GREEN alert. Supporting evidence: historical baseline deviation (64.2); Objective A atypical/emerging evidence (48.1); severity burden from disease D008 (76.1)."
2026-06-08,S018,Nausea,66.9090909090909,inf,36.36363636363637,3,10,30.0,0.0,5.0,25.0,D001,57.378,51.15,66.72,50.68325684541399,147.0,1765.0,1765.0,32.376652163175734,32.38,2,3,False,False,False,GREEN,False,"Composite outbreak-risk score is 32.4, producing a GREEN alert. Supporting evidence: historical baseline deviation (66.9); Objective A atypical/emerging evidence (57.4); severity burden from disease D001 (50.7)."
2026-06-08,S015,Joint Pain,70.75,inf,22.5,7,10,30.99,1.99,6.77,19.0,D001,50.532,48.56,53.49,50.68325684541399,147.0,1765.0,1765.0,32.0806885268121,32.08,1,3,False,False,False,GREEN,False,"Composite outbreak-risk score is 32.1, producing a GREEN alert. Supporting evidence: historical baseline deviation (70.8); Objective A atypical/emerging evidence (50.5); severity burden from disease D001 (50.7)."
2026-06-08,S003,Fatigue,57.98795180722892,inf,6.626506024096386,3,10,30.0,0.0,5.0,0.0,D005,55.126000000000005,53.05,58.24,83.79299547120341,104.0,1397.0,1397.0,32.029742091764845,32.03,3,3,False,False,False,GREEN,False,"Composite outbreak-risk score is 32.0, producing a GREEN alert. Supporting evidence: historical baseline deviation (58.0); Objective A atypical/emerging evidence (55.1); severity burden from disease D005 (83.8)."
2026-06-08,S017,Rash,66.73469387755102,inf,22.448979591836736,5,10,30.0,0.0,5.0,19.0,D001,57.378,51.15,66.72,50.68325684541399,147.0,1765.0,1765.0,31.45049260844475,31.45,2,3,False,False,False,GREEN,False,"Composite outbreak-risk score is 31.4, producing a GREEN alert. Supporting evidence: historical baseline deviation (66.7); Objective A atypical/emerging evidence (57.4); severity burden from disease D001 (50.7)."
2026-06-08,S014,Muscle Pain,62.6551724137931,inf,15.517241379310343,4,10,30.23,0.47,5.42,19.0,D001,57.378,51.15,66.72,50.68325684541399,147.0,1765.0,1765.0,31.006564388881063,31.01,2,3,False,False,False,GREEN,False,"Composite outbreak-risk score is 31.0, producing a GREEN alert. Supporting evidence: historical baseline deviation (62.7); Objective A atypical/emerging evidence (57.4); severity burden from disease D001 (50.7)."
2026-06-08,S020,Diarrhoea,58.30769230769231,inf,7.6923076923076925,3,10,30.0,0.0,5.0,0.0,D008,48.106,42.95,55.84,76.14201559485382,51.0,1183.0,1183.0,30.228056185381917,30.23,2,3,False,False,False,GREEN,False,"Composite outbreak-risk score is 30.2, producing a GREEN alert. Supporting evidence: historical baseline deviation (58.3); Objective A atypical/emerging evidence (48.1); severity burden from disease D008 (76.1)."
2026-06-08,S016,Retro-orbital Pain,60.774193548387096,inf,22.58064516129032,2,10,30.0,0.0,5.0,11.0,D001,46.812,44.84,49.77,50.68325684541399,147.0,1765.0,1765.0,28.299817559070163,28.3,1,3,False,False,False,GREEN,False,"Composite outbreak-risk score is 28.3, producing a GREEN alert. Supporting evidence: historical baseline deviation (60.8); Objective A atypical/emerging evidence (46.8); severity burden from disease D001 (50.7)."
2026-06-08,S004,Chills,56.368421052631575,inf,7.894736842105263,2,10,30.0,0.0,5.0,0.0,D002,41.852000000000004,39.22,45.8,69.09047996817912,99.0,1068.0,1068.0,28.254035153121606,28.25,2,3,False,False,False,GREEN,False,"Composite outbreak-risk score is 28.2, producing a GREEN alert. Supporting evidence: historical baseline deviation (56.4); Objective A atypical/emerging evidence (41.9); severity burden from disease D002 (69.1)."
2026-06-08,S005,Sweating,56.368421052631575,inf,7.894736842105263,2,10,30.0,0.0,5.0,0.0,D002,41.852000000000004,39.22,45.8,69.09047996817912,99.0,1068.0,1068.0,28.254035153121606,28.25,2,3,False,False,False,GREEN,False,"Composite outbreak-risk score is 28.2, producing a GREEN alert. Supporting evidence: historical baseline deviation (56.4); Objective A atypical/emerging evidence (41.9); severity burden from disease D002 (69.1)."
2026-06-08,S001,Fever,62.966442953020135,inf,3.2214765100671143,6,10,30.0,0.0,5.0,0.0,D001,57.378,51.15,66.72,50.68325684541399,147.0,1765.0,1765.0,28.035254969765116,28.04,2,3,False,False,False,GREEN,False,"Composite outbreak-risk score is 28.0, producing a GREEN alert. Supporting evidence: historical baseline deviation (63.0); Objective A atypical/emerging evidence (57.4); severity burden from disease D001 (50.7)."
2026-06-08,S019,Vomiting,57.51260504201681,inf,5.042016806722689,3,10,30.0,0.0,5.0,0.0,D001,57.378,51.15,66.72,50.68325684541399,147.0,1765.0,1765.0,27.21717928311462,27.22,2,3,False,False,False,GREEN,False,"Composite outbreak-risk score is 27.2, producing a GREEN alert. Supporting evidence: historical baseline deviation (57.5); Objective A atypical/emerging evidence (57.4); severity burden from disease D001 (50.7)."
2026-06-08,S002,Headache,56.28169014084507,inf,7.605633802816901,2,10,30.0,0.0,5.0,0.0,D001,57.378,51.15,66.72,50.68325684541399,147.0,1765.0,1765.0,27.032542047938858,27.03,2,3,False,False,False,GREEN,False,"Composite outbreak-risk score is 27.0, producing a GREEN alert. Supporting evidence: historical baseline deviation (56.3); Objective A atypical/emerging evidence (57.4); severity burden from disease D001 (50.7)."
2026-06-08,S009,Runny Nose,69.00729927007299,inf,23.35766423357664,6,10,31.49,2.97,7.65,35.0,,0.0,,,0.0,0.0,,0.0,21.917594890510948,21.92,1,2,False,True,False,GREEN,False,"Composite outbreak-risk score is 21.9, producing a GREEN alert. Supporting evidence: historical baseline deviation (69.0); spatial propagation (35.0)."
2026-06-15,S023,Weight Loss,86.0,inf,200.0,3,10,54.08,39.04,59.29,71.0,D006,47.236000000000004,42.56,54.25,93.52891666785482,52.0,290.0,290.0,65.16443750017822,65.16,4,7,True,True,True,ORANGE,True,"Composite outbreak-risk score is 65.2, producing a ORANGE alert. Supporting evidence: historical baseline deviation (86.0); statistical anomaly (54.1); temporal acceleration (39.0); persistent signal (59.3); spatial propagation (71.0); Objective A atypical/emerging evidence (47.2); severity burden from disease D006 (93.5)."
2026-06-15,S024,Night Sweats,90.0,inf,100.0,5,10,41.17,21.1,35.19,85.0,D006,47.236000000000004,42.56,54.25,93.52891666785482,52.0,290.0,290.0,59.62193750017822,59.62,3,6,True,True,False,ORANGE,True,"Composite outbreak-risk score is 59.6, producing a ORANGE alert. Supporting evidence: historical baseline deviation (90.0); statistical anomaly (41.2); persistent signal (35.2); spatial propagation (85.0); Objective A atypical/emerging evidence (47.2); severity burden from disease D006 (93.5)."
2026-06-15,S011,Chest Pain,86.0,inf,500.0,3,10,46.67,39.9,48.22,47.0,D006,47.236000000000004,42.56,54.25,93.52891666785482,52.0,290.0,290.0,58.921437500178214,58.92,2,7,True,True,True,ORANGE,True,"Composite outbreak-risk score is 58.9, producing a ORANGE alert. Supporting evidence: historical baseline deviation (86.0); statistical anomaly (46.7); temporal acceleration (39.9); persistent signal (48.2); spatial propagation (47.0); Objective A atypical/emerging evidence (47.2); severity burden from disease D006 (93.5)."
2026-06-15,S025,Bleeding,88.0,inf,300.0,4,10,41.1,28.62,62.62,60.86,D001,46.728,44.36,50.28,58.005636636044166,146.0,1691.0,1691.0,55.55364549540662,55.55,4,6,True,True,False,ORANGE,True,"Composite outbreak-risk score is 55.5, producing a ORANGE alert. Supporting evidence: historical baseline deviation (88.0); statistical anomaly (41.1); persistent signal (62.6); spatial propagation (60.9); Objective A atypical/emerging evidence (46.7); severity burden from disease D001 (58.0)."
2026-06-15,S026,Anaemia,88.0,inf,100.0,4,10,35.25,10.5,45.51,59.25,D002,41.852000000000004,39.22,45.8,85.69223801835018,98.0,1111.0,1111.0,52.81553570275253,52.82,3,6,True,True,False,YELLOW,False,"Composite outbreak-risk score is 52.8, producing a YELLOW alert. Supporting evidence: historical baseline deviation (88.0); statistical anomaly (35.2); persistent signal (45.5); spatial propagation (59.2); Objective A atypical/emerging evidence (41.9); severity burden from disease D002 (85.7)."
2026-06-15,S007,Persistent Cough,79.25,6.010407640085654,70.83333333333334,4,10,33.36,4.2,21.52,65.0,D006,47.236000000000004,42.56,54.25,93.52891666785482,52.0,290.0,290.0,49.25243750017822,49.25,3,4,False,True,False,YELLOW,False,"Composite outbreak-risk score is 49.2, producing a YELLOW alert. Supporting evidence: historical baseline deviation (79.2); spatial propagation (65.0); Objective A atypical/emerging evidence (47.2); severity burden from disease D006 (93.5)."
2026-06-15,S027,Dehydration,82.0,12.020815280171307,242.85714285714283,1,10,35.61,5.22,41.64,43.0,D008,48.106,42.95,55.84,78.2496022413856,49.0,1270.0,1270.0,47.66854033620784,47.67,2,6,True,True,False,YELLOW,False,"Composite outbreak-risk score is 47.7, producing a YELLOW alert. Supporting evidence: historical baseline deviation (82.0); statistical anomaly (35.6); persistent signal (41.6); spatial propagation (43.0); Objective A atypical/emerging evidence (48.1); severity burden from disease D008 (78.2)."
2026-06-15,S021,Abdominal Pain,69.67741935483872,inf,32.25806451612903,5,10,32.88,10.34,23.52,68.0,D008,48.106,42.95,55.84,78.2496022413856,49.0,1270.0,1270.0,47.21065323943365,47.21,3,4,False,True,False,YELLOW,False,"Composite outbreak-risk score is 47.2, producing a YELLOW alert. Supporting evidence: historical baseline deviation (69.7); spatial propagation (68.0); Objective A atypical/emerging evidence (48.1); severity burden from disease D008 (78.2)."
2026-06-15,S022,Loss of Appetite,65.84615384615384,inf,26.15384615384616,4,10,30.71,1.43,16.77,55.0,D007,47.278000000000006,45.57,49.84,70.33167444932707,38.0,504.0,504.0,40.74097424432214,40.74,3,4,False,True,False,YELLOW,False,"Composite outbreak-risk score is 40.7, producing a YELLOW alert. Supporting evidence: historical baseline deviation (65.8); spatial propagation (55.0); Objective A atypical/emerging evidence (47.3); severity burden from disease D007 (70.3)."
2026-06-15,S020,Diarrhoea,67.3125,inf,17.708333333333336,6,10,31.44,5.1,18.1,27.0,D008,48.106,42.95,55.84,78.2496022413856,49.0,1270.0,1270.0,38.89091533620784,38.89,2,3,False,False,False,YELLOW,False,"Composite outbreak-risk score is 38.9, producing a YELLOW alert. Supporting evidence: historical baseline deviation (67.3); Objective A atypical/emerging evidence (48.1); severity burden from disease D008 (78.2)."
2026-06-15,S017,Rash,66.48192771084337,inf,34.93975903614458,3,10,30.54,2.43,13.15,35.0,D001,57.378,51.15,66.72,58.005636636044166,146.0,1691.0,1691.0,36.578934652033126,36.58,3,4,False,True,False,YELLOW,False,"Composite outbreak-risk score is 36.6, producing a YELLOW alert. Supporting evidence: historical baseline deviation (66.5); spatial propagation (35.0); Objective A atypical/emerging evidence (57.4); severity burden from disease D001 (58.0)."
2026-06-15,S003,Fatigue,59.5700325732899,3.792663644546028,18.566775244299677,2,10,30.19,2.37,13.13,17.0,D005,55.126000000000005,53.05,58.24,77.75230817695072,95.0,1382.0,1382.0,35.51445111253609,35.51,3,3,False,False,False,YELLOW,False,"Composite outbreak-risk score is 35.5, producing a YELLOW alert. Supporting evidence: historical baseline deviation (59.6); Objective A atypical/emerging evidence (55.1); severity burden from disease D005 (77.8)."
2026-06-15,S004,Chills,62.0,12.020815280171307,26.666666666666668,2,10,31.36,7.13,7.16,9.0,D002,41.852000000000004,39.22,45.8,85.69223801835018,98.0,1111.0,1111.0,34.53653570275253,34.54,2,3,False,False,False,GREEN,False,"Composite outbreak-risk score is 34.5, producing a GREEN alert. Supporting evidence: historical baseline deviation (62.0); Objective A atypical/emerging evidence (41.9); severity burden from disease D002 (85.7)."
2026-06-15,S005,Sweating,62.0,12.020815280171307,26.666666666666668,2,10,31.36,7.13,7.16,9.0,D002,41.852000000000004,39.22,45.8,85.69223801835018,98.0,1111.0,1111.0,34.53653570275253,34.54,2,3,False,False,False,GREEN,False,"Composite outbreak-risk score is 34.5, producing a GREEN alert. Supporting evidence: historical baseline deviation (62.0); Objective A atypical/emerging evidence (41.9); severity burden from disease D002 (85.7)."
2026-06-15,S012,Loss of Taste,65.63636363636363,4.00693842672377,45.45454545454545,1,10,32.3,1.6,12.93,3.0,D005,55.126000000000005,53.05,58.24,77.75230817695072,95.0,1382.0,1382.0,34.49540077199715,34.5,3,3,False,False,False,GREEN,False,"Composite outbreak-risk score is 34.5, producing a GREEN alert. Supporting evidence: historical baseline deviation (65.6); Objective A atypical/emerging evidence (55.1); severity burden from disease D005 (77.8)."
2026-06-15,S019,Vomiting,66.8904593639576,inf,22.968197879858657,5,10,31.36,5.55,17.79,11.0,D001,57.378,51.15,66.72,58.005636636044166,146.0,1691.0,1691.0,34.327214400000265,34.33,3,3,False,False,False,GREEN,False,"Composite outbreak-risk score is 34.3, producing a GREEN alert. Supporting evidence: historical baseline deviation (66.9); Objective A atypical/emerging evidence (57.4); severity burden from disease D001 (58.0)."
2026-06-15,S013,Loss of Smell,62.40816326530612,3.5355339059327373,34.69387755102041,1,10,30.0,0.0,12.5,3.0,D005,55.126000000000005,53.05,58.24,77.75230817695072,95.0,1382.0,1382.0,33.36167071633852,33.36,3,3,False,False,False,GREEN,False,"Composite outbreak-risk score is 33.4, producing a GREEN alert. Supporting evidence: historical baseline deviation (62.4); Objective A atypical/emerging evidence (55.1); severity burden from disease D005 (77.8)."
2026-06-15,S018,Nausea,55.97232276580114,2.45803785841038,36.68341708542713,2,10,31.66,6.05,18.26,11.0,D001,57.378,51.15,66.72,58.005636636044166,146.0,1691.0,1691.0,32.879993910276795,32.88,3,3,False,False,False,GREEN,False,"Composite outbreak-risk score is 32.9, producing a GREEN alert. Supporting evidence: historical baseline deviation (56.0); Objective A atypical/emerging evidence (57.4); severity burden from disease D001 (58.0)."
2026-06-15,S008,Sore Throat,58.89036544850499,4.00693842672377,9.634551495016613,3,10,30.0,0.0,15.0,0.0,D005,55.126000000000005,53.05,58.24,77.75230817695072,95.0,1382.0,1382.0,32.75900104381835,32.76,3,3,False,False,False,GREEN,False,"Composite outbreak-risk score is 32.8, producing a GREEN alert. Supporting evidence: historical baseline deviation (58.9); Objective A atypical/emerging evidence (55.1); severity burden from disease D005 (77.8)."
2026-06-15,S006,Dry Cough,53.431601272534465,6.363961030678928,4.7720042417815485,1,10,30.0,0.0,15.0,0.0,D005,55.126000000000005,53.05,58.24,77.75230817695072,95.0,1382.0,1382.0,31.94018641742278,31.94,2,3,False,False,False,GREEN,False,"Composite outbreak-risk score is 31.9, producing a GREEN alert. Supporting evidence: historical baseline deviation (53.4); Objective A atypical/emerging evidence (55.1); severity burden from disease D005 (77.8)."
2026-06-15,S016,Retro-orbital Pain,56.01273885350319,7.424621202458749,13.375796178343949,1,10,30.0,0.36,5.1,3.0,D001,46.812,44.84,49.77,58.005636636044166,146.0,1691.0,1691.0,27.552956323432102,27.55,2,3,False,False,False,GREEN,False,"Composite outbreak-risk score is 27.6, producing a GREEN alert. Supporting evidence: historical baseline deviation (56.0); Objective A atypical/emerging evidence (46.8); severity burden from disease D001 (58.0)."
2026-06-15,S010,Breathlessness,19.966931201593972,0.7071067811865475,27.27272727272727,0,10,34.75,3.51,0.94,0.0,D005,55.126000000000005,53.05,58.24,77.75230817695072,95.0,1382.0,1382.0,26.050485906781702,26.05,2,2,False,False,False,GREEN,False,"Composite outbreak-risk score is 26.1, producing a GREEN alert. Supporting evidence: Objective A atypical/emerging evidence (55.1); severity burden from disease D005 (77.8)."
2026-06-15,S002,Headache,25.749055951934846,1.4404027024170412,5.807814149947202,0,10,30.0,0.98,5.26,0.0,D001,57.378,51.15,66.72,58.005636636044166,146.0,1691.0,1691.0,23.737003888196853,23.74,2,2,False,False,False,GREEN,False,"Composite outbreak-risk score is 23.7, producing a GREEN alert. Supporting evidence: Objective A atypical/emerging evidence (57.4); severity burden from disease D001 (58.0)."
2026-06-15,S014,Muscle Pain,12.279344074525156,0.6527139518645054,4.669260700389105,0,10,30.0,0.0,0.0,0.0,D001,57.378,51.15,66.72,58.005636636044166,146.0,1691.0,1691.0,20.7805471065854,20.78,2,2,False,False,False,GREEN,False,"Composite outbreak-risk score is 20.8, producing a GREEN alert. Supporting evidence: Objective A atypical/emerging evidence (57.4); severity burden from disease D001 (58.0)."
2026-06-15,S001,Fever,8.173782964306714,0.4714045207910317,1.056803170409511,0,10,30.0,0.0,0.0,0.0,D001,57.378,51.15,66.72,58.005636636044166,146.0,1691.0,1691.0,20.16471294005263,20.16,2,2,False,False,False,GREEN,False,"Composite outbreak-risk score is 20.2, producing a GREEN alert. Supporting evidence: Objective A atypical/emerging evidence (57.4); severity burden from disease D001 (58.0)."
2026-06-15,S015,Joint Pain,12.623440013100726,0.6023502210107626,8.614232209737828,0,10,30.0,0.0,0.0,0.0,D001,50.532,48.56,53.49,58.005636636044166,146.0,1691.0,1691.0,20.147561497371733,20.15,1,2,False,False,False,GREEN,False,"Composite outbreak-risk score is 20.1, producing a GREEN alert. Supporting evidence: Objective A atypical/emerging evidence (50.5); severity burden from disease D001 (58.0)."
2026-06-15,S009,Runny Nose,26.497055307844263,1.414213562373095,9.75609756097561,0,10,30.0,0.0,5.0,0.0,,0.0,,,0.0,0.0,,0.0,9.224558296176639,9.22,0,0,False,False,False,GREEN,False,"Composite outbreak-risk score is 9.2, producing a GREEN alert. No major corroborating outbreak signals were detected."
2026-06-22,S027,Dehydration,82.0,4.618802153517005,125.0,1,10,48.72,40.59,60.74,83.0,D008,48.106,42.95,55.84,76.08125746653734,57.0,1212.0,1212.0,63.4802886199806,63.48,4,7,True,True,True,ORANGE,True,"Composite outbreak-risk score is 63.5, producing a ORANGE alert. Supporting evidence: historical baseline deviation (82.0); statistical anomaly (48.7); temporal acceleration (40.6); persistent signal (60.7); spatial propagation (83.0); Objective A atypical/emerging evidence (48.1); severity burden from disease D008 (76.1)."
2026-06-22,S023,Weight Loss,88.0,3.7097041340118704,242.85714285714283,4,10,41.72,11.44,49.56,66.0,D006,47.236000000000004,42.56,54.25,92.42970392586398,46.0,270.0,270.0,57.096055588879594,57.1,3,6,True,True,False,ORANGE,True,"Composite outbreak-risk score is 57.1, producing a ORANGE alert. Supporting evidence: historical baseline deviation (88.0); statistical anomaly (41.7); persistent signal (49.6); spatial propagation (66.0); Objective A atypical/emerging evidence (47.2); severity burden from disease D006 (92.4)."
2026-06-22,S011,Chest Pain,82.0,6.350852961085884,275.00000000000006,1,10,39.11,12.22,55.07,23.67,D006,47.236000000000004,42.56,54.25,92.42970392586398,46.0,270.0,270.0,50.39855558887959,50.4,3,5,True,False,False,YELLOW,False,"Composite outbreak-risk score is 50.4, producing a YELLOW alert. Supporting evidence: historical baseline deviation (82.0); statistical anomaly (39.1); persistent signal (55.1); Objective A atypical/emerging evidence (47.2); severity burden from disease D006 (92.4)."
2026-06-22,S012,Loss of Taste,70.32599742991957,2.8368325730679014,56.81818181818182,3,10,42.39,21.15,28.88,51.0,D005,55.126000000000005,53.05,58.24,75.04973487206884,106.0,1453.0,1453.0,48.83195984529826,48.83,3,5,False,True,False,YELLOW,False,"Composite outbreak-risk score is 48.8, producing a YELLOW alert. Supporting evidence: historical baseline deviation (70.3); statistical anomaly (42.4); spatial propagation (51.0); Objective A atypical/emerging evidence (55.1); severity burden from disease D005 (75.0)."
2026-06-22,S024,Night Sweats,84.0,5.484827557301445,135.7142857142857,2,10,34.39,2.79,27.51,49.0,D006,47.236000000000004,42.56,54.25,92.42970392586398,46.0,270.0,270.0,48.24155558887959,48.24,2,4,False,True,False,YELLOW,False,"Composite outbreak-risk score is 48.2, producing a YELLOW alert. Supporting evidence: historical baseline deviation (84.0); spatial propagation (49.0); Objective A atypical/emerging evidence (47.2); severity burden from disease D006 (92.4)."
2026-06-22,S025,Bleeding,74.00661320993194,2.400396792595916,150.0,2,10,34.2,5.4,35.58,65.0,D001,46.728,44.36,50.28,62.75247798017615,144.0,1834.0,1834.0,46.21366367851621,46.21,3,5,True,True,False,YELLOW,False,"Composite outbreak-risk score is 46.2, producing a YELLOW alert. Supporting evidence: historical baseline deviation (74.0); persistent signal (35.6); spatial propagation (65.0); Objective A atypical/emerging evidence (46.7); severity burden from disease D001 (62.8)."
2026-06-22,S026,Anaemia,84.0,6.350852961085883,200.0,2,10,29.69,9.95,30.88,37.57,D002,41.852000000000004,39.22,45.8,79.49799074797394,89.0,1118.0,1118.0,44.92339861219609,44.92,2,4,False,True,False,YELLOW,False,"Composite outbreak-risk score is 44.9, producing a YELLOW alert. Supporting evidence: historical baseline deviation (84.0); spatial propagation (37.6); Objective A atypical/emerging evidence (41.9); severity burden from disease D002 (79.5)."
2026-06-22,S007,Persistent Cough,71.01492537313433,3.042434922296655,56.71641791044777,2,10,31.5,0.0,17.83,41.0,D006,47.236000000000004,42.56,54.25,92.42970392586398,46.0,270.0,270.0,42.78979439484974,42.79,2,4,False,True,False,YELLOW,False,"Composite outbreak-risk score is 42.8, producing a YELLOW alert. Supporting evidence: historical baseline deviation (71.0); spatial propagation (41.0); Objective A atypical/emerging evidence (47.2); severity burden from disease D006 (92.4)."
2026-06-22,S010,Breathlessness,80.64285714285714,4.041451884327381,82.14285714285712,3,10,38.85,12.58,9.42,31.0,D005,55.126000000000005,53.05,58.24,75.04973487206884,106.0,1453.0,1453.0,42.643988802238894,42.64,3,4,False,False,False,YELLOW,False,"Composite outbreak-risk score is 42.6, producing a YELLOW alert. Supporting evidence: historical baseline deviation (80.6); statistical anomaly (38.9); Objective A atypical/emerging evidence (55.1); severity burden from disease D005 (75.0)."
2026-06-22,S013,Loss of Smell,51.767214251508825,2.155263624321299,46.15384615384615,1,10,38.68,21.62,25.88,27.0,D005,55.126000000000005,53.05,58.24,75.04973487206884,106.0,1453.0,1453.0,41.51214236853665,41.51,2,4,False,False,False,YELLOW,False,"Composite outbreak-risk score is 41.5, producing a YELLOW alert. Supporting evidence: historical baseline deviation (51.8); statistical anomaly (38.7); Objective A atypical/emerging evidence (55.1); severity burden from disease D005 (75.0)."
2026-06-22,S017,Rash,69.49450549450549,4.138119259730432,51.64835164835166,2,10,34.74,5.27,7.46,39.0,D001,57.378,51.15,66.72,62.75247798017615,144.0,1834.0,1834.0,38.545347521202245,38.55,3,4,False,True,False,YELLOW,False,"Composite outbreak-risk score is 38.5, producing a YELLOW alert. Supporting evidence: historical baseline deviation (69.5); spatial propagation (39.0); Objective A atypical/emerging evidence (57.4); severity burden from disease D001 (62.8)."
2026-06-22,S022,Loss of Appetite,65.02941176470588,5.455447255899807,36.764705882352935,2,10,30.0,0.0,17.5,39.0,D007,47.278000000000006,45.57,49.84,70.18246136730441,36.0,497.0,497.0,37.98458096980154,37.98,2,4,False,True,False,YELLOW,False,"Composite outbreak-risk score is 38.0, producing a YELLOW alert. Supporting evidence: historical baseline deviation (65.0); spatial propagation (39.0); Objective A atypical/emerging evidence (47.3); severity burden from disease D007 (70.2)."
2026-06-22,S006,Dry Cough,58.33130699088146,6.992342750670703,14.437689969604858,2,10,30.83,3.55,21.73,11.0,D005,55.126000000000005,53.05,58.24,75.04973487206884,106.0,1453.0,1453.0,35.586256279442544,35.59,3,3,False,False,False,YELLOW,False,"Composite outbreak-risk score is 35.6, producing a YELLOW alert. Supporting evidence: historical baseline deviation (58.3); Objective A atypical/emerging evidence (55.1); severity burden from disease D005 (75.0)."
2026-06-22,S008,Sore Throat,58.880382775119614,3.4837455331342047,16.26794258373205,2,10,30.77,2.91,19.05,3.0,D005,55.126000000000005,53.05,58.24,75.04973487206884,106.0,1453.0,1453.0,33.96161764707826,33.96,3,3,False,False,False,GREEN,False,"Composite outbreak-risk score is 34.0, producing a GREEN alert. Supporting evidence: historical baseline deviation (58.9); Objective A atypical/emerging evidence (55.1); severity burden from disease D005 (75.0)."
2026-06-22,S021,Abdominal Pain,60.22641509433962,12.701705922171769,20.75471698113208,2,10,30.0,0.0,15.11,11.0,D008,48.106,42.95,55.84,76.08125746653734,57.0,1212.0,1212.0,33.67325088413155,33.67,2,3,False,False,False,GREEN,False,"Composite outbreak-risk score is 33.7, producing a GREEN alert. Supporting evidence: historical baseline deviation (60.2); Objective A atypical/emerging evidence (48.1); severity burden from disease D008 (76.1)."
2026-06-22,S004,Chills,60.9364161849711,5.405899027195886,23.121387283237,2,10,30.0,0.0,12.58,11.0,D002,41.852000000000004,39.22,45.8,79.49799074797394,89.0,1118.0,1118.0,33.28736103994176,33.29,2,3,False,False,False,GREEN,False,"Composite outbreak-risk score is 33.3, producing a GREEN alert. Supporting evidence: historical baseline deviation (60.9); Objective A atypical/emerging evidence (41.9); severity burden from disease D002 (79.5)."
2026-06-22,S005,Sweating,60.9364161849711,5.405899027195886,23.121387283237,2,10,30.0,0.0,12.58,11.0,D002,41.852000000000004,39.22,45.8,79.49799074797394,89.0,1118.0,1118.0,33.28736103994176,33.29,2,3,False,False,False,GREEN,False,"Composite outbreak-risk score is 33.3, producing a GREEN alert. Supporting evidence: historical baseline deviation (60.9); Objective A atypical/emerging evidence (41.9); severity burden from disease D002 (79.5)."
2026-06-22,S020,Diarrhoea,57.785488958990534,11.547005383792532,12.618296529968449,2,10,30.0,0.0,15.0,11.0,D008,48.106,42.95,55.84,76.08125746653734,57.0,1212.0,1212.0,33.29061196382918,33.29,2,3,False,False,False,GREEN,False,"Composite outbreak-risk score is 33.3, producing a GREEN alert. Supporting evidence: historical baseline deviation (57.8); Objective A atypical/emerging evidence (48.1); severity burden from disease D008 (76.1)."
2026-06-22,S014,Muscle Pain,62.31478968792402,3.412500738508723,14.38263229308006,4,10,31.18,5.37,7.21,11.0,D001,57.378,51.15,66.72,62.75247798017615,144.0,1834.0,1834.0,32.71189015021503,32.71,3,3,False,False,False,GREEN,False,"Composite outbreak-risk score is 32.7, producing a GREEN alert. Supporting evidence: historical baseline deviation (62.3); Objective A atypical/emerging evidence (57.4); severity burden from disease D001 (62.8)."
2026-06-22,S016,Retro-orbital Pain,63.11363636363636,9.23760430703397,17.045454545454543,4,10,31.77,6.69,8.3,14.0,D001,46.812,44.84,49.77,62.75247798017615,144.0,1834.0,1834.0,32.67511715157188,32.68,2,3,False,False,False,GREEN,False,"Composite outbreak-risk score is 32.7, producing a GREEN alert. Supporting evidence: historical baseline deviation (63.1); Objective A atypical/emerging evidence (46.8); severity burden from disease D001 (62.8)."
2026-06-22,S018,Nausea,61.84090909090909,6.379052256590136,26.13636363636364,2,10,30.0,0.0,12.5,11.0,D001,57.378,51.15,66.72,62.75247798017615,144.0,1834.0,1834.0,32.451808060662785,32.45,3,3,False,False,False,GREEN,False,"Composite outbreak-risk score is 32.5, producing a GREEN alert. Supporting evidence: historical baseline deviation (61.8); Objective A atypical/emerging evidence (57.4); severity burden from disease D001 (62.8)."
2026-06-22,S003,Fatigue,57.812154696132595,5.2915026221291805,12.70718232044199,2,10,31.44,4.76,7.46,3.0,D005,55.126000000000005,53.05,58.24,75.04973487206884,106.0,1453.0,1453.0,32.44088343523021,32.44,3,3,False,False,False,GREEN,False,"Composite outbreak-risk score is 32.4, producing a GREEN alert. Supporting evidence: historical baseline deviation (57.8); Objective A atypical/emerging evidence (55.1); severity burden from disease D005 (75.0)."
2026-06-22,S019,Vomiting,58.084158415841586,5.220368976638746,13.613861386138623,2,10,30.0,0.0,15.37,11.0,D001,57.378,51.15,66.72,62.75247798017615,144.0,1834.0,1834.0,32.31879545940266,32.32,3,3,False,False,False,GREEN,False,"Composite outbreak-risk score is 32.3, producing a GREEN alert. Supporting evidence: historical baseline deviation (58.1); Objective A atypical/emerging evidence (57.4); severity burden from disease D001 (62.8)."
2026-06-22,S001,Fever,67.07643312101911,19.19689645055521,10.254777070063689,7,10,30.82,3.34,6.63,3.0,D001,57.378,51.15,66.72,62.75247798017615,144.0,1834.0,1834.0,31.780636665179287,31.78,3,3,False,False,False,GREEN,False,"Composite outbreak-risk score is 31.8, producing a GREEN alert. Supporting evidence: historical baseline deviation (67.1); Objective A atypical/emerging evidence (57.4); severity burden from disease D001 (62.8)."
2026-06-22,S015,Joint Pain,46.82390078721408,2.2994340472328445,15.0,2,10,31.68,8.44,8.04,17.0,D001,50.532,48.56,53.49,62.75247798017615,144.0,1834.0,1834.0,31.263656815108533,31.26,1,3,False,False,False,GREEN,False,"Composite outbreak-risk score is 31.3, producing a GREEN alert. Supporting evidence: historical baseline deviation (46.8); Objective A atypical/emerging evidence (50.5); severity burden from disease D001 (62.8)."
2026-06-22,S002,Headache,54.88461538461539,4.444444444444445,9.615384615384617,1,10,30.76,2.78,6.25,0.0,D001,57.378,51.15,66.72,62.75247798017615,144.0,1834.0,1834.0,29.351864004718735,29.35,2,3,False,False,False,GREEN,False,"Composite outbreak-risk score is 29.4, producing a GREEN alert. Supporting evidence: historical baseline deviation (54.9); Objective A atypical/emerging evidence (57.4); severity burden from disease D001 (62.8)."
2026-06-22,S009,Runny Nose,59.2863436123348,3.1641594084218894,17.62114537444933,2,10,30.83,4.45,14.15,33.0,,0.0,,,0.0,0.0,,0.0,21.25745154185022,21.26,1,1,False,False,False,GREEN,False,"Composite outbreak-risk score is 21.3, producing a GREEN alert. Supporting evidence: historical baseline deviation (59.3)."
2026-06-29,S023,Weight Loss,82.0,3.6742346141747673,150.0,1,10,77.3,45.94,61.81,45.0,D006,47.236000000000004,42.56,54.25,75.60208739956212,47.0,301.0,301.0,62.87141310993431,62.87,4,7,True,True,True,ORANGE,True,"Composite outbreak-risk score is 62.9, producing a ORANGE alert. Supporting evidence: historical baseline deviation (82.0); statistical anomaly (77.3); temporal acceleration (45.9); persistent signal (61.8); spatial propagation (45.0); Objective A atypical/emerging evidence (47.2); severity burden from disease D006 (75.6)."
2026-06-29,S025,Bleeding,84.0,9.5,380.0,2,10,82.46,41.32,53.84,39.0,D001,46.728,44.36,50.28,73.51962616500164,137.0,1796.0,1796.0,60.793743924750245,60.79,3,7,True,True,True,ORANGE,True,"Composite outbreak-risk score is 60.8, producing a ORANGE alert. Supporting evidence: historical baseline deviation (84.0); statistical anomaly (82.5); temporal acceleration (41.3); persistent signal (53.8); spatial propagation (39.0); Objective A atypical/emerging evidence (46.7); severity burden from disease D001 (73.5)."
2026-06-29,S026,Anaemia,72.8248290463863,2.449489742783178,200.0,1,10,62.98,25.52,44.53,35.0,D002,41.852000000000004,39.22,45.8,82.46512557416737,99.0,1146.0,1146.0,52.68319319308305,52.68,3,6,True,True,False,YELLOW,False,"Composite outbreak-risk score is 52.7, producing a YELLOW alert. Supporting evidence: historical baseline deviation (72.8); statistical anomaly (63.0); persistent signal (44.5); spatial propagation (35.0); Objective A atypical/emerging evidence (41.9); severity burden from disease D002 (82.5)."
2026-06-29,S011,Chest Pain,83.8713553878169,2.8722813232690143,220.00000000000003,3,10,56.07,2.93,51.73,49.0,D006,47.236000000000004,42.56,54.25,75.60208739956212,47.0,301.0,301.0,52.604116418106855,52.6,3,6,True,True,False,YELLOW,False,"Composite outbreak-risk score is 52.6, producing a YELLOW alert. Supporting evidence: historical baseline deviation (83.9); statistical anomaly (56.1); persistent signal (51.7); spatial propagation (49.0); Objective A atypical/emerging evidence (47.2); severity burden from disease D006 (75.6)."
2026-06-29,S010,Breathlessness,76.5,4.438980226870294,75.0,2,10,62.75,0.35,30.0,41.0,D005,55.126000000000005,53.05,58.24,81.3761422523481,99.0,1438.0,1438.0,49.30902133785221,49.31,4,5,False,True,False,YELLOW,False,"Composite outbreak-risk score is 49.3, producing a YELLOW alert. Supporting evidence: historical baseline deviation (76.5); statistical anomaly (62.8); spatial propagation (41.0); Objective A atypical/emerging evidence (55.1); severity burden from disease D005 (81.4)."
2026-06-29,S022,Loss of Appetite,67.73913043478261,7.1030549646267325,39.130434782608695,3,10,66.75,7.97,27.29,49.0,D007,47.278000000000006,45.57,49.84,78.13153080557547,39.0,486.0,486.0,49.25989918605371,49.26,3,5,False,True,False,YELLOW,False,"Composite outbreak-risk score is 49.3, producing a YELLOW alert. Supporting evidence: historical baseline deviation (67.7); statistical anomaly (66.8); spatial propagation (49.0); Objective A atypical/emerging evidence (47.3); severity burden from disease D007 (78.1)."
2026-06-29,S024,Night Sweats,74.90127018922193,2.598076211353316,92.0,2,10,53.79,7.02,33.18,51.0,D006,47.236000000000004,42.56,54.25,75.60208739956212,47.0,301.0,301.0,49.04760363831761,49.05,2,5,False,True,False,YELLOW,False,"Composite outbreak-risk score is 49.0, producing a YELLOW alert. Supporting evidence: historical baseline deviation (74.9); statistical anomaly (53.8); spatial propagation (51.0); Objective A atypical/emerging evidence (47.2); severity burden from disease D006 (75.6)."
2026-06-29,S027,Dehydration,63.527079519082406,1.891624771144944,131.57894736842107,1,10,49.0,5.52,48.54,17.0,D008,48.106,42.95,55.84,70.59101610747979,53.0,1141.0,1141.0,42.937314343984326,42.94,2,5,True,False,False,YELLOW,False,"Composite outbreak-risk score is 42.9, producing a YELLOW alert. Supporting evidence: historical baseline deviation (63.5); statistical anomaly (49.0); persistent signal (48.5); Objective A atypical/emerging evidence (48.1); severity burden from disease D008 (70.6)."
2026-06-29,S012,Loss of Taste,55.536117886771116,2.110674535892834,61.19402985074627,1,10,44.77,0.0,45.87,11.0,D005,55.126000000000005,53.05,58.24,81.3761422523481,99.0,1438.0,1438.0,41.29543902086788,41.3,3,5,True,False,False,YELLOW,False,"Composite outbreak-risk score is 41.3, producing a YELLOW alert. Supporting evidence: historical baseline deviation (55.5); statistical anomaly (44.8); persistent signal (45.9); Objective A atypical/emerging evidence (55.1); severity burden from disease D005 (81.4)."
2026-06-29,S007,Persistent Cough,26.508903069807154,1.1825341841884291,22.666666666666664,0,10,42.71,11.09,30.23,29.0,D006,47.236000000000004,42.56,54.25,75.60208739956212,47.0,301.0,301.0,36.99474857040539,36.99,1,3,False,False,False,YELLOW,False,"Composite outbreak-risk score is 37.0, producing a YELLOW alert. Supporting evidence: statistical anomaly (42.7); Objective A atypical/emerging evidence (47.2); severity burden from disease D006 (75.6)."
2026-06-29,S015,Joint Pain,56.12639405204461,3.517169590410852,13.754646840148698,1,10,54.62,0.0,17.56,3.0,D001,50.532,48.56,53.49,73.51962616500164,137.0,1796.0,1796.0,35.77710303255694,35.78,2,4,False,False,False,YELLOW,False,"Composite outbreak-risk score is 35.8, producing a YELLOW alert. Supporting evidence: historical baseline deviation (56.1); statistical anomaly (54.6); Objective A atypical/emerging evidence (50.5); severity burden from disease D001 (73.5)."
2026-06-29,S006,Dry Cough,41.580739326688615,2.251940297371412,6.82800345721694,1,10,45.76,0.0,27.54,0.0,D005,55.126000000000005,53.05,58.24,81.3761422523481,99.0,1438.0,1438.0,34.95113223685551,34.95,2,4,False,False,False,GREEN,False,"Composite outbreak-risk score is 35.0, producing a GREEN alert. Supporting evidence: historical baseline deviation (41.6); statistical anomaly (45.8); Objective A atypical/emerging evidence (55.1); severity burden from disease D005 (81.4)."
2026-06-29,S008,Sore Throat,37.38448006390535,1.837551562455011,15.862068965517242,1,10,42.91,0.1,30.6,3.0,D005,55.126000000000005,53.05,58.24,81.3761422523481,99.0,1438.0,1438.0,34.81819334743802,34.82,2,4,False,False,False,GREEN,False,"Composite outbreak-risk score is 34.8, producing a GREEN alert. Supporting evidence: historical baseline deviation (37.4); statistical anomaly (42.9); Objective A atypical/emerging evidence (55.1); severity burden from disease D005 (81.4)."
2026-06-29,S013,Loss of Smell,23.655729681770296,0.8751577343945898,30.23255813953488,0,10,36.13,0.0,45.74,0.0,D005,55.126000000000005,53.05,58.24,81.3761422523481,99.0,1438.0,1438.0,33.54788079011776,33.55,2,4,True,False,False,GREEN,False,"Composite outbreak-risk score is 33.5, producing a GREEN alert. Supporting evidence: statistical anomaly (36.1); persistent signal (45.7); Objective A atypical/emerging evidence (55.1); severity burden from disease D005 (81.4)."
2026-06-29,S003,Fatigue,40.48622349842135,1.8655370462689176,17.97979797979798,2,10,43.06,0.0,18.16,3.0,D005,55.126000000000005,53.05,58.24,81.3761422523481,99.0,1438.0,1438.0,33.424954862615415,33.42,2,4,False,False,False,GREEN,False,"Composite outbreak-risk score is 33.4, producing a GREEN alert. Supporting evidence: historical baseline deviation (40.5); statistical anomaly (43.1); Objective A atypical/emerging evidence (55.1); severity burden from disease D005 (81.4)."
2026-06-29,S017,Rash,29.376958972236963,1.2997603954770751,25.71428571428571,0,10,40.69,0.18,17.57,23.0,D001,57.378,51.15,66.72,73.51962616500164,137.0,1796.0,1796.0,33.38828777058579,33.39,2,3,False,False,False,GREEN,False,"Composite outbreak-risk score is 33.4, producing a GREEN alert. Supporting evidence: statistical anomaly (40.7); Objective A atypical/emerging evidence (57.4); severity burden from disease D001 (73.5)."
2026-06-29,S014,Muscle Pain,42.27171440344685,2.274004575698253,7.905460472697637,1,10,45.92,0.0,22.5,0.0,D001,57.378,51.15,66.72,73.51962616500164,137.0,1796.0,1796.0,33.369501085267274,33.37,2,4,False,False,False,GREEN,False,"Composite outbreak-risk score is 33.4, producing a GREEN alert. Supporting evidence: historical baseline deviation (42.3); statistical anomaly (45.9); Objective A atypical/emerging evidence (57.4); severity burden from disease D001 (73.5)."
2026-06-29,S001,Fever,32.108055564717745,1.727754361920448,4.373831775700935,1,10,42.09,0.0,30.19,0.0,D001,57.378,51.15,66.72,73.51962616500164,137.0,1796.0,1796.0,32.423952259457906,32.42,2,3,False,False,False,GREEN,False,"Composite outbreak-risk score is 32.4, producing a GREEN alert. Supporting evidence: statistical anomaly (42.1); Objective A atypical/emerging evidence (57.4); severity burden from disease D001 (73.5)."
2026-06-29,S002,Headache,39.70707092955325,2.089373536621037,9.613928841786526,1,10,44.63,0.0,15.0,0.0,D001,57.378,51.15,66.72,73.51962616500164,137.0,1796.0,1796.0,31.666304564183235,31.67,2,4,False,False,False,GREEN,False,"Composite outbreak-risk score is 31.7, producing a GREEN alert. Supporting evidence: historical baseline deviation (39.7); statistical anomaly (44.6); Objective A atypical/emerging evidence (57.4); severity burden from disease D001 (73.5)."
2026-06-29,S019,Vomiting,21.325919336637966,1.1650513434043848,6.361323155216285,0,10,38.16,0.0,22.5,0.0,D001,57.378,51.15,66.72,73.51962616500164,137.0,1796.0,1796.0,29.063631825245942,29.06,2,3,False,False,False,GREEN,False,"Composite outbreak-risk score is 29.1, producing a GREEN alert. Supporting evidence: statistical anomaly (38.2); Objective A atypical/emerging evidence (57.4); severity burden from disease D001 (73.5)."
2026-06-29,S004,Chills,17.47951980574172,0.8521325328823184,10.92436974789916,0,10,36.91,3.31,21.8,0.0,D002,41.852000000000004,39.22,45.8,82.46512557416737,99.0,1146.0,1146.0,28.47989680698636,28.48,1,3,False,False,False,GREEN,False,"Composite outbreak-risk score is 28.5, producing a GREEN alert. Supporting evidence: statistical anomaly (36.9); Objective A atypical/emerging evidence (41.9); severity burden from disease D002 (82.5)."
2026-06-29,S005,Sweating,17.47951980574172,0.8521325328823184,10.92436974789916,0,10,36.91,3.31,21.8,0.0,D002,41.852000000000004,39.22,45.8,82.46512557416737,99.0,1146.0,1146.0,28.47989680698636,28.48,1,3,False,False,False,GREEN,False,"Composite outbreak-risk score is 28.5, producing a GREEN alert. Supporting evidence: statistical anomaly (36.9); Objective A atypical/emerging evidence (41.9); severity burden from disease D002 (82.5)."
2026-06-29,S016,Retro-orbital Pain,23.41748391727496,1.252012597789534,8.502024291497975,0,10,38.76,0.0,20.0,0.0,D001,46.812,44.84,49.77,73.51962616500164,137.0,1796.0,1796.0,28.03576651234149,28.04,1,3,False,False,False,GREEN,False,"Composite outbreak-risk score is 28.0, producing a GREEN alert. Supporting evidence: statistical anomaly (38.8); Objective A atypical/emerging evidence (46.8); severity burden from disease D001 (73.5)."
2026-06-29,S018,Nausea,16.81332498243234,0.7444638346102761,14.685314685314683,0,10,35.21,0.95,20.25,0.0,D001,57.378,51.15,66.72,73.51962616500164,137.0,1796.0,1796.0,27.749242672115095,27.75,2,3,False,False,False,GREEN,False,"Composite outbreak-risk score is 27.8, producing a GREEN alert. Supporting evidence: statistical anomaly (35.2); Objective A atypical/emerging evidence (57.4); severity burden from disease D001 (73.5)."
2026-06-29,S020,Diarrhoea,15.05158622223991,0.813733471206735,4.964539007092199,0,10,35.7,0.22,22.56,0.0,D008,48.106,42.95,55.84,70.59101610747979,53.0,1141.0,1141.0,26.428990349457955,26.43,1,3,False,False,False,GREEN,False,"Composite outbreak-risk score is 26.4, producing a GREEN alert. Supporting evidence: statistical anomaly (35.7); Objective A atypical/emerging evidence (48.1); severity burden from disease D008 (70.6)."
2026-06-29,S021,Abdominal Pain,13.742355020346118,0.7262040090592468,5.463182897862233,0,10,35.08,0.0,20.0,0.0,D008,48.106,42.95,55.84,70.59101610747979,53.0,1141.0,1141.0,25.722605669173888,25.72,1,3,False,False,False,GREEN,False,"Composite outbreak-risk score is 25.7, producing a GREEN alert. Supporting evidence: statistical anomaly (35.1); Objective A atypical/emerging evidence (48.1); severity burden from disease D008 (70.6)."
2026-06-29,S009,Runny Nose,35.304084050357204,1.656472891122698,18.9873417721519,1,10,41.6,0.0,25.0,3.0,,0.0,,,0.0,0.0,,0.0,15.73561260755358,15.74,0,2,False,False,False,GREEN,False,"Composite outbreak-risk score is 15.7, producing a GREEN alert. Supporting evidence: historical baseline deviation (35.3); statistical anomaly (41.6)."
2026-07-06,S025,Bleeding,80.16902584383195,2.7701415506299165,207.6923076923077,2,10,62.77,11.77,62.85,67.0,D001,46.728,44.36,50.28,65.4472585489931,133.0,1723.0,1723.0,57.17374265892376,57.17,5,6,True,True,False,ORANGE,True,"Composite outbreak-risk score is 57.2, producing a ORANGE alert. Supporting evidence: historical baseline deviation (80.2); statistical anomaly (62.8); persistent signal (62.9); spatial propagation (67.0); Objective A atypical/emerging evidence (46.7); severity burden from disease D001 (65.4)."
2026-07-06,S011,Chest Pain,67.47193406976015,2.0083160441856096,122.22222222222224,2,10,48.97,27.46,63.84,49.25,D006,47.236000000000004,42.56,54.25,90.58349935082806,34.0,269.0,269.0,56.859915013088234,56.86,3,6,True,True,False,ORANGE,True,"Composite outbreak-risk score is 56.9, producing a ORANGE alert. Supporting evidence: historical baseline deviation (67.5); statistical anomaly (49.0); persistent signal (63.8); spatial propagation (49.2); Objective A atypical/emerging evidence (47.2); severity burden from disease D006 (90.6)."
2026-07-06,S012,Loss of Taste,59.56921329484592,2.3845875802994514,59.42028985507245,1,10,52.12,11.78,55.23,49.0,D005,55.126000000000005,53.05,58.24,83.09845152234699,107.0,1371.0,1371.0,52.13224972257894,52.13,4,6,True,True,False,YELLOW,False,"Composite outbreak-risk score is 52.1, producing a YELLOW alert. Supporting evidence: historical baseline deviation (59.6); statistical anomaly (52.1); persistent signal (55.2); spatial propagation (49.0); Objective A atypical/emerging evidence (55.1); severity burden from disease D005 (83.1)."
2026-07-06,S010,Breathlessness,52.57315384715078,1.7143892308290465,66.66666666666667,2,10,52.1,14.08,45.12,55.0,D005,55.126000000000005,53.05,58.24,83.09845152234699,107.0,1371.0,1371.0,50.80834080542466,50.81,3,6,True,True,False,YELLOW,False,"Composite outbreak-risk score is 50.8, producing a YELLOW alert. Supporting evidence: historical baseline deviation (52.6); statistical anomaly (52.1); persistent signal (45.1); spatial propagation (55.0); Objective A atypical/emerging evidence (55.1); severity burden from disease D005 (83.1)."
2026-07-06,S013,Loss of Smell,61.87341772151898,6.857556923316182,32.91139240506328,1,10,66.26,5.09,52.95,23.0,D005,55.126000000000005,53.05,58.24,83.09845152234699,107.0,1371.0,1371.0,49.3533803865799,49.35,4,5,True,False,False,YELLOW,False,"Composite outbreak-risk score is 49.4, producing a YELLOW alert. Supporting evidence: historical baseline deviation (61.9); statistical anomaly (66.3); persistent signal (53.0); Objective A atypical/emerging evidence (55.1); severity burden from disease D005 (83.1)."
2026-07-06,S024,Night Sweats,68.68085106382978,4.034466888812334,48.93617021276595,2,10,59.74,0.0,30.0,25.0,D006,47.236000000000004,42.56,54.25,90.58349935082806,34.0,269.0,269.0,45.82425256219867,45.82,3,4,False,False,False,YELLOW,False,"Composite outbreak-risk score is 45.8, producing a YELLOW alert. Supporting evidence: historical baseline deviation (68.7); statistical anomaly (59.7); Objective A atypical/emerging evidence (47.2); severity burden from disease D006 (90.6)."
2026-07-06,S007,Persistent Cough,66.7019867549669,3.17710705148408,49.0066225165563,1,10,52.24,0.0,30.0,15.0,D006,47.236000000000004,42.56,54.25,90.58349935082806,34.0,269.0,269.0,42.902422915869245,42.9,2,4,False,False,False,YELLOW,False,"Composite outbreak-risk score is 42.9, producing a YELLOW alert. Supporting evidence: historical baseline deviation (66.7); statistical anomaly (52.2); Objective A atypical/emerging evidence (47.2); severity burden from disease D006 (90.6)."
2026-07-06,S004,Chills,58.778225806451616,3.653728591496754,15.927419354838706,2,10,56.14,1.12,46.62,19.0,D002,41.852000000000004,39.22,45.8,72.85832965618985,95.0,1182.0,1182.0,42.36268331939622,42.36,3,5,True,False,False,YELLOW,False,"Composite outbreak-risk score is 42.4, producing a YELLOW alert. Supporting evidence: historical baseline deviation (58.8); statistical anomaly (56.1); persistent signal (46.6); Objective A atypical/emerging evidence (41.9); severity burden from disease D002 (72.9)."
2026-07-06,S005,Sweating,58.778225806451616,3.653728591496754,15.927419354838706,2,10,56.14,1.12,46.62,19.0,D002,41.852000000000004,39.22,45.8,72.85832965618985,95.0,1182.0,1182.0,42.36268331939622,42.36,3,5,True,False,False,YELLOW,False,"Composite outbreak-risk score is 42.4, producing a YELLOW alert. Supporting evidence: historical baseline deviation (58.8); statistical anomaly (56.1); persistent signal (46.6); Objective A atypical/emerging evidence (41.9); severity burden from disease D002 (72.9)."
2026-07-06,S022,Loss of Appetite,28.074287894586774,1.3372491518477951,19.289340101522846,0,10,40.76,2.81,51.53,15.0,D007,47.278000000000006,45.57,49.84,88.40696544834262,33.0,503.0,503.0,38.71498800143941,38.71,1,4,True,False,False,YELLOW,False,"Composite outbreak-risk score is 38.7, producing a YELLOW alert. Supporting evidence: statistical anomaly (40.8); persistent signal (51.5); Objective A atypical/emerging evidence (47.3); severity burden from disease D007 (88.4)."
2026-07-06,S023,Weight Loss,41.763973656987915,1.1293678311839803,76.47058823529413,0,10,40.91,0.0,30.0,15.0,D006,47.236000000000004,42.56,54.25,90.58349935082806,34.0,269.0,269.0,37.4622209511724,37.46,1,4,False,False,False,YELLOW,False,"Composite outbreak-risk score is 37.5, producing a YELLOW alert. Supporting evidence: historical baseline deviation (41.8); statistical anomaly (40.9); Objective A atypical/emerging evidence (47.2); severity burden from disease D006 (90.6)."
2026-07-06,S006,Dry Cough,20.51655410552708,1.1151821580359371,6.433949349760443,0,10,37.81,0.58,50.16,0.0,D005,55.126000000000005,53.05,58.24,83.09845152234699,107.0,1371.0,1371.0,34.33735084418111,34.34,2,4,True,False,False,GREEN,False,"Composite outbreak-risk score is 34.3, producing a GREEN alert. Supporting evidence: statistical anomaly (37.8); persistent signal (50.2); Objective A atypical/emerging evidence (55.1); severity burden from disease D005 (83.1)."
2026-07-06,S008,Sore Throat,31.43542321341445,1.590990257669732,9.72972972972973,1,10,41.14,0.0,30.0,0.0,D005,55.126000000000005,53.05,58.24,83.09845152234699,107.0,1371.0,1371.0,33.36368121036422,33.36,2,3,False,False,False,GREEN,False,"Composite outbreak-risk score is 33.4, producing a GREEN alert. Supporting evidence: statistical anomaly (41.1); Objective A atypical/emerging evidence (55.1); severity burden from disease D005 (83.1)."
2026-07-06,S018,Nausea,30.63797460118702,1.5284204639008356,10.547667342799196,1,10,41.47,3.4,30.0,3.0,D001,57.378,51.15,66.72,65.4472585489931,133.0,1723.0,1723.0,31.831084972527016,31.83,2,3,False,False,False,GREEN,False,"Composite outbreak-risk score is 31.8, producing a GREEN alert. Supporting evidence: statistical anomaly (41.5); Objective A atypical/emerging evidence (57.4); severity burden from disease D001 (65.4)."
2026-07-06,S014,Muscle Pain,33.576552505956556,1.7979158631475616,5.370960400546205,1,10,42.59,0.72,30.0,0.0,D001,57.378,51.15,66.72,65.4472585489931,133.0,1723.0,1723.0,31.58787165824245,31.59,2,3,False,False,False,GREEN,False,"Composite outbreak-risk score is 31.6, producing a GREEN alert. Supporting evidence: statistical anomaly (42.6); Objective A atypical/emerging evidence (57.4); severity burden from disease D001 (65.4)."
2026-07-06,S002,Headache,21.28042845617371,1.1570396111137384,6.654783125371353,0,10,38.69,2.73,41.27,0.0,D001,57.378,51.15,66.72,65.4472585489931,133.0,1723.0,1723.0,31.15045305077502,31.15,2,4,True,False,False,GREEN,False,"Composite outbreak-risk score is 31.1, producing a GREEN alert. Supporting evidence: statistical anomaly (38.7); persistent signal (41.3); Objective A atypical/emerging evidence (57.4); severity burden from disease D001 (65.4)."
2026-07-06,S001,Fever,31.55795933766237,1.6976993213033236,4.209902164245475,1,10,41.88,0.08,30.0,0.0,D001,57.378,51.15,66.72,65.4472585489931,133.0,1723.0,1723.0,31.08258268299832,31.08,2,3,False,False,False,GREEN,False,"Composite outbreak-risk score is 31.1, producing a GREEN alert. Supporting evidence: statistical anomaly (41.9); Objective A atypical/emerging evidence (57.4); severity burden from disease D001 (65.4)."
2026-07-06,S026,Anaemia,35.3392997769474,0.9203579866168444,66.66666666666666,0,10,35.4,3.92,30.0,0.0,D002,41.852000000000004,39.22,45.8,72.85832965618985,95.0,1182.0,1182.0,30.812844414970584,30.81,1,4,False,False,False,GREEN,False,"Composite outbreak-risk score is 30.8, producing a GREEN alert. Supporting evidence: historical baseline deviation (35.3); statistical anomaly (35.4); Objective A atypical/emerging evidence (41.9); severity burden from disease D002 (72.9)."
2026-07-06,S003,Fatigue,15.000600736768382,0.8059682475959332,5.225988700564976,0,10,35.64,0.0,30.0,0.0,D005,55.126000000000005,53.05,58.24,83.09845152234699,107.0,1371.0,1371.0,30.073457838867306,30.07,2,3,False,False,False,GREEN,False,"Composite outbreak-risk score is 30.1, producing a GREEN alert. Supporting evidence: statistical anomaly (35.6); Objective A atypical/emerging evidence (55.1); severity burden from disease D005 (83.1)."
2026-07-06,S015,Joint Pain,26.771701989852694,1.4075157116241714,11.043689320388342,0,10,39.85,0.0,30.0,3.0,D001,50.532,48.56,53.49,65.4472585489931,133.0,1723.0,1723.0,29.813544080826873,29.81,1,3,False,False,False,GREEN,False,"Composite outbreak-risk score is 29.8, producing a GREEN alert. Supporting evidence: statistical anomaly (39.9); Objective A atypical/emerging evidence (50.5); severity burden from disease D001 (65.4)."
2026-07-06,S017,Rash,19.96300797869162,0.8959840715358683,16.76646706586827,0,10,36.27,0.0,30.0,0.0,D001,57.378,51.15,66.72,65.4472585489931,133.0,1723.0,1723.0,28.489839979152713,28.49,2,3,False,False,False,GREEN,False,"Composite outbreak-risk score is 28.5, producing a GREEN alert. Supporting evidence: statistical anomaly (36.3); Objective A atypical/emerging evidence (57.4); severity burden from disease D001 (65.4)."
2026-07-06,S009,Runny Nose,61.270270270270274,3.3993463423951917,17.56756756756757,3,10,55.36,6.1,48.05,11.0,,0.0,,,0.0,0.0,,0.0,27.26704054054054,27.27,2,3,True,False,False,GREEN,False,"Composite outbreak-risk score is 27.3, producing a GREEN alert. Supporting evidence: historical baseline deviation (61.3); statistical anomaly (55.4); persistent signal (48.0)."
2026-07-06,S027,Dehydration,23.080703298094594,0.7302967433402213,36.36363636363635,0,10,38.11,0.0,30.0,0.0,D008,48.106,42.95,55.84,58.22324954791531,40.0,1149.0,1149.0,27.222692926901487,27.22,1,3,False,False,False,GREEN,False,"Composite outbreak-risk score is 27.2, producing a GREEN alert. Supporting evidence: statistical anomaly (38.1); Objective A atypical/emerging evidence (48.1); severity burden from disease D008 (58.2)."
2026-07-06,S019,Vomiting,11.068032682332165,0.5934424260562089,3.924418604651167,0,10,34.15,1.21,0.32,0.0,D001,57.378,51.15,66.72,65.4472585489931,133.0,1723.0,1723.0,22.56709368469879,22.57,2,2,False,False,False,GREEN,False,"Composite outbreak-risk score is 22.6, producing a GREEN alert. Supporting evidence: Objective A atypical/emerging evidence (57.4); severity burden from disease D001 (65.4)."
2026-07-06,S016,Retro-orbital Pain,10.632590920403716,0.562955455224223,4.166666666666664,0,10,33.94,0.0,0.0,0.0,D001,46.812,44.84,49.77,65.4472585489931,133.0,1723.0,1723.0,21.184177420409522,21.18,1,2,False,False,False,GREEN,False,"Composite outbreak-risk score is 21.2, producing a GREEN alert. Supporting evidence: Objective A atypical/emerging evidence (46.8); severity burden from disease D001 (65.4)."
2026-07-06,S021,Abdominal Pain,6.730544878880565,0.3288326927328338,4.166666666666671,0,10,33.04,5.06,1.35,0.0,D008,48.106,42.95,55.84,58.22324954791531,40.0,1149.0,1149.0,20.47116916401938,20.47,1,2,False,False,False,GREEN,False,"Composite outbreak-risk score is 20.5, producing a GREEN alert. Supporting evidence: Objective A atypical/emerging evidence (48.1); severity burden from disease D008 (58.2)."
2026-07-06,S020,Diarrhoea,9.199564071391931,0.4985415622798052,2.968460111317257,0,10,33.52,1.36,0.36,0.0,D008,48.106,42.95,55.84,58.22324954791531,40.0,1149.0,1149.0,20.210022042896085,20.21,1,2,False,False,False,GREEN,False,"Composite outbreak-risk score is 20.2, producing a GREEN alert. Supporting evidence: Objective A atypical/emerging evidence (48.1); severity burden from disease D008 (58.2)."
2026-07-13,S026,Anaemia,71.72760788523301,2.3836564731139807,166.66666666666669,1,10,68.2,59.7,80.98,52.33,D002,41.852000000000004,39.22,45.8,82.40904088479978,103.0,1097.0,1097.0,66.48719731550491,66.49,5,7,True,True,True,ORANGE,True,"Composite outbreak-risk score is 66.5, producing a ORANGE alert. Supporting evidence: historical baseline deviation (71.7); statistical anomaly (68.2); temporal acceleration (59.7); persistent signal (81.0); spatial propagation (52.3); Objective A atypical/emerging evidence (41.9); severity burden from disease D002 (82.4)."
2026-07-13,S027,Dehydration,82.0,3.134811641096994,147.05882352941174,1,10,75.54,62.19,75.96,9.0,D008,48.106,42.95,55.84,74.02557135168351,51.0,1201.0,1201.0,61.617935702752526,61.62,5,6,True,False,True,ORANGE,True,"Composite outbreak-risk score is 61.6, producing a ORANGE alert. Supporting evidence: historical baseline deviation (82.0); statistical anomaly (75.5); temporal acceleration (62.2); persistent signal (76.0); Objective A atypical/emerging evidence (48.1); severity burden from disease D008 (74.0)."
2026-07-13,S022,Loss of Appetite,74.0,4.265283190204454,60.0,3,10,60.68,1.65,57.12,35.0,D007,47.278000000000006,45.57,49.84,84.27921108985947,38.0,521.0,521.0,51.63718166347892,51.64,4,6,True,True,False,YELLOW,False,"Composite outbreak-risk score is 51.6, producing a YELLOW alert. Supporting evidence: historical baseline deviation (74.0); statistical anomaly (60.7); persistent signal (57.1); spatial propagation (35.0); Objective A atypical/emerging evidence (47.3); severity burden from disease D007 (84.3)."
2026-07-13,S018,Nausea,58.27465676349552,2.930188889603249,18.12725090036014,2,10,51.42,2.02,51.32,27.0,D001,57.378,51.15,66.72,81.89338951612935,139.0,1817.0,1817.0,46.52700694194373,46.53,3,5,True,False,False,YELLOW,False,"Composite outbreak-risk score is 46.5, producing a YELLOW alert. Supporting evidence: historical baseline deviation (58.3); statistical anomaly (51.4); persistent signal (51.3); Objective A atypical/emerging evidence (57.4); severity burden from disease D001 (81.9)."
2026-07-13,S016,Retro-orbital Pain,62.09498680738786,3.5594305366675543,20.31662269129288,3,10,56.64,7.39,7.79,33.0,D001,46.812,44.84,49.77,81.89338951612935,139.0,1817.0,1817.0,42.00245644852758,42.0,3,4,False,False,False,YELLOW,False,"Composite outbreak-risk score is 42.0, producing a YELLOW alert. Supporting evidence: historical baseline deviation (62.1); statistical anomaly (56.6); Objective A atypical/emerging evidence (46.8); severity burden from disease D001 (81.9)."
2026-07-13,S014,Muscle Pain,51.46119506870985,2.8178526450152326,8.323281061519904,1,10,50.69,3.58,46.68,0.0,D001,57.378,51.15,66.72,81.89338951612935,139.0,1817.0,1817.0,40.883487687725875,40.88,2,5,True,False,False,YELLOW,False,"Composite outbreak-risk score is 40.9, producing a YELLOW alert. Supporting evidence: historical baseline deviation (51.5); statistical anomaly (50.7); persistent signal (46.7); Objective A atypical/emerging evidence (57.4); severity burden from disease D001 (81.9)."
2026-07-13,S025,Bleeding,45.83043416158611,1.5498260496951666,60.0,1,10,43.85,0.0,30.0,39.0,D001,46.728,44.36,50.28,81.89338951612935,139.0,1817.0,1817.0,40.75887355165732,40.76,1,5,False,True,False,YELLOW,False,"Composite outbreak-risk score is 40.8, producing a YELLOW alert. Supporting evidence: historical baseline deviation (45.8); statistical anomaly (43.9); spatial propagation (39.0); Objective A atypical/emerging evidence (46.7); severity burden from disease D001 (81.9)."
2026-07-13,S015,Joint Pain,41.68134749979738,1.905586732340784,13.071895424836605,3,10,45.09,7.21,48.04,11.0,D001,50.532,48.56,53.49,81.89338951612935,139.0,1817.0,1817.0,40.290410552389005,40.29,1,5,True,False,False,YELLOW,False,"Composite outbreak-risk score is 40.3, producing a YELLOW alert. Supporting evidence: historical baseline deviation (41.7); statistical anomaly (45.1); persistent signal (48.0); Objective A atypical/emerging evidence (50.5); severity burden from disease D001 (81.9)."
2026-07-13,S002,Headache,52.68819171229557,2.8876915027377343,8.533333333333333,1,10,50.21,0.0,45.11,0.0,D001,57.378,51.15,66.72,81.89338951612935,139.0,1817.0,1817.0,40.22303718426373,40.22,2,5,True,False,False,YELLOW,False,"Composite outbreak-risk score is 40.2, producing a YELLOW alert. Supporting evidence: historical baseline deviation (52.7); statistical anomaly (50.2); persistent signal (45.1); Objective A atypical/emerging evidence (57.4); severity burden from disease D001 (81.9)."
2026-07-13,S017,Rash,34.585122544747115,1.5191698526848267,24.218750000000007,1,10,43.64,6.12,46.64,17.0,D001,57.378,51.15,66.72,81.89338951612935,139.0,1817.0,1817.0,40.21957680913147,40.22,2,4,True,False,False,YELLOW,False,"Composite outbreak-risk score is 40.2, producing a YELLOW alert. Supporting evidence: statistical anomaly (43.6); persistent signal (46.6); Objective A atypical/emerging evidence (57.4); severity burden from disease D001 (81.9)."
2026-07-13,S001,Fever,39.37594312880956,2.065372093412048,3.176916350918093,2,10,44.65,1.01,45.4,0.0,D001,57.378,51.15,66.72,81.89338951612935,139.0,1817.0,1817.0,37.587199896740835,37.59,2,5,True,False,False,YELLOW,False,"Composite outbreak-risk score is 37.6, producing a YELLOW alert. Supporting evidence: historical baseline deviation (39.4); statistical anomaly (44.6); persistent signal (45.4); Objective A atypical/emerging evidence (57.4); severity burden from disease D001 (81.9)."
2026-07-13,S004,Chills,43.324223902762625,2.290919806822869,10.474090407938265,1,10,46.04,0.0,30.0,3.0,D002,41.852000000000004,39.22,45.8,82.40904088479978,103.0,1097.0,1097.0,34.90118971813436,34.9,1,4,False,False,False,GREEN,False,"Composite outbreak-risk score is 34.9, producing a GREEN alert. Supporting evidence: historical baseline deviation (43.3); statistical anomaly (46.0); Objective A atypical/emerging evidence (41.9); severity burden from disease D002 (82.4)."
2026-07-13,S005,Sweating,43.324223902762625,2.290919806822869,10.474090407938265,1,10,46.04,0.0,30.0,3.0,D002,41.852000000000004,39.22,45.8,82.40904088479978,103.0,1097.0,1097.0,34.90118971813436,34.9,1,4,False,False,False,GREEN,False,"Composite outbreak-risk score is 34.9, producing a GREEN alert. Supporting evidence: historical baseline deviation (43.3); statistical anomaly (46.0); Objective A atypical/emerging evidence (41.9); severity burden from disease D002 (82.4)."
2026-07-13,S024,Night Sweats,30.45834002172912,1.3258610570414522,27.8688524590164,0,10,45.8,17.19,30.0,3.0,D006,47.236000000000004,42.56,54.25,67.18606345339217,20.0,242.0,242.0,33.76876052126819,33.77,1,3,False,False,False,GREEN,False,"Composite outbreak-risk score is 33.8, producing a GREEN alert. Supporting evidence: statistical anomaly (45.8); Objective A atypical/emerging evidence (47.2); severity burden from disease D006 (67.2)."
2026-07-13,S012,Loss of Taste,27.261695305649354,1.0878756313824398,30.43478260869564,0,10,37.62,0.0,30.0,23.0,D005,55.126000000000005,53.05,58.24,63.52813902234699,77.0,1383.0,1383.0,32.72407514919946,32.72,2,3,False,False,False,GREEN,False,"Composite outbreak-risk score is 32.7, producing a GREEN alert. Supporting evidence: statistical anomaly (37.6); Objective A atypical/emerging evidence (55.1); severity burden from disease D005 (63.5)."
2026-07-13,S019,Vomiting,40.26868035796867,2.1269248984883125,9.399773499433756,1,10,45.87,3.56,6.28,0.0,D001,57.378,51.15,66.72,81.89338951612935,139.0,1817.0,1817.0,32.418610481114705,32.42,2,4,False,False,False,GREEN,False,"Composite outbreak-risk score is 32.4, producing a GREEN alert. Supporting evidence: historical baseline deviation (40.3); statistical anomaly (45.9); Objective A atypical/emerging evidence (57.4); severity burden from disease D001 (81.9)."
2026-07-13,S021,Abdominal Pain,42.53375163843377,1.9827405196096828,24.960254372019083,1,10,45.23,3.61,6.45,9.0,D008,48.106,42.95,55.84,74.02557135168351,51.0,1201.0,1201.0,31.93799844851759,31.94,1,4,False,False,False,GREEN,False,"Composite outbreak-risk score is 31.9, producing a GREEN alert. Supporting evidence: historical baseline deviation (42.5); statistical anomaly (45.2); Objective A atypical/emerging evidence (48.1); severity burden from disease D008 (74.0)."
2026-07-13,S010,Breathlessness,33.8365647311398,1.4301938838683883,33.33333333333333,0,10,41.51,0.0,30.0,3.0,D005,55.126000000000005,53.05,58.24,63.52813902234699,77.0,1383.0,1383.0,31.29380556302302,31.29,2,3,False,False,False,GREEN,False,"Composite outbreak-risk score is 31.3, producing a GREEN alert. Supporting evidence: statistical anomaly (41.5); Objective A atypical/emerging evidence (55.1); severity burden from disease D005 (63.5)."
2026-07-13,S013,Loss of Smell,27.141855032959654,1.1785113019775793,25.0,0,10,38.25,0.0,30.0,3.0,D005,55.126000000000005,53.05,58.24,63.52813902234699,77.0,1383.0,1383.0,29.800599108295998,29.8,2,3,False,False,False,GREEN,False,"Composite outbreak-risk score is 29.8, producing a GREEN alert. Supporting evidence: statistical anomaly (38.2); Objective A atypical/emerging evidence (55.1); severity burden from disease D005 (63.5)."
2026-07-13,S006,Dry Cough,25.664379580830207,1.3627281872955432,9.840810419681617,0,10,39.54,0.0,30.0,0.0,D005,55.126000000000005,53.05,58.24,63.52813902234699,77.0,1383.0,1383.0,29.322477790476583,29.32,2,3,False,False,False,GREEN,False,"Composite outbreak-risk score is 29.3, producing a GREEN alert. Supporting evidence: statistical anomaly (39.5); Objective A atypical/emerging evidence (55.1); severity burden from disease D005 (63.5)."
2026-07-13,S003,Fatigue,22.146837208495075,1.21379425806881,6.389776357827481,0,10,38.5,0.46,30.0,0.0,D005,55.126000000000005,53.05,58.24,63.52813902234699,77.0,1383.0,1383.0,28.707846434626312,28.71,2,3,False,False,False,GREEN,False,"Composite outbreak-risk score is 28.7, producing a GREEN alert. Supporting evidence: statistical anomaly (38.5); Objective A atypical/emerging evidence (55.1); severity burden from disease D005 (63.5)."
2026-07-13,S008,Sore Throat,21.510071765823078,1.1943320206981691,5.348460291734198,0,10,38.39,0.95,30.0,0.0,D005,55.126000000000005,53.05,58.24,63.52813902234699,77.0,1383.0,1383.0,28.669331618225513,28.67,2,3,False,False,False,GREEN,False,"Composite outbreak-risk score is 28.7, producing a GREEN alert. Supporting evidence: statistical anomaly (38.4); Objective A atypical/emerging evidence (55.1); severity burden from disease D005 (63.5)."
2026-07-13,S020,Diarrhoea,26.517923514268386,1.3801225083369355,11.719605695509316,0,10,40.64,3.38,6.04,3.0,D008,48.106,42.95,55.84,74.02557135168351,51.0,1201.0,1201.0,27.851124229892783,27.85,1,3,False,False,False,GREEN,False,"Composite outbreak-risk score is 27.9, producing a GREEN alert. Supporting evidence: statistical anomaly (40.6); Objective A atypical/emerging evidence (48.1); severity burden from disease D008 (74.0)."
2026-07-13,S011,Chest Pain,15.95155261759603,0.4428074427700475,28.57142857142857,0,10,30.1,0.0,0.0,0.0,D006,47.236000000000004,42.56,54.25,67.18606345339217,20.0,242.0,242.0,21.70924241064823,21.71,1,2,False,False,False,GREEN,False,"Composite outbreak-risk score is 21.7, producing a GREEN alert. Supporting evidence: Objective A atypical/emerging evidence (47.2); severity burden from disease D006 (67.2)."
2026-07-13,S009,Runny Nose,36.685499997817466,1.8132963018384136,14.879649890590802,1,10,42.69,0.0,50.07,11.0,,0.0,,,0.0,0.0,,0.0,21.06682499967262,21.07,0,3,True,False,False,GREEN,False,"Composite outbreak-risk score is 21.1, producing a GREEN alert. Supporting evidence: historical baseline deviation (36.7); statistical anomaly (42.7); persistent signal (50.1)."
2026-07-13,S007,Persistent Cough,0.0,0.0,0.0,0,10,30.0,1.79,0.48,0.0,D006,47.236000000000004,42.56,54.25,67.18606345339217,20.0,242.0,242.0,19.642009518008827,19.64,1,2,False,False,False,GREEN,False,"Composite outbreak-risk score is 19.6, producing a GREEN alert. Supporting evidence: Objective A atypical/emerging evidence (47.2); severity burden from disease D006 (67.2)."
2026-07-13,S023,Weight Loss,2.5034196241472753,0.0719443078836192,4.347826086956517,0,10,24.5,0.0,0.0,0.0,D006,47.236000000000004,42.56,54.25,67.18606345339217,20.0,242.0,242.0,18.852022461630916,18.85,1,2,False,False,False,GREEN,False,"Composite outbreak-risk score is 18.9, producing a GREEN alert. Supporting evidence: Objective A atypical/emerging evidence (47.2); severity burden from disease D006 (67.2)."
2026-07-20,S023,Weight Loss,79.30362477912837,2.8382174867477024,169.23076923076923,1,10,73.53,62.33,52.81,9.0,D006,47.236000000000004,42.56,54.25,93.61569769811533,41.0,320.0,320.0,60.311998371586554,60.31,4,6,True,False,True,ORANGE,True,"Composite outbreak-risk score is 60.3, producing a ORANGE alert. Supporting evidence: historical baseline deviation (79.3); statistical anomaly (73.5); temporal acceleration (62.3); persistent signal (52.8); Objective A atypical/emerging evidence (47.2); severity burden from disease D006 (93.6)."
2026-07-20,S024,Night Sweats,82.0,3.970775864300728,107.04225352112675,1,10,73.65,23.96,63.83,27.0,D006,47.236000000000004,42.56,54.25,93.61569769811533,41.0,320.0,320.0,59.33195465471729,59.33,4,5,True,False,False,ORANGE,True,"Composite outbreak-risk score is 59.3, producing a ORANGE alert. Supporting evidence: historical baseline deviation (82.0); statistical anomaly (73.7); persistent signal (63.8); Objective A atypical/emerging evidence (47.2); severity burden from disease D006 (93.6)."
2026-07-20,S025,Bleeding,75.19384675521736,2.471630805313042,144.99999999999997,2,10,65.93,45.57,69.21,31.0,D001,46.728,44.36,50.28,68.55527622498232,134.0,1731.0,1731.0,57.99166844702995,57.99,4,6,True,False,True,ORANGE,True,"Composite outbreak-risk score is 58.0, producing a ORANGE alert. Supporting evidence: historical baseline deviation (75.2); statistical anomaly (65.9); temporal acceleration (45.6); persistent signal (69.2); Objective A atypical/emerging evidence (46.7); severity burden from disease D001 (68.6)."
2026-07-20,S007,Persistent Cough,69.51939631084537,2.7424137786507226,59.375,3,10,61.81,24.73,15.75,65.0,D006,47.236000000000004,42.56,54.25,93.61569769811533,41.0,320.0,320.0,54.2873641013441,54.29,4,5,False,True,False,YELLOW,False,"Composite outbreak-risk score is 54.3, producing a YELLOW alert. Supporting evidence: historical baseline deviation (69.5); statistical anomaly (61.8); spatial propagation (65.0); Objective A atypical/emerging evidence (47.2); severity burden from disease D006 (93.6)."
2026-07-20,S026,Anaemia,82.0,3.2732683535398857,250.0,1,10,62.23,15.63,68.49,17.33,D002,41.852000000000004,39.22,45.8,85.68539859415993,109.0,1153.0,1153.0,53.89000978912399,53.89,4,5,True,False,False,YELLOW,False,"Composite outbreak-risk score is 53.9, producing a YELLOW alert. Supporting evidence: historical baseline deviation (82.0); statistical anomaly (62.2); persistent signal (68.5); Objective A atypical/emerging evidence (41.9); severity burden from disease D002 (85.7)."
2026-07-20,S027,Dehydration,75.2027747948321,2.4721664876899254,194.73684210526315,2,10,59.3,14.98,65.85,27.0,D008,48.106,42.95,55.84,76.37688795586206,56.0,1236.0,1236.0,52.61704941260412,52.62,4,5,True,False,False,YELLOW,False,"Composite outbreak-risk score is 52.6, producing a YELLOW alert. Supporting evidence: historical baseline deviation (75.2); statistical anomaly (59.3); persistent signal (65.8); Objective A atypical/emerging evidence (48.1); severity burden from disease D008 (76.4)."
2026-07-20,S013,Loss of Smell,46.24488474334217,1.7155626498179213,52.17391304347827,1,10,51.01,20.81,61.48,27.0,D005,55.126000000000005,53.05,58.24,79.71514987819475,88.0,1396.0,1396.0,48.45160519323054,48.45,3,5,True,False,False,YELLOW,False,"Composite outbreak-risk score is 48.5, producing a YELLOW alert. Supporting evidence: historical baseline deviation (46.2); statistical anomaly (51.0); persistent signal (61.5); Objective A atypical/emerging evidence (55.1); severity burden from disease D005 (79.7)."
2026-07-20,S012,Loss of Taste,48.0377202438661,1.8170118179839216,52.51396648044692,1,10,50.52,21.42,61.57,13.0,D005,55.126000000000005,53.05,58.24,79.71514987819475,88.0,1396.0,1396.0,46.65203051830913,46.65,3,5,True,False,False,YELLOW,False,"Composite outbreak-risk score is 46.6, producing a YELLOW alert. Supporting evidence: historical baseline deviation (48.0); statistical anomaly (50.5); persistent signal (61.6); Objective A atypical/emerging evidence (55.1); severity burden from disease D005 (79.7)."
2026-07-20,S003,Fatigue,59.47945205479452,3.9605901719066976,18.2648401826484,2,10,58.98,4.78,52.13,17.0,D005,55.126000000000005,53.05,58.24,79.71514987819475,88.0,1396.0,1396.0,46.32529028994839,46.33,4,5,True,False,False,YELLOW,False,"Composite outbreak-risk score is 46.3, producing a YELLOW alert. Supporting evidence: historical baseline deviation (59.5); statistical anomaly (59.0); persistent signal (52.1); Objective A atypical/emerging evidence (55.1); severity burden from disease D005 (79.7)."
2026-07-20,S022,Loss of Appetite,41.51100803570162,1.9577572563356456,22.93906810035843,1,10,46.09,1.87,56.79,23.0,D007,47.278000000000006,45.57,49.84,93.52891666785482,45.0,514.0,514.0,44.146288705533465,44.15,2,5,True,False,False,YELLOW,False,"Composite outbreak-risk score is 44.1, producing a YELLOW alert. Supporting evidence: historical baseline deviation (41.5); statistical anomaly (46.1); persistent signal (56.8); Objective A atypical/emerging evidence (47.3); severity burden from disease D007 (93.5)."
2026-07-20,S011,Chest Pain,38.155714562134776,1.1246369913751453,64.70588235294119,0,10,49.87,23.5,36.75,9.0,D006,47.236000000000004,42.56,54.25,93.61569769811533,41.0,320.0,320.0,42.357311839037514,42.36,1,5,True,False,False,YELLOW,False,"Composite outbreak-risk score is 42.4, producing a YELLOW alert. Supporting evidence: historical baseline deviation (38.2); statistical anomaly (49.9); persistent signal (36.8); Objective A atypical/emerging evidence (47.2); severity burden from disease D006 (93.6)."
2026-07-20,S004,Chills,46.411360857558115,2.112542923129787,17.34104046242774,3,10,45.9,6.09,57.05,11.0,D002,41.852000000000004,39.22,45.8,85.68539859415993,109.0,1153.0,1153.0,42.0057139177577,42.01,2,5,True,False,False,YELLOW,False,"Composite outbreak-risk score is 42.0, producing a YELLOW alert. Supporting evidence: historical baseline deviation (46.4); statistical anomaly (45.9); persistent signal (57.0); Objective A atypical/emerging evidence (41.9); severity burden from disease D002 (85.7)."
2026-07-20,S005,Sweating,46.411360857558115,2.112542923129787,17.34104046242774,3,10,45.9,6.09,57.05,11.0,D002,41.852000000000004,39.22,45.8,85.68539859415993,109.0,1153.0,1153.0,42.0057139177577,42.01,2,5,True,False,False,YELLOW,False,"Composite outbreak-risk score is 42.0, producing a YELLOW alert. Supporting evidence: historical baseline deviation (46.4); statistical anomaly (45.9); persistent signal (57.0); Objective A atypical/emerging evidence (41.9); severity burden from disease D002 (85.7)."
2026-07-20,S008,Sore Throat,46.61320802817613,2.264762121159259,16.223908918406064,2,10,46.57,2.47,56.18,11.0,D005,55.126000000000005,53.05,58.24,79.71514987819475,88.0,1396.0,1396.0,41.89485368595563,41.89,3,5,True,False,False,YELLOW,False,"Composite outbreak-risk score is 41.9, producing a YELLOW alert. Supporting evidence: historical baseline deviation (46.6); statistical anomaly (46.6); persistent signal (56.2); Objective A atypical/emerging evidence (55.1); severity burden from disease D005 (79.7)."
2026-07-20,S017,Rash,45.85335913440068,2.025376305345594,33.656957928802576,1,10,45.08,1.8,51.38,19.0,D001,57.378,51.15,66.72,68.55527622498232,134.0,1731.0,1731.0,40.48809530390745,40.49,2,5,True,False,False,YELLOW,False,"Composite outbreak-risk score is 40.5, producing a YELLOW alert. Supporting evidence: historical baseline deviation (45.9); statistical anomaly (45.1); persistent signal (51.4); Objective A atypical/emerging evidence (57.4); severity burden from disease D001 (68.6)."
2026-07-20,S019,Vomiting,56.5742092457421,4.329759524372772,15.247364152473644,1,10,61.19,1.77,36.84,3.0,D001,57.378,51.15,66.72,68.55527622498232,134.0,1731.0,1731.0,39.92722282060866,39.93,4,5,True,False,False,YELLOW,False,"Composite outbreak-risk score is 39.9, producing a YELLOW alert. Supporting evidence: historical baseline deviation (56.6); statistical anomaly (61.2); persistent signal (36.8); Objective A atypical/emerging evidence (57.4); severity burden from disease D001 (68.6)."
2026-07-20,S020,Diarrhoea,49.66330246729449,2.405629210707969,11.898274296094463,3,10,47.49,1.31,36.21,19.0,D008,48.106,42.95,55.84,76.37688795586206,56.0,1236.0,1236.0,39.318128563473486,39.32,1,5,True,False,False,YELLOW,False,"Composite outbreak-risk score is 39.3, producing a YELLOW alert. Supporting evidence: historical baseline deviation (49.7); statistical anomaly (47.5); persistent signal (36.2); Objective A atypical/emerging evidence (48.1); severity burden from disease D008 (76.4)."
2026-07-20,S006,Dry Cough,37.72166962162446,1.7965111864717795,12.599388379204887,2,10,42.87,1.1,55.55,3.0,D005,55.126000000000005,53.05,58.24,79.71514987819475,88.0,1396.0,1396.0,38.50612292497288,38.51,3,5,True,False,False,YELLOW,False,"Composite outbreak-risk score is 38.5, producing a YELLOW alert. Supporting evidence: historical baseline deviation (37.7); statistical anomaly (42.9); persistent signal (55.5); Objective A atypical/emerging evidence (55.1); severity burden from disease D005 (79.7)."
2026-07-20,S018,Nausea,33.72287339846376,1.657496115248032,13.659793814432986,1,10,42.09,0.98,56.38,3.0,D001,57.378,51.15,66.72,68.55527622498232,134.0,1731.0,1731.0,36.447022443516914,36.45,3,4,True,False,False,YELLOW,False,"Composite outbreak-risk score is 36.5, producing a YELLOW alert. Supporting evidence: statistical anomaly (42.1); persistent signal (56.4); Objective A atypical/emerging evidence (57.4); severity burden from disease D001 (68.6)."
2026-07-20,S010,Breathlessness,25.660118726548035,0.977107123592882,31.250000000000007,0,10,47.06,21.04,30.0,0.0,D005,55.126000000000005,53.05,58.24,79.71514987819475,88.0,1396.0,1396.0,36.03389029071142,36.03,2,3,False,False,False,YELLOW,False,"Composite outbreak-risk score is 36.0, producing a YELLOW alert. Supporting evidence: statistical anomaly (47.1); Objective A atypical/emerging evidence (55.1); severity burden from disease D005 (79.7)."
2026-07-20,S002,Headache,33.65946906437838,1.805026434284948,5.252317198764154,1,10,42.71,0.63,50.31,0.0,D001,57.378,51.15,66.72,68.55527622498232,134.0,1731.0,1731.0,35.117511793404105,35.12,2,4,True,False,False,YELLOW,False,"Composite outbreak-risk score is 35.1, producing a YELLOW alert. Supporting evidence: statistical anomaly (42.7); persistent signal (50.3); Objective A atypical/emerging evidence (57.4); severity burden from disease D001 (68.6)."
2026-07-20,S001,Fever,34.465043572329805,1.7091208884514633,6.598984771573615,2,10,42.0,0.07,50.17,0.0,D001,57.378,51.15,66.72,68.55527622498232,134.0,1731.0,1731.0,35.026847969596815,35.03,2,4,True,False,False,YELLOW,False,"Composite outbreak-risk score is 35.0, producing a YELLOW alert. Supporting evidence: statistical anomaly (42.0); persistent signal (50.2); Objective A atypical/emerging evidence (57.4); severity burden from disease D001 (68.6)."
2026-07-20,S015,Joint Pain,36.745926694559756,1.8368217173760648,13.7741046831956,1,10,42.86,0.0,30.0,13.0,D001,50.532,48.56,53.49,68.55527622498232,134.0,1731.0,1731.0,33.72738043793131,33.73,1,4,False,False,False,GREEN,False,"Composite outbreak-risk score is 33.7, producing a GREEN alert. Supporting evidence: historical baseline deviation (36.7); statistical anomaly (42.9); Objective A atypical/emerging evidence (50.5); severity burden from disease D001 (68.6)."
2026-07-20,S021,Abdominal Pain,23.724154951301667,1.1329947516235546,16.136363636363644,0,10,38.51,1.16,36.29,11.0,D008,48.106,42.95,55.84,76.37688795586206,56.0,1236.0,1236.0,32.86975643607456,32.87,1,4,True,False,False,GREEN,False,"Composite outbreak-risk score is 32.9, producing a GREEN alert. Supporting evidence: statistical anomaly (38.5); persistent signal (36.3); Objective A atypical/emerging evidence (48.1); severity burden from disease D008 (76.4)."
2026-07-20,S016,Retro-orbital Pain,36.092500853145964,1.7591864148251213,15.909090909090908,1,10,42.31,0.0,30.0,3.0,D001,46.812,44.84,49.77,68.55527622498232,134.0,1731.0,1731.0,31.67486656171924,31.67,1,4,False,False,False,GREEN,False,"Composite outbreak-risk score is 31.7, producing a GREEN alert. Supporting evidence: historical baseline deviation (36.1); statistical anomaly (42.3); Objective A atypical/emerging evidence (46.8); severity burden from disease D001 (68.6)."
2026-07-20,S014,Muscle Pain,26.28367276807586,1.3733059145465365,11.31746952988973,0,10,39.61,0.0,30.0,3.0,D001,57.378,51.15,66.72,68.55527622498232,134.0,1731.0,1731.0,30.855142348958726,30.86,2,3,False,False,False,GREEN,False,"Composite outbreak-risk score is 30.9, producing a GREEN alert. Supporting evidence: statistical anomaly (39.6); Objective A atypical/emerging evidence (57.4); severity burden from disease D001 (68.6)."
2026-07-20,S009,Runny Nose,48.687307162926714,2.335827470871493,25.85616438356164,1,10,46.68,2.36,55.98,13.0,,0.0,,,0.0,0.0,,0.0,25.006096074439004,25.01,1,3,True,False,False,GREEN,False,"Composite outbreak-risk score is 25.0, producing a GREEN alert. Supporting evidence: historical baseline deviation (48.7); statistical anomaly (46.7); persistent signal (56.0)."
2026-07-27,S025,Bleeding,70.2284418654736,2.173706511928416,107.40740740740742,2,10,65.64,33.57,72.47,48.33,D001,46.728,44.36,50.28,85.38266888333962,149.0,1753.0,1753.0,61.015966612321975,61.02,4,6,True,True,False,ORANGE,True,"Composite outbreak-risk score is 61.0, producing a ORANGE alert. Supporting evidence: historical baseline deviation (70.2); statistical anomaly (65.6); persistent signal (72.5); spatial propagation (48.3); Objective A atypical/emerging evidence (46.7); severity burden from disease D001 (85.4)."
2026-07-27,S011,Chest Pain,75.83300132670378,2.5099800796022267,150.0,2,10,53.88,9.63,62.65,27.67,D006,47.236000000000004,42.56,54.25,82.26999228393322,38.0,294.0,294.0,51.513549041595546,51.51,3,5,True,False,False,YELLOW,False,"Composite outbreak-risk score is 51.5, producing a YELLOW alert. Supporting evidence: historical baseline deviation (75.8); statistical anomaly (53.9); persistent signal (62.6); Objective A atypical/emerging evidence (47.2); severity burden from disease D006 (82.3)."
2026-07-27,S026,Anaemia,82.0,3.3158053648233494,242.85714285714283,1,10,61.46,13.49,64.9,11.33,D002,41.852000000000004,39.22,45.8,72.75595725958414,87.0,1145.0,1145.0,50.07559358893762,50.08,4,5,True,False,False,YELLOW,False,"Composite outbreak-risk score is 50.1, producing a YELLOW alert. Supporting evidence: historical baseline deviation (82.0); statistical anomaly (61.5); persistent signal (64.9); Objective A atypical/emerging evidence (41.9); severity burden from disease D002 (72.8)."
2026-07-27,S027,Dehydration,66.46238170548048,2.2391714737574007,90.47619047619048,1,10,50.17,0.0,57.11,47.0,D008,48.106,42.95,55.84,72.30546773351546,45.0,1208.0,1208.0,48.76777741584939,48.77,3,6,True,True,False,YELLOW,False,"Composite outbreak-risk score is 48.8, producing a YELLOW alert. Supporting evidence: historical baseline deviation (66.5); statistical anomaly (50.2); persistent signal (57.1); spatial propagation (47.0); Objective A atypical/emerging evidence (48.1); severity burden from disease D008 (72.3)."
2026-07-27,S024,Night Sweats,61.88018681716437,2.37058898680764,67.90123456790124,1,10,50.5,1.81,57.21,31.0,D006,47.236000000000004,42.56,54.25,82.26999228393322,38.0,294.0,294.0,47.42412686516463,47.42,3,5,True,False,False,YELLOW,False,"Composite outbreak-risk score is 47.4, producing a YELLOW alert. Supporting evidence: historical baseline deviation (61.9); statistical anomaly (50.5); persistent signal (57.2); Objective A atypical/emerging evidence (47.2); severity burden from disease D006 (82.3)."
2026-07-27,S021,Abdominal Pain,63.853935158049374,2.9239006862854704,30.407523510971785,3,10,50.77,0.6,41.23,39.0,D008,48.106,42.95,55.84,72.30546773351546,45.0,1208.0,1208.0,44.97451043373472,44.97,2,6,True,True,False,YELLOW,False,"Composite outbreak-risk score is 45.0, producing a YELLOW alert. Supporting evidence: historical baseline deviation (63.9); statistical anomaly (50.8); persistent signal (41.2); spatial propagation (39.0); Objective A atypical/emerging evidence (48.1); severity burden from disease D008 (72.3)."
2026-07-27,S018,Nausea,52.270435628372326,2.491781693257895,22.469135802469136,2,10,47.44,0.0,55.44,19.0,D001,57.378,51.15,66.72,85.38266888333962,149.0,1753.0,1753.0,44.66776567675679,44.67,3,5,True,False,False,YELLOW,False,"Composite outbreak-risk score is 44.7, producing a YELLOW alert. Supporting evidence: historical baseline deviation (52.3); statistical anomaly (47.4); persistent signal (55.4); Objective A atypical/emerging evidence (57.4); severity burden from disease D001 (85.4)."
2026-07-27,S007,Persistent Cough,64.33571590183676,2.89794111924782,46.78899082568808,1,10,51.79,0.0,36.49,27.0,D006,47.236000000000004,42.56,54.25,82.26999228393322,38.0,294.0,294.0,44.0064562278655,44.01,2,5,True,False,False,YELLOW,False,"Composite outbreak-risk score is 44.0, producing a YELLOW alert. Supporting evidence: historical baseline deviation (64.3); statistical anomaly (51.8); persistent signal (36.5); Objective A atypical/emerging evidence (47.2); severity burden from disease D006 (82.3)."
2026-07-27,S003,Fatigue,52.07367074424213,2.786585849750069,12.101910828025478,1,10,49.51,0.0,55.45,11.0,D005,55.126000000000005,53.05,58.24,78.00081959331357,94.0,1401.0,1401.0,42.41777355063335,42.42,3,5,True,False,False,YELLOW,False,"Composite outbreak-risk score is 42.4, producing a YELLOW alert. Supporting evidence: historical baseline deviation (52.1); statistical anomaly (49.5); persistent signal (55.5); Objective A atypical/emerging evidence (55.1); severity burden from disease D005 (78.0)."
2026-07-27,S001,Fever,54.79791424673487,2.7073402925921104,5.585253456221198,4,10,48.95,0.0,55.02,0.0,D001,57.378,51.15,66.72,85.38266888333962,149.0,1753.0,1753.0,42.360387469511174,42.36,3,5,True,False,False,YELLOW,False,"Composite outbreak-risk score is 42.4, producing a YELLOW alert. Supporting evidence: historical baseline deviation (54.8); statistical anomaly (49.0); persistent signal (55.0); Objective A atypical/emerging evidence (57.4); severity burden from disease D001 (85.4)."
2026-07-27,S020,Diarrhoea,61.284234752589185,5.261861747967765,24.28078250863061,2,10,65.0,0.0,40.45,11.0,D008,48.106,42.95,55.84,72.30546773351546,45.0,1208.0,1208.0,42.316555372915694,42.32,3,5,True,False,False,YELLOW,False,"Composite outbreak-risk score is 42.3, producing a YELLOW alert. Supporting evidence: historical baseline deviation (61.3); statistical anomaly (65.0); persistent signal (40.5); Objective A atypical/emerging evidence (48.1); severity burden from disease D008 (72.3)."
2026-07-27,S019,Vomiting,53.71959914907881,2.6967759489447287,15.911111111111111,2,10,48.88,0.0,40.67,11.0,D001,57.378,51.15,66.72,85.38266888333962,149.0,1753.0,1753.0,41.685640204862764,41.69,2,5,True,False,False,YELLOW,False,"Composite outbreak-risk score is 41.7, producing a YELLOW alert. Supporting evidence: historical baseline deviation (53.7); statistical anomaly (48.9); persistent signal (40.7); Objective A atypical/emerging evidence (57.4); severity burden from disease D001 (85.4)."
2026-07-27,S022,Loss of Appetite,44.829562160945294,1.835868150257576,40.7725321888412,1,10,42.85,0.0,55.39,21.0,D007,47.278000000000006,45.57,49.84,82.19153261098636,50.0,526.0,526.0,41.66696421578975,41.67,2,5,True,False,False,YELLOW,False,"Composite outbreak-risk score is 41.7, producing a YELLOW alert. Supporting evidence: historical baseline deviation (44.8); statistical anomaly (42.9); persistent signal (55.4); Objective A atypical/emerging evidence (47.3); severity burden from disease D007 (82.2)."
2026-07-27,S006,Dry Cough,46.38983575674494,2.3891443136869763,8.56921287320667,2,10,46.72,0.0,55.13,0.0,D005,55.126000000000005,53.05,58.24,78.00081959331357,94.0,1401.0,1401.0,39.448698302508774,39.45,3,5,True,False,False,YELLOW,False,"Composite outbreak-risk score is 39.5, producing a YELLOW alert. Supporting evidence: historical baseline deviation (46.4); statistical anomaly (46.7); persistent signal (55.1); Objective A atypical/emerging evidence (55.1); severity burden from disease D005 (78.0)."
2026-07-27,S012,Loss of Taste,36.450565187038755,1.4108871222314994,43.11926605504588,0,10,42.33,1.91,56.46,11.0,D005,55.126000000000005,53.05,58.24,78.00081959331357,94.0,1401.0,1401.0,39.435307717052844,39.44,3,5,True,False,False,YELLOW,False,"Composite outbreak-risk score is 39.4, producing a YELLOW alert. Supporting evidence: historical baseline deviation (36.5); statistical anomaly (42.3); persistent signal (56.5); Objective A atypical/emerging evidence (55.1); severity burden from disease D005 (78.0)."
2026-07-27,S004,Chills,43.568725840578615,2.2391714737574007,14.164004259850904,1,10,45.79,0.23,55.34,3.0,D002,41.852000000000004,39.22,45.8,72.75595725958414,87.0,1145.0,1145.0,37.287902465024416,37.29,2,5,True,False,False,YELLOW,False,"Composite outbreak-risk score is 37.3, producing a YELLOW alert. Supporting evidence: historical baseline deviation (43.6); statistical anomaly (45.8); persistent signal (55.3); Objective A atypical/emerging evidence (41.9); severity burden from disease D002 (72.8)."
2026-07-27,S005,Sweating,43.568725840578615,2.2391714737574007,14.164004259850904,1,10,45.79,0.23,55.34,3.0,D002,41.852000000000004,39.22,45.8,72.75595725958414,87.0,1145.0,1145.0,37.287902465024416,37.29,2,5,True,False,False,YELLOW,False,"Composite outbreak-risk score is 37.3, producing a YELLOW alert. Supporting evidence: historical baseline deviation (43.6); statistical anomaly (45.8); persistent signal (55.3); Objective A atypical/emerging evidence (41.9); severity burden from disease D002 (72.8)."
2026-07-27,S002,Headache,45.02112803480654,2.301728967096629,8.86326194398682,2,10,46.11,0.0,30.0,0.0,D001,57.378,51.15,66.72,85.38266888333962,149.0,1753.0,1753.0,36.714869537721924,36.71,2,4,False,False,False,YELLOW,False,"Composite outbreak-risk score is 36.7, producing a YELLOW alert. Supporting evidence: historical baseline deviation (45.0); statistical anomaly (46.1); Objective A atypical/emerging evidence (57.4); severity burden from disease D001 (85.4)."
2026-07-27,S015,Joint Pain,43.471730054490514,2.225601100566728,14.594594594594597,1,10,45.58,0.5,30.0,3.0,D001,50.532,48.56,53.49,85.38266888333962,149.0,1753.0,1753.0,36.243359840674515,36.24,1,4,False,False,False,YELLOW,False,"Composite outbreak-risk score is 36.2, producing a YELLOW alert. Supporting evidence: historical baseline deviation (43.5); statistical anomaly (45.6); Objective A atypical/emerging evidence (50.5); severity burden from disease D001 (85.4)."
2026-07-27,S023,Weight Loss,37.157697792283564,0.9749164129915592,69.6969696969697,0,10,44.66,6.67,30.0,0.0,D006,47.236000000000004,42.56,54.25,82.26999228393322,38.0,294.0,294.0,34.83725351143252,34.84,1,4,False,False,False,GREEN,False,"Composite outbreak-risk score is 34.8, producing a GREEN alert. Supporting evidence: historical baseline deviation (37.2); statistical anomaly (44.7); Objective A atypical/emerging evidence (47.2); severity burden from disease D006 (82.3)."
2026-07-27,S016,Retro-orbital Pain,38.865742561039,1.9330713142257203,15.492957746478872,1,10,43.53,0.2,30.0,3.0,D001,46.812,44.84,49.77,85.38266888333962,149.0,1753.0,1753.0,34.82796171665679,34.83,1,4,False,False,False,GREEN,False,"Composite outbreak-risk score is 34.8, producing a GREEN alert. Supporting evidence: historical baseline deviation (38.9); statistical anomaly (43.5); Objective A atypical/emerging evidence (46.8); severity burden from disease D001 (85.4)."
2026-07-27,S010,Breathlessness,22.173931453974532,0.730435887238472,33.33333333333333,0,10,43.89,13.89,30.0,0.0,D005,55.126000000000005,53.05,58.24,78.00081959331357,94.0,1401.0,1401.0,33.70581265709321,33.71,2,3,False,False,False,GREEN,False,"Composite outbreak-risk score is 33.7, producing a GREEN alert. Supporting evidence: statistical anomaly (43.9); Objective A atypical/emerging evidence (55.1); severity burden from disease D005 (78.0)."
2026-07-27,S014,Muscle Pain,25.632204133569466,1.437902530332147,5.557206537890044,0,10,40.07,0.54,30.0,0.0,D001,57.378,51.15,66.72,85.38266888333962,149.0,1753.0,1753.0,32.98153095253636,32.98,2,3,False,False,False,GREEN,False,"Composite outbreak-risk score is 33.0, producing a GREEN alert. Supporting evidence: statistical anomaly (40.1); Objective A atypical/emerging evidence (57.4); severity burden from disease D001 (85.4)."
2026-07-27,S017,Rash,22.9032165088159,1.0553919006106978,17.71117166212534,0,10,37.39,0.0,30.0,3.0,D001,57.378,51.15,66.72,85.38266888333962,149.0,1753.0,1753.0,32.53918280882333,32.54,2,3,False,False,False,GREEN,False,"Composite outbreak-risk score is 32.5, producing a GREEN alert. Supporting evidence: statistical anomaly (37.4); Objective A atypical/emerging evidence (57.4); severity burden from disease D001 (85.4)."
2026-07-27,S013,Loss of Smell,23.513948017821843,0.9634380371386748,24.85549132947977,0,10,38.24,0.0,30.0,0.0,D005,55.126000000000005,53.05,58.24,78.00081959331357,94.0,1401.0,1401.0,30.97581514167031,30.98,2,3,False,False,False,GREEN,False,"Composite outbreak-risk score is 31.0, producing a GREEN alert. Supporting evidence: statistical anomaly (38.2); Objective A atypical/emerging evidence (55.1); severity burden from disease D005 (78.0)."
2026-07-27,S008,Sore Throat,21.532242349724253,1.1501454889140292,7.87716955941255,0,10,38.05,0.0,30.0,0.0,D005,55.126000000000005,53.05,58.24,78.00081959331357,94.0,1401.0,1401.0,30.65005929145567,30.65,2,3,False,False,False,GREEN,False,"Composite outbreak-risk score is 30.6, producing a GREEN alert. Supporting evidence: statistical anomaly (38.0); Objective A atypical/emerging evidence (55.1); severity burden from disease D005 (78.0)."
2026-07-27,S009,Runny Nose,40.76099741600672,1.8572727481862092,12.688172043010754,3,10,43.57,1.5,56.26,11.0,,0.0,,,0.0,0.0,,0.0,22.963649612401007,22.96,1,3,True,False,False,GREEN,False,"Composite outbreak-risk score is 23.0, producing a GREEN alert. Supporting evidence: historical baseline deviation (40.8); statistical anomaly (43.6); persistent signal (56.3)."
2026-08-03,S019,Vomiting,66.79646017699115,6.033977866125205,22.65486725663716,5,10,66.14,4.43,48.1,35.0,D001,57.378,51.15,66.72,80.20498735855793,130.0,1760.0,1760.0,50.838517130332356,50.84,4,6,True,True,False,YELLOW,False,"Composite outbreak-risk score is 50.8, producing a YELLOW alert. Supporting evidence: historical baseline deviation (66.8); statistical anomaly (66.1); persistent signal (48.1); spatial propagation (35.0); Objective A atypical/emerging evidence (57.4); severity burden from disease D001 (80.2)."
2026-08-03,S020,Diarrhoea,64.61386138613861,6.809642187225957,28.71287128712871,3,10,66.2,4.41,47.89,47.0,D008,48.106,42.95,55.84,69.78730163916656,49.0,1284.0,1284.0,49.79577445379577,49.8,3,6,True,True,False,YELLOW,False,"Composite outbreak-risk score is 49.8, producing a YELLOW alert. Supporting evidence: historical baseline deviation (64.6); statistical anomaly (66.2); persistent signal (47.9); spatial propagation (47.0); Objective A atypical/emerging evidence (48.1); severity burden from disease D008 (69.8)."
2026-08-03,S027,Dehydration,82.0,3.238892010539823,142.3076923076923,1,10,59.14,12.13,59.84,13.0,D008,48.106,42.95,55.84,69.78730163916656,49.0,1284.0,1284.0,49.19519524587499,49.2,4,5,True,False,False,YELLOW,False,"Composite outbreak-risk score is 49.2, producing a YELLOW alert. Supporting evidence: historical baseline deviation (82.0); statistical anomaly (59.1); persistent signal (59.8); Objective A atypical/emerging evidence (48.1); severity burden from disease D008 (69.8)."
2026-08-03,S022,Loss of Appetite,65.34285714285716,3.253006762193809,31.14285714285716,3,10,53.5,3.01,56.78,37.0,D007,47.278000000000006,45.57,49.84,78.30264372209747,35.0,534.0,534.0,48.818125129743194,48.82,3,6,True,True,False,YELLOW,False,"Composite outbreak-risk score is 48.8, producing a YELLOW alert. Supporting evidence: historical baseline deviation (65.3); statistical anomaly (53.5); persistent signal (56.8); spatial propagation (37.0); Objective A atypical/emerging evidence (47.3); severity burden from disease D007 (78.3)."
2026-08-03,S025,Bleeding,84.0,3.2659863237109046,107.6923076923077,2,10,54.36,0.0,30.0,37.0,D001,46.728,44.36,50.28,80.20498735855793,130.0,1760.0,1760.0,47.507548103783684,47.51,2,5,False,True,False,YELLOW,False,"Composite outbreak-risk score is 47.5, producing a YELLOW alert. Supporting evidence: historical baseline deviation (84.0); statistical anomaly (54.4); spatial propagation (37.0); Objective A atypical/emerging evidence (46.7); severity burden from disease D001 (80.2)."
2026-08-03,S023,Weight Loss,51.226124191242434,1.6035674514745462,75.0,1,10,53.77,12.65,59.64,9.0,D006,47.236000000000004,42.56,54.25,91.4155896615434,42.0,304.0,304.0,46.37885707791787,46.38,2,5,True,False,False,YELLOW,False,"Composite outbreak-risk score is 46.4, producing a YELLOW alert. Supporting evidence: historical baseline deviation (51.2); statistical anomaly (53.8); persistent signal (59.6); Objective A atypical/emerging evidence (47.2); severity burden from disease D006 (91.4)."
2026-08-03,S011,Chest Pain,57.64723678960656,1.7638342073763935,87.50000000000001,1,10,47.48,4.27,58.38,13.0,D006,47.236000000000004,42.56,54.25,91.4155896615434,42.0,304.0,304.0,45.55252396767249,45.55,3,5,True,False,False,YELLOW,False,"Composite outbreak-risk score is 45.5, producing a YELLOW alert. Supporting evidence: historical baseline deviation (57.6); statistical anomaly (47.5); persistent signal (58.4); Objective A atypical/emerging evidence (47.2); severity burden from disease D006 (91.4)."
2026-08-03,S021,Abdominal Pain,63.850267379679146,4.285331998751056,32.83422459893048,2,10,60.52,1.38,46.41,23.0,D008,48.106,42.95,55.84,69.78730163916656,49.0,1284.0,1284.0,44.55273535282685,44.55,3,5,True,False,False,YELLOW,False,"Composite outbreak-risk score is 44.5, producing a YELLOW alert. Supporting evidence: historical baseline deviation (63.9); statistical anomaly (60.5); persistent signal (46.4); Objective A atypical/emerging evidence (48.1); severity burden from disease D008 (69.8)."
2026-08-03,S013,Loss of Smell,65.23262839879155,3.2644552250736165,44.10876132930513,1,10,54.35,0.0,30.0,23.0,D005,55.126000000000005,53.05,58.24,84.48799654962069,89.0,1400.0,1400.0,44.073193742261836,44.07,3,4,False,False,False,YELLOW,False,"Composite outbreak-risk score is 44.1, producing a YELLOW alert. Supporting evidence: historical baseline deviation (65.2); statistical anomaly (54.4); Objective A atypical/emerging evidence (55.1); severity burden from disease D005 (84.5)."
2026-08-03,S010,Breathlessness,62.552051597327406,2.3803644751499897,62.93103448275862,2,10,49.66,0.0,30.0,23.0,D005,55.126000000000005,53.05,58.24,84.48799654962069,89.0,1400.0,1400.0,42.96760722204221,42.97,3,4,False,False,False,YELLOW,False,"Composite outbreak-risk score is 43.0, producing a YELLOW alert. Supporting evidence: historical baseline deviation (62.6); statistical anomaly (49.7); Objective A atypical/emerging evidence (55.1); severity burden from disease D005 (84.5)."
2026-08-03,S003,Fatigue,48.48062613225004,2.405388200846395,14.636075949367076,2,10,46.84,0.06,55.1,14.0,D005,55.126000000000005,53.05,58.24,84.48799654962069,89.0,1400.0,1400.0,42.85789340228061,42.86,3,5,True,False,False,YELLOW,False,"Composite outbreak-risk score is 42.9, producing a YELLOW alert. Supporting evidence: historical baseline deviation (48.5); statistical anomaly (46.8); persistent signal (55.1); Objective A atypical/emerging evidence (55.1); severity burden from disease D005 (84.5)."
2026-08-03,S026,Anaemia,65.92544593839082,2.0355267563034487,170.0,1,10,35.25,0.0,57.61,4.29,D002,41.852000000000004,39.22,45.8,86.4802122451989,84.0,1135.0,1135.0,41.61854872753845,41.62,3,5,True,False,False,YELLOW,False,"Composite outbreak-risk score is 41.6, producing a YELLOW alert. Supporting evidence: historical baseline deviation (65.9); statistical anomaly (35.2); persistent signal (57.6); Objective A atypical/emerging evidence (41.9); severity burden from disease D002 (86.5)."
2026-08-03,S018,Nausea,32.11047640147868,1.507913380662596,16.59528907922913,1,10,41.04,2.1,56.37,27.0,D001,57.378,51.15,66.72,80.20498735855793,130.0,1760.0,1760.0,41.56161956400549,41.56,3,4,True,False,False,YELLOW,False,"Composite outbreak-risk score is 41.6, producing a YELLOW alert. Supporting evidence: statistical anomaly (41.0); persistent signal (56.4); Objective A atypical/emerging evidence (57.4); severity burden from disease D001 (80.2)."
2026-08-03,S007,Persistent Cough,33.64469848297442,1.4748521217444224,30.21276595744681,0,10,41.25,4.01,43.21,29.0,D006,47.236000000000004,42.56,54.25,91.4155896615434,42.0,304.0,304.0,41.10314322167767,41.1,1,4,True,False,False,YELLOW,False,"Composite outbreak-risk score is 41.1, producing a YELLOW alert. Supporting evidence: statistical anomaly (41.2); persistent signal (43.2); Objective A atypical/emerging evidence (47.2); severity burden from disease D006 (91.4)."
2026-08-03,S017,Rash,52.28976823352481,2.392376073971408,28.056112224448903,2,10,49.03,4.27,30.0,19.0,D001,57.378,51.15,66.72,80.20498735855793,130.0,1760.0,1760.0,40.95701333881241,40.96,2,4,False,False,False,YELLOW,False,"Composite outbreak-risk score is 41.0, producing a YELLOW alert. Supporting evidence: historical baseline deviation (52.3); statistical anomaly (49.0); Objective A atypical/emerging evidence (57.4); severity burden from disease D001 (80.2)."
2026-08-03,S016,Retro-orbital Pain,60.56563157680628,2.960889949402897,24.0582191780822,2,10,50.73,0.28,30.0,11.0,D001,46.812,44.84,49.77,80.20498735855793,130.0,1760.0,1760.0,39.59829284030463,39.6,2,4,False,False,False,YELLOW,False,"Composite outbreak-risk score is 39.6, producing a YELLOW alert. Supporting evidence: historical baseline deviation (60.6); statistical anomaly (50.7); Objective A atypical/emerging evidence (46.8); severity burden from disease D001 (80.2)."
2026-08-03,S004,Chills,41.45069027439577,2.105465061783943,14.532019704433491,1,10,44.82,0.17,55.27,3.0,D002,41.852000000000004,39.22,45.8,86.4802122451989,84.0,1135.0,1135.0,38.863835377939196,38.86,2,5,True,False,False,YELLOW,False,"Composite outbreak-risk score is 38.9, producing a YELLOW alert. Supporting evidence: historical baseline deviation (41.5); statistical anomaly (44.8); persistent signal (55.3); Objective A atypical/emerging evidence (41.9); severity burden from disease D002 (86.5)."
2026-08-03,S005,Sweating,41.45069027439577,2.105465061783943,14.532019704433491,1,10,44.82,0.17,55.27,3.0,D002,41.852000000000004,39.22,45.8,86.4802122451989,84.0,1135.0,1135.0,38.863835377939196,38.86,2,5,True,False,False,YELLOW,False,"Composite outbreak-risk score is 38.9, producing a YELLOW alert. Supporting evidence: historical baseline deviation (41.5); statistical anomaly (44.8); persistent signal (55.3); Objective A atypical/emerging evidence (41.9); severity burden from disease D002 (86.5)."
2026-08-03,S012,Loss of Taste,42.91573832505823,1.701683429938276,41.84782608695653,1,10,41.91,0.0,30.0,21.0,D005,55.126000000000005,53.05,58.24,84.48799654962069,89.0,1400.0,1400.0,38.55966023120183,38.56,2,4,False,False,False,YELLOW,False,"Composite outbreak-risk score is 38.6, producing a YELLOW alert. Supporting evidence: historical baseline deviation (42.9); statistical anomaly (41.9); Objective A atypical/emerging evidence (55.1); severity burden from disease D005 (84.5)."
2026-08-03,S001,Fever,37.27243212898421,2.0282966561531235,4.89162619921829,1,10,44.25,0.28,55.12,0.0,D001,57.378,51.15,66.72,80.20498735855793,130.0,1760.0,1760.0,38.306912923131314,38.31,3,5,True,False,False,YELLOW,False,"Composite outbreak-risk score is 38.3, producing a YELLOW alert. Supporting evidence: historical baseline deviation (37.3); statistical anomaly (44.2); persistent signal (55.1); Objective A atypical/emerging evidence (57.4); severity burden from disease D001 (80.2)."
2026-08-03,S015,Joint Pain,32.563528967503935,1.6263500458450395,11.525649566955368,1,10,41.7,1.69,30.0,11.0,D001,50.532,48.56,53.49,80.20498735855793,130.0,1760.0,1760.0,34.62697744890928,34.63,1,3,False,False,False,GREEN,False,"Composite outbreak-risk score is 34.6, producing a GREEN alert. Supporting evidence: statistical anomaly (41.7); Objective A atypical/emerging evidence (50.5); severity burden from disease D001 (80.2)."
2026-08-03,S024,Night Sweats,25.294382258037448,0.917662935482247,33.33333333333333,0,10,37.92,0.0,30.0,0.0,D006,47.236000000000004,42.56,54.25,91.4155896615434,42.0,304.0,304.0,32.418095787937126,32.42,1,3,False,False,False,GREEN,False,"Composite outbreak-risk score is 32.4, producing a GREEN alert. Supporting evidence: statistical anomaly (37.9); Objective A atypical/emerging evidence (47.2); severity burden from disease D006 (91.4)."
2026-08-03,S014,Muscle Pain,25.098363841818628,1.4016197146401002,5.793450881612091,0,10,39.99,0.79,30.0,0.0,D001,57.378,51.15,66.72,80.20498735855793,130.0,1760.0,1760.0,32.15030268005648,32.15,2,3,False,False,False,GREEN,False,"Composite outbreak-risk score is 32.1, producing a GREEN alert. Supporting evidence: statistical anomaly (40.0); Objective A atypical/emerging evidence (57.4); severity burden from disease D001 (80.2)."
2026-08-03,S002,Headache,21.40631012387179,1.2003694261010145,4.6671767406273865,0,10,38.44,0.51,30.0,0.0,D001,57.378,51.15,66.72,80.20498735855793,130.0,1760.0,1760.0,31.321994622364457,31.32,2,3,False,False,False,GREEN,False,"Composite outbreak-risk score is 31.3, producing a GREEN alert. Supporting evidence: statistical anomaly (38.4); Objective A atypical/emerging evidence (57.4); severity burden from disease D001 (80.2)."
2026-08-03,S008,Sore Throat,15.569374020348935,0.8473562537778061,4.822565969062782,0,10,35.93,0.41,30.0,0.0,D005,55.126000000000005,53.05,58.24,84.48799654962069,89.0,1400.0,1400.0,30.472205585495445,30.47,2,3,False,False,False,GREEN,False,"Composite outbreak-risk score is 30.5, producing a GREEN alert. Supporting evidence: statistical anomaly (35.9); Objective A atypical/emerging evidence (55.1); severity burden from disease D005 (84.5)."
2026-08-03,S006,Dry Cough,14.574632136890992,0.8067132223311066,3.7647058823529393,0,10,35.65,0.0,30.0,0.0,D005,55.126000000000005,53.05,58.24,84.48799654962069,89.0,1400.0,1400.0,30.21949430297675,30.22,2,3,False,False,False,GREEN,False,"Composite outbreak-risk score is 30.2, producing a GREEN alert. Supporting evidence: statistical anomaly (35.6); Objective A atypical/emerging evidence (55.1); severity burden from disease D005 (84.5)."
2026-08-03,S009,Runny Nose,28.279256107919682,1.4717553664751812,12.499999999999991,0,10,40.3,0.0,30.0,11.0,,0.0,,,0.0,0.0,,0.0,16.43688841618795,16.44,0,1,False,False,False,GREEN,False,"Composite outbreak-risk score is 16.4, producing a GREEN alert. Supporting evidence: statistical anomaly (40.3)."
2026-08-10,S010,Breathlessness,76.32558139534883,3.348937833908628,74.4186046511628,2,10,71.59,55.45,70.66,47.0,D005,55.126000000000005,53.05,58.24,80.0443788368485,101.0,1411.0,1411.0,65.67309403482959,65.67,6,7,True,True,True,ORANGE,True,"Composite outbreak-risk score is 65.7, producing a ORANGE alert. Supporting evidence: historical baseline deviation (76.3); statistical anomaly (71.6); temporal acceleration (55.5); persistent signal (70.7); spatial propagation (47.0); Objective A atypical/emerging evidence (55.1); severity burden from disease D005 (80.0)."
2026-08-10,S025,Bleeding,74.65416732783117,2.559250039669871,185.7142857142857,1,10,69.3,55.73,73.58,13.33,D001,46.728,44.36,50.28,83.06128827346575,131.0,1734.0,1734.0,60.121118340194535,60.12,5,6,True,False,True,ORANGE,True,"Composite outbreak-risk score is 60.1, producing a ORANGE alert. Supporting evidence: historical baseline deviation (74.7); statistical anomaly (69.3); temporal acceleration (55.7); persistent signal (73.6); Objective A atypical/emerging evidence (46.7); severity burden from disease D001 (83.1)."
2026-08-10,S027,Dehydration,83.16590531408082,2.9499543188448487,175.86206896551724,2,10,62.53,20.63,65.27,43.0,D008,48.106,42.95,55.84,74.94382565027162,55.0,1243.0,1243.0,57.24155964465287,57.24,4,6,True,True,False,ORANGE,True,"Composite outbreak-risk score is 57.2, producing a ORANGE alert. Supporting evidence: historical baseline deviation (83.2); statistical anomaly (62.5); persistent signal (65.3); spatial propagation (43.0); Objective A atypical/emerging evidence (48.1); severity burden from disease D008 (74.9)."
2026-08-10,S026,Anaemia,69.21042037676253,2.232625222605752,149.99999999999997,1,10,57.3,20.08,62.91,11.0,D002,41.852000000000004,39.22,45.8,82.88105400991536,97.0,1161.0,1161.0,49.692421158001686,49.69,4,5,True,False,False,YELLOW,False,"Composite outbreak-risk score is 49.7, producing a YELLOW alert. Supporting evidence: historical baseline deviation (69.2); statistical anomaly (57.3); persistent signal (62.9); Objective A atypical/emerging evidence (41.9); severity burden from disease D002 (82.9)."
2026-08-10,S013,Loss of Smell,34.58182536818041,1.351545036109516,40.18691588785048,0,10,46.3,34.15,64.26,31.0,D005,55.126000000000005,53.05,58.24,80.0443788368485,101.0,1411.0,1411.0,49.063030630754334,49.06,3,4,True,False,False,YELLOW,False,"Composite outbreak-risk score is 49.1, producing a YELLOW alert. Supporting evidence: statistical anomaly (46.3); persistent signal (64.3); Objective A atypical/emerging evidence (55.1); severity burden from disease D005 (80.0)."
2026-08-10,S022,Loss of Appetite,66.49674854800469,2.7298049128802817,63.33333333333333,1,10,50.61,16.67,30.0,17.0,D007,47.278000000000006,45.57,49.84,85.07607838858101,31.0,504.0,504.0,44.60572404048786,44.61,2,4,False,False,False,YELLOW,False,"Composite outbreak-risk score is 44.6, producing a YELLOW alert. Supporting evidence: historical baseline deviation (66.5); statistical anomaly (50.6); Objective A atypical/emerging evidence (47.3); severity burden from disease D007 (85.1)."
2026-08-10,S007,Persistent Cough,61.33880670773259,2.5646527267882795,48.64864864864865,2,10,47.95,9.49,47.89,31.0,D006,47.236000000000004,42.56,54.25,67.97095089916444,24.0,285.0,285.0,44.56956364103455,44.57,2,5,True,False,False,YELLOW,False,"Composite outbreak-risk score is 44.6, producing a YELLOW alert. Supporting evidence: historical baseline deviation (61.3); statistical anomaly (48.0); persistent signal (47.9); Objective A atypical/emerging evidence (47.2); severity burden from disease D006 (68.0)."
2026-08-10,S012,Loss of Taste,45.02145667520154,1.7390855656497073,46.78899082568807,1,10,46.16,24.12,30.0,31.0,D005,55.126000000000005,53.05,58.24,80.0443788368485,101.0,1411.0,1411.0,43.9644753268075,43.96,2,4,False,False,False,YELLOW,False,"Composite outbreak-risk score is 44.0, producing a YELLOW alert. Supporting evidence: historical baseline deviation (45.0); statistical anomaly (46.2); Objective A atypical/emerging evidence (55.1); severity burden from disease D005 (80.0)."
2026-08-10,S016,Retro-orbital Pain,59.707948243992604,3.0380548168299546,25.693160813308687,1,10,51.61,19.42,30.0,13.0,D001,46.812,44.84,49.77,83.06128827346575,131.0,1734.0,1734.0,43.201085477618754,43.2,2,4,False,False,False,YELLOW,False,"Composite outbreak-risk score is 43.2, producing a YELLOW alert. Supporting evidence: historical baseline deviation (59.7); statistical anomaly (51.6); Objective A atypical/emerging evidence (46.8); severity burden from disease D001 (83.1)."
2026-08-10,S001,Fever,54.00520301132256,2.898986895283736,5.62918252197874,2,10,50.36,0.16,55.15,0.0,D001,57.378,51.15,66.72,83.06128827346575,131.0,1734.0,1734.0,42.14827369271824,42.15,3,5,True,False,False,YELLOW,False,"Composite outbreak-risk score is 42.1, producing a YELLOW alert. Supporting evidence: historical baseline deviation (54.0); statistical anomaly (50.4); persistent signal (55.1); Objective A atypical/emerging evidence (57.4); severity burden from disease D001 (83.1)."
2026-08-10,S020,Diarrhoea,41.72655148412985,2.138557265096921,13.613101330603886,1,10,44.97,9.02,53.12,3.0,D008,48.106,42.95,55.84,74.94382565027162,55.0,1243.0,1243.0,38.827656570160215,38.83,1,5,True,False,False,YELLOW,False,"Composite outbreak-risk score is 38.8, producing a YELLOW alert. Supporting evidence: historical baseline deviation (41.7); statistical anomaly (45.0); persistent signal (53.1); Objective A atypical/emerging evidence (48.1); severity burden from disease D008 (74.9)."
2026-08-10,S006,Dry Cough,38.743468005403834,2.0874483170106206,6.508875739644967,1,10,45.09,2.13,55.84,0.0,D005,55.126000000000005,53.05,58.24,80.0443788368485,101.0,1411.0,1411.0,38.789777026337845,38.79,3,5,True,False,False,YELLOW,False,"Composite outbreak-risk score is 38.8, producing a YELLOW alert. Supporting evidence: historical baseline deviation (38.7); statistical anomaly (45.1); persistent signal (55.8); Objective A atypical/emerging evidence (55.1); severity burden from disease D005 (80.0)."
2026-08-10,S004,Chills,25.233882359647396,1.2704549599274677,13.532110091743116,0,10,39.49,12.13,59.02,11.0,D002,41.852000000000004,39.22,45.8,82.88105400991536,97.0,1161.0,1161.0,38.64844045543441,38.65,2,4,True,False,False,YELLOW,False,"Composite outbreak-risk score is 38.6, producing a YELLOW alert. Supporting evidence: statistical anomaly (39.5); persistent signal (59.0); Objective A atypical/emerging evidence (41.9); severity burden from disease D002 (82.9)."
2026-08-10,S005,Sweating,25.233882359647396,1.2704549599274677,13.532110091743116,0,10,39.49,12.13,59.02,11.0,D002,41.852000000000004,39.22,45.8,82.88105400991536,97.0,1161.0,1161.0,38.64844045543441,38.65,2,4,True,False,False,YELLOW,False,"Composite outbreak-risk score is 38.6, producing a YELLOW alert. Supporting evidence: statistical anomaly (39.5); persistent signal (59.0); Objective A atypical/emerging evidence (41.9); severity burden from disease D002 (82.9)."
2026-08-10,S015,Joint Pain,47.5509487380066,2.4169096154985263,17.56373937677055,1,10,47.25,9.26,30.0,3.0,D001,50.532,48.56,53.49,83.06128827346575,131.0,1734.0,1734.0,38.07153555172085,38.07,1,4,False,False,False,YELLOW,False,"Composite outbreak-risk score is 38.1, producing a YELLOW alert. Supporting evidence: historical baseline deviation (47.6); statistical anomaly (47.2); Objective A atypical/emerging evidence (50.5); severity burden from disease D001 (83.1)."
2026-08-10,S017,Rash,25.321225530572477,1.176416388977206,19.04761904761904,0,10,38.54,17.27,30.0,13.0,D001,57.378,51.15,66.72,83.06128827346575,131.0,1734.0,1734.0,36.816677070605735,36.82,2,3,False,False,False,YELLOW,False,"Composite outbreak-risk score is 36.8, producing a YELLOW alert. Supporting evidence: statistical anomaly (38.5); Objective A atypical/emerging evidence (57.4); severity burden from disease D001 (83.1)."
2026-08-10,S019,Vomiting,26.28704955883172,1.3867016465156852,10.584518167456562,0,10,39.71,0.0,50.23,3.0,D001,57.378,51.15,66.72,83.06128827346575,131.0,1734.0,1734.0,36.08105067484462,36.08,2,4,True,False,False,YELLOW,False,"Composite outbreak-risk score is 36.1, producing a YELLOW alert. Supporting evidence: statistical anomaly (39.7); persistent signal (50.2); Objective A atypical/emerging evidence (57.4); severity burden from disease D001 (83.1)."
2026-08-10,S014,Muscle Pain,41.55332083487369,2.058631080619309,10.80934274850625,2,10,44.41,0.0,30.0,3.0,D001,57.378,51.15,66.72,83.06128827346575,131.0,1734.0,1734.0,36.041491366250916,36.04,2,4,False,False,False,YELLOW,False,"Composite outbreak-risk score is 36.0, producing a YELLOW alert. Supporting evidence: historical baseline deviation (41.6); statistical anomaly (44.4); Objective A atypical/emerging evidence (57.4); severity burden from disease D001 (83.1)."
2026-08-10,S003,Fatigue,24.57675555544807,1.3040790175374106,9.473684210526317,0,10,39.21,11.69,30.0,0.0,D005,55.126000000000005,53.05,58.24,80.0443788368485,101.0,1411.0,1411.0,33.340770158844485,33.34,2,3,False,False,False,GREEN,False,"Composite outbreak-risk score is 33.3, producing a GREEN alert. Supporting evidence: statistical anomaly (39.2); Objective A atypical/emerging evidence (55.1); severity burden from disease D005 (80.0)."
2026-08-10,S024,Night Sweats,23.149858514250884,1.0289915108550531,20.0,0,10,38.7,20.0,30.0,9.0,D006,47.236000000000004,42.56,54.25,67.97095089916444,24.0,285.0,285.0,33.046721412012296,33.05,1,3,False,False,False,GREEN,False,"Composite outbreak-risk score is 33.0, producing a GREEN alert. Supporting evidence: statistical anomaly (38.7); Objective A atypical/emerging evidence (47.2); severity burden from disease D006 (68.0)."
2026-08-10,S008,Sore Throat,23.25968385853359,1.2782877984293088,6.516290726817039,0,10,39.24,9.66,30.0,0.0,D005,55.126000000000005,53.05,58.24,80.0443788368485,101.0,1411.0,1411.0,32.843209404307316,32.84,2,3,False,False,False,GREEN,False,"Composite outbreak-risk score is 32.8, producing a GREEN alert. Supporting evidence: statistical anomaly (39.2); Objective A atypical/emerging evidence (55.1); severity burden from disease D005 (80.0)."
2026-08-10,S011,Chest Pain,37.85992470695763,1.3023647131866884,53.84615384615385,0,10,37.91,0.58,30.0,11.75,D006,47.236000000000004,42.56,54.25,67.97095089916444,24.0,285.0,285.0,32.63423134091831,32.63,1,4,False,False,False,GREEN,False,"Composite outbreak-risk score is 32.6, producing a GREEN alert. Supporting evidence: historical baseline deviation (37.9); statistical anomaly (37.9); Objective A atypical/emerging evidence (47.2); severity burden from disease D006 (68.0)."
2026-08-10,S002,Headache,23.86641230136448,1.327801858704437,5.787937743190665,0,10,39.42,0.38,30.0,0.0,D001,57.378,51.15,66.72,83.06128827346575,131.0,1734.0,1734.0,32.24695508622453,32.25,2,3,False,False,False,GREEN,False,"Composite outbreak-risk score is 32.2, producing a GREEN alert. Supporting evidence: statistical anomaly (39.4); Objective A atypical/emerging evidence (57.4); severity burden from disease D001 (83.1)."
2026-08-10,S021,Abdominal Pain,19.732292117029694,0.9545257623158993,12.745098039215694,0,10,36.68,20.0,30.0,0.0,D008,48.106,42.95,55.84,74.94382565027162,55.0,1243.0,1243.0,32.014017665095196,32.01,1,3,False,False,False,GREEN,False,"Composite outbreak-risk score is 32.0, producing a GREEN alert. Supporting evidence: statistical anomaly (36.7); Objective A atypical/emerging evidence (48.1); severity burden from disease D008 (74.9)."
2026-08-10,S018,Nausea,22.61167825261421,1.2122562507124082,8.024691358024697,0,10,38.49,0.0,30.0,0.0,D001,57.378,51.15,66.72,83.06128827346575,131.0,1734.0,1734.0,31.862244978911995,31.86,2,3,False,False,False,GREEN,False,"Composite outbreak-risk score is 31.9, producing a GREEN alert. Supporting evidence: statistical anomaly (38.5); Objective A atypical/emerging evidence (57.4); severity burden from disease D001 (83.1)."
2026-08-10,S009,Runny Nose,35.501836861041234,1.716232660642066,16.3265306122449,1,10,42.28,15.06,30.0,21.0,,0.0,,,0.0,0.0,,0.0,21.576275529156185,21.58,0,2,False,False,False,GREEN,False,"Composite outbreak-risk score is 21.6, producing a GREEN alert. Supporting evidence: historical baseline deviation (35.5); statistical anomaly (42.3)."
2026-08-10,S023,Weight Loss,9.154255241971168,0.2316082556947405,17.647058823529417,0,10,30.12,0.0,0.0,0.0,D006,47.236000000000004,42.56,54.25,67.97095089916444,24.0,285.0,285.0,20.810380921170342,20.81,1,2,False,False,False,GREEN,False,"Composite outbreak-risk score is 20.8, producing a GREEN alert. Supporting evidence: Objective A atypical/emerging evidence (47.2); severity burden from disease D006 (68.0)."
2026-08-17,S024,Night Sweats,73.65217391304347,3.650335826208402,72.17391304347825,1,10,76.41,82.97,80.12,51.0,D006,47.236000000000004,42.56,54.25,93.35231516674024,38.0,292.0,292.0,73.34927336196755,73.35,5,7,True,True,True,ORANGE,True,"Composite outbreak-risk score is 73.3, producing a ORANGE alert. Supporting evidence: historical baseline deviation (73.7); statistical anomaly (76.4); temporal acceleration (83.0); persistent signal (80.1); spatial propagation (51.0); Objective A atypical/emerging evidence (47.2); severity burden from disease D006 (93.4)."
2026-08-17,S023,Weight Loss,77.79409140517065,2.747645484310239,114.63414634146343,1,10,73.4,63.23,39.36,9.0,D006,47.236000000000004,42.56,54.25,93.35231516674024,38.0,292.0,292.0,58.14406098578662,58.14,4,6,True,False,True,ORANGE,True,"Composite outbreak-risk score is 58.1, producing a ORANGE alert. Supporting evidence: historical baseline deviation (77.8); statistical anomaly (73.4); temporal acceleration (63.2); persistent signal (39.4); Objective A atypical/emerging evidence (47.2); severity burden from disease D006 (93.4)."
2026-08-17,S011,Chest Pain,67.36488405817542,2.0018930434905253,109.52380952380952,2,10,53.85,28.78,30.0,27.67,D006,47.236000000000004,42.56,54.25,93.35231516674024,38.0,292.0,292.0,49.87617988373735,49.88,2,4,False,False,False,YELLOW,False,"Composite outbreak-risk score is 49.9, producing a YELLOW alert. Supporting evidence: historical baseline deviation (67.4); statistical anomaly (53.9); Objective A atypical/emerging evidence (47.2); severity burden from disease D006 (93.4)."
2026-08-17,S027,Dehydration,66.60228327239165,2.0761369963434992,166.66666666666669,1,10,57.37,23.35,62.09,15.0,D008,48.106,42.95,55.84,61.34847407553812,50.0,1212.0,1212.0,47.67471360218946,47.67,4,5,True,False,False,YELLOW,False,"Composite outbreak-risk score is 47.7, producing a YELLOW alert. Supporting evidence: historical baseline deviation (66.6); statistical anomaly (57.4); persistent signal (62.1); Objective A atypical/emerging evidence (48.1); severity burden from disease D008 (61.3)."
2026-08-17,S025,Bleeding,82.0,3.744050799625876,282.60869565217394,1,10,61.18,3.93,56.34,11.0,D001,46.728,44.36,50.28,67.2407899990632,142.0,1779.0,1779.0,46.92641849985948,46.93,4,5,True,False,False,YELLOW,False,"Composite outbreak-risk score is 46.9, producing a YELLOW alert. Supporting evidence: historical baseline deviation (82.0); statistical anomaly (61.2); persistent signal (56.3); Objective A atypical/emerging evidence (46.7); severity burden from disease D001 (67.2)."
2026-08-17,S017,Rash,56.65882997727775,2.790913336289905,27.14535901926445,1,10,50.92,24.37,61.64,11.0,D001,57.378,51.15,66.72,67.2407899990632,142.0,1779.0,1779.0,46.51224299645114,46.51,4,5,True,False,False,YELLOW,False,"Composite outbreak-risk score is 46.5, producing a YELLOW alert. Supporting evidence: historical baseline deviation (56.7); statistical anomaly (50.9); persistent signal (61.6); Objective A atypical/emerging evidence (57.4); severity burden from disease D001 (67.2)."
2026-08-17,S007,Persistent Cough,44.54810398438415,1.9768862390630488,32.0,1,10,46.91,23.9,57.17,11.0,D006,47.236000000000004,42.56,54.25,93.35231516674024,38.0,292.0,292.0,46.25566287266865,46.26,2,5,True,False,False,YELLOW,False,"Composite outbreak-risk score is 46.3, producing a YELLOW alert. Supporting evidence: historical baseline deviation (44.5); statistical anomaly (46.9); persistent signal (57.2); Objective A atypical/emerging evidence (47.2); severity burden from disease D006 (93.4)."
2026-08-17,S010,Breathlessness,48.94129713927965,1.8616952196611267,53.04347826086956,1,10,53.52,22.31,61.68,3.0,D005,55.126000000000005,53.05,58.24,62.95877444713442,98.0,1429.0,1429.0,43.374110737962106,43.37,3,5,True,False,False,YELLOW,False,"Composite outbreak-risk score is 43.4, producing a YELLOW alert. Supporting evidence: historical baseline deviation (48.9); statistical anomaly (53.5); persistent signal (61.7); Objective A atypical/emerging evidence (55.1); severity burden from disease D005 (63.0)."
2026-08-17,S014,Muscle Pain,55.72760679834635,3.307102982463314,12.425355994487829,1,10,53.57,10.77,58.14,3.0,D001,57.378,51.15,66.72,67.2407899990632,142.0,1779.0,1779.0,43.005059519611436,43.01,4,5,True,False,False,YELLOW,False,"Composite outbreak-risk score is 43.0, producing a YELLOW alert. Supporting evidence: historical baseline deviation (55.7); statistical anomaly (53.6); persistent signal (58.1); Objective A atypical/emerging evidence (57.4); severity burden from disease D001 (67.2)."
2026-08-17,S015,Joint Pain,48.16171315585553,2.4517125138245897,17.666126418152345,1,10,47.8,18.76,60.37,3.0,D001,50.532,48.56,53.49,67.2407899990632,142.0,1779.0,1779.0,41.85307547323781,41.85,2,5,True,False,False,YELLOW,False,"Composite outbreak-risk score is 41.9, producing a YELLOW alert. Supporting evidence: historical baseline deviation (48.2); statistical anomaly (47.8); persistent signal (60.4); Objective A atypical/emerging evidence (50.5); severity burden from disease D001 (67.2)."
2026-08-17,S016,Retro-orbital Pain,42.42485362738412,2.054140977752711,20.63056888279645,1,10,45.22,17.55,59.79,11.0,D001,46.812,44.84,49.77,67.2407899990632,142.0,1779.0,1779.0,41.165046543967094,41.17,2,5,True,False,False,YELLOW,False,"Composite outbreak-risk score is 41.2, producing a YELLOW alert. Supporting evidence: historical baseline deviation (42.4); statistical anomaly (45.2); persistent signal (59.8); Objective A atypical/emerging evidence (46.8); severity burden from disease D001 (67.2)."
2026-08-17,S013,Loss of Smell,29.755713481543907,1.175474387840003,33.88157894736842,0,10,41.75,20.71,62.43,13.0,D005,55.126000000000005,53.05,58.24,62.95877444713442,98.0,1429.0,1429.0,40.103273189301746,40.1,3,4,True,False,False,YELLOW,False,"Composite outbreak-risk score is 40.1, producing a YELLOW alert. Supporting evidence: statistical anomaly (41.8); persistent signal (62.4); Objective A atypical/emerging evidence (55.1); severity burden from disease D005 (63.0)."
2026-08-17,S012,Loss of Taste,23.772433708612926,0.9484699163220855,26.54867256637167,0,10,43.31,31.37,64.89,0.0,D005,55.126000000000005,53.05,58.24,62.95877444713442,98.0,1429.0,1429.0,39.4577812233621,39.46,3,4,True,False,False,YELLOW,False,"Composite outbreak-risk score is 39.5, producing a YELLOW alert. Supporting evidence: statistical anomaly (43.3); persistent signal (64.9); Objective A atypical/emerging evidence (55.1); severity burden from disease D005 (63.0)."
2026-08-17,S003,Fatigue,41.36830659322557,2.038174612954155,17.995765702187725,1,10,44.8,13.88,59.24,3.0,D005,55.126000000000005,53.05,58.24,62.95877444713442,98.0,1429.0,1429.0,39.299662156054,39.3,3,5,True,False,False,YELLOW,False,"Composite outbreak-risk score is 39.3, producing a YELLOW alert. Supporting evidence: historical baseline deviation (41.4); statistical anomaly (44.8); persistent signal (59.2); Objective A atypical/emerging evidence (55.1); severity burden from disease D005 (63.0)."
2026-08-17,S006,Dry Cough,52.69309440198255,2.6204891162142085,10.060919328041356,3,10,48.58,0.47,55.66,3.0,D005,55.126000000000005,53.05,58.24,62.95877444713442,98.0,1429.0,1429.0,39.01688032736754,39.02,3,5,True,False,False,YELLOW,False,"Composite outbreak-risk score is 39.0, producing a YELLOW alert. Supporting evidence: historical baseline deviation (52.7); statistical anomaly (48.6); persistent signal (55.7); Objective A atypical/emerging evidence (55.1); severity burden from disease D005 (63.0)."
2026-08-17,S018,Nausea,23.839253164792588,1.2388658281854277,10.638297872340424,0,10,39.23,12.85,58.78,3.0,D001,57.378,51.15,66.72,67.2407899990632,142.0,1779.0,1779.0,36.47880647457836,36.48,3,4,True,False,False,YELLOW,False,"Composite outbreak-risk score is 36.5, producing a YELLOW alert. Supporting evidence: statistical anomaly (39.2); persistent signal (58.8); Objective A atypical/emerging evidence (57.4); severity burden from disease D001 (67.2)."
2026-08-17,S002,Headache,24.033217697687046,1.3300660669546014,6.2181663837011865,0,10,39.46,8.89,57.38,0.0,D001,57.378,51.15,66.72,67.2407899990632,142.0,1779.0,1779.0,35.288401154512535,35.29,3,4,True,False,False,YELLOW,False,"Composite outbreak-risk score is 35.3, producing a YELLOW alert. Supporting evidence: statistical anomaly (39.5); persistent signal (57.4); Objective A atypical/emerging evidence (57.4); severity burden from disease D001 (67.2)."
2026-08-17,S001,Fever,48.39392879867068,2.7049597628873365,4.370886946272473,1,10,48.93,0.0,30.0,0.0,D001,57.378,51.15,66.72,67.2407899990632,142.0,1779.0,1779.0,34.92250781966008,34.92,2,4,False,False,False,GREEN,False,"Composite outbreak-risk score is 34.9, producing a GREEN alert. Supporting evidence: historical baseline deviation (48.4); statistical anomaly (48.9); Objective A atypical/emerging evidence (57.4); severity burden from disease D001 (67.2)."
2026-08-17,S008,Sore Throat,21.228794096200094,1.1650616282452286,6.037000973709839,0,10,38.73,1.58,55.84,0.0,D005,55.126000000000005,53.05,58.24,62.95877444713442,98.0,1429.0,1429.0,32.56323528150017,32.56,3,4,True,False,False,GREEN,False,"Composite outbreak-risk score is 32.6, producing a GREEN alert. Supporting evidence: statistical anomaly (38.7); persistent signal (55.8); Objective A atypical/emerging evidence (55.1); severity burden from disease D005 (63.0)."
2026-08-17,S022,Loss of Appetite,17.126456773277948,0.7637437581882079,14.657980456026054,0,10,35.35,20.31,30.0,0.0,D007,47.278000000000006,45.57,49.84,82.57718851088418,28.0,498.0,498.0,32.532346792624324,32.53,1,3,False,False,False,GREEN,False,"Composite outbreak-risk score is 32.5, producing a GREEN alert. Supporting evidence: statistical anomaly (35.4); Objective A atypical/emerging evidence (47.3); severity burden from disease D007 (82.6)."
2026-08-17,S019,Vomiting,20.760428478736053,1.0983916661709718,8.179669030732855,0,10,37.69,9.57,30.0,0.0,D001,57.378,51.15,66.72,67.2407899990632,142.0,1779.0,1779.0,30.526982771669886,30.53,2,3,False,False,False,GREEN,False,"Composite outbreak-risk score is 30.5, producing a GREEN alert. Supporting evidence: statistical anomaly (37.7); Objective A atypical/emerging evidence (57.4); severity burden from disease D001 (67.2)."
2026-08-17,S021,Abdominal Pain,21.83728388754645,1.0604572975699678,13.876651982378856,0,10,37.51,12.19,30.0,3.0,D008,48.106,42.95,55.84,61.34847407553812,50.0,1212.0,1212.0,29.693463694462686,29.69,1,3,False,False,False,GREEN,False,"Composite outbreak-risk score is 29.7, producing a GREEN alert. Supporting evidence: statistical anomaly (37.5); Objective A atypical/emerging evidence (48.1); severity burden from disease D008 (61.3)."
2026-08-17,S009,Runny Nose,45.082195340973165,2.1934896846431213,15.08011310084826,2,10,46.27,17.7,60.45,16.0,,0.0,,,0.0,0.0,,0.0,27.825329301145977,27.83,1,3,True,False,False,GREEN,False,"Composite outbreak-risk score is 27.8, producing a GREEN alert. Supporting evidence: historical baseline deviation (45.1); statistical anomaly (46.3); persistent signal (60.5)."
2026-08-17,S020,Diarrhoea,15.545467224621394,0.8180695530475061,6.369915579432081,0,10,35.73,10.12,30.0,0.0,D008,48.106,42.95,55.84,61.34847407553812,50.0,1212.0,1212.0,27.722191195023925,27.72,1,3,False,False,False,GREEN,False,"Composite outbreak-risk score is 27.7, producing a GREEN alert. Supporting evidence: statistical anomaly (35.7); Objective A atypical/emerging evidence (48.1); severity burden from disease D008 (61.3)."
2026-08-17,S026,Anaemia,35.2518488536041,0.945110931216246,65.0,0,10,36.62,0.0,30.0,0.0,D002,41.852000000000004,39.22,45.8,39.64576926971641,74.0,1042.0,1042.0,25.412842718498077,25.41,0,4,False,False,False,GREEN,False,"Composite outbreak-risk score is 25.4, producing a GREEN alert. Supporting evidence: historical baseline deviation (35.3); statistical anomaly (36.6); Objective A atypical/emerging evidence (41.9); severity burden from disease D002 (39.6)."
2026-08-17,S004,Chills,11.810165221922379,0.6236253931915037,4.721362229102168,0,10,34.37,0.0,0.0,0.0,D002,41.852000000000004,39.22,45.8,39.64576926971641,74.0,1042.0,1042.0,17.05909017374582,17.06,0,2,False,False,False,GREEN,False,"Composite outbreak-risk score is 17.1, producing a GREEN alert. Supporting evidence: Objective A atypical/emerging evidence (41.9); severity burden from disease D002 (39.6)."
2026-08-17,S005,Sweating,11.810165221922379,0.6236253931915037,4.721362229102168,0,10,34.37,0.0,0.0,0.0,D002,41.852000000000004,39.22,45.8,39.64576926971641,74.0,1042.0,1042.0,17.05909017374582,17.06,0,2,False,False,False,GREEN,False,"Composite outbreak-risk score is 17.1, producing a GREEN alert. Supporting evidence: Objective A atypical/emerging evidence (41.9); severity burden from disease D002 (39.6)."
2026-08-24,S011,Chest Pain,47.11785280401506,1.2165448524514295,89.47368421052633,0,10,48.18,10.33,30.0,13.0,D006,47.236000000000004,42.56,54.25,88.67945234250843,34.0,232.0,232.0,40.319695771978516,40.32,1,4,False,False,False,YELLOW,False,"Composite outbreak-risk score is 40.3, producing a YELLOW alert. Supporting evidence: historical baseline deviation (47.1); statistical anomaly (48.2); Objective A atypical/emerging evidence (47.2); severity burden from disease D006 (88.7)."
2026-08-24,S027,Dehydration,60.47445077571396,1.7084670465428378,110.0,1,10,45.06,0.2,30.0,11.0,D008,48.106,42.95,55.84,75.7968771963547,38.0,1076.0,1076.0,38.1902991958103,38.19,2,4,False,False,False,YELLOW,False,"Composite outbreak-risk score is 38.2, producing a YELLOW alert. Supporting evidence: historical baseline deviation (60.5); statistical anomaly (45.1); Objective A atypical/emerging evidence (48.1); severity burden from disease D008 (75.8)."
2026-08-24,S007,Persistent Cough,29.713050561149622,1.321626008875589,25.6198347107438,0,10,39.25,13.33,30.0,3.0,D006,47.236000000000004,42.56,54.25,88.67945234250843,34.0,232.0,232.0,35.31947543554871,35.32,1,3,False,False,False,YELLOW,False,"Composite outbreak-risk score is 35.3, producing a YELLOW alert. Supporting evidence: statistical anomaly (39.2); Objective A atypical/emerging evidence (47.2); severity burden from disease D006 (88.7)."
2026-08-24,S023,Weight Loss,17.46570956811629,0.533656859801263,28.57142857142857,0,10,37.72,1.97,30.0,0.0,D006,47.236000000000004,42.56,54.25,88.67945234250843,34.0,232.0,232.0,31.098874286593706,31.1,1,3,False,False,False,GREEN,False,"Composite outbreak-risk score is 31.1, producing a GREEN alert. Supporting evidence: statistical anomaly (37.7); Objective A atypical/emerging evidence (47.2); severity burden from disease D006 (88.7)."
2026-08-24,S024,Night Sweats,4.7278683915977675,0.1777897505546897,5.882352941176465,0,10,31.24,13.33,3.55,0.0,D006,47.236000000000004,42.56,54.25,88.67945234250843,34.0,232.0,232.0,25.95269811011593,25.95,1,2,False,False,False,GREEN,False,"Composite outbreak-risk score is 25.9, producing a GREEN alert. Supporting evidence: Objective A atypical/emerging evidence (47.2); severity burden from disease D006 (88.7)."
2026-08-24,S021,Abdominal Pain,13.40261753030334,0.6310801287412773,9.615384615384617,0,10,34.42,13.33,3.55,0.0,D008,48.106,42.95,55.84,75.7968771963547,38.0,1076.0,1076.0,25.885524208998707,25.89,1,2,False,False,False,GREEN,False,"Composite outbreak-risk score is 25.9, producing a GREEN alert. Supporting evidence: Objective A atypical/emerging evidence (48.1); severity burden from disease D008 (75.8)."
2026-08-24,S022,Loss of Appetite,0.0,-0.0595491334175418,-0.8695652173913104,0,10,30.0,16.67,4.45,0.0,D007,47.278000000000006,45.57,49.84,87.78075462335302,38.0,430.0,430.0,25.562913193502954,25.56,1,2,False,False,False,GREEN,False,"Composite outbreak-risk score is 25.6, producing a GREEN alert. Supporting evidence: Objective A atypical/emerging evidence (47.3); severity burden from disease D007 (87.8)."
2026-08-24,S017,Rash,6.188196863771923,0.2976420573254969,4.091653027823246,0,10,32.08,16.04,4.28,0.0,D001,57.378,51.15,66.72,71.21365481174038,106.0,1460.0,1460.0,25.208077751326844,25.21,2,2,False,False,False,GREEN,False,"Composite outbreak-risk score is 25.2, producing a GREEN alert. Supporting evidence: Objective A atypical/emerging evidence (57.4); severity burden from disease D001 (71.2)."
2026-08-24,S010,Breathlessness,9.223012837367659,0.3070649807683754,13.684210526315784,0,10,32.15,13.33,3.55,0.0,D005,55.126000000000005,53.05,58.24,63.52770795619247,70.0,1216.0,1216.0,23.77970811903402,23.78,2,2,False,False,False,GREEN,False,"Composite outbreak-risk score is 23.8, producing a GREEN alert. Supporting evidence: Objective A atypical/emerging evidence (55.1); severity burden from disease D005 (63.5)."
2026-08-24,S025,Bleeding,10.742179570171004,0.3372137010395284,17.07317073170732,0,10,27.55,12.81,3.42,0.0,D001,46.728,44.36,50.28,71.21365481174038,106.0,1460.0,1460.0,23.53317515728671,23.53,1,2,False,False,False,GREEN,False,"Composite outbreak-risk score is 23.5, producing a GREEN alert. Supporting evidence: Objective A atypical/emerging evidence (46.7); severity burden from disease D001 (71.2)."
2026-08-24,S018,Nausea,12.110463346110052,0.6285610169353201,5.448154657293498,0,10,34.4,0.0,0.0,0.0,D001,57.378,51.15,66.72,71.21365481174038,106.0,1460.0,1460.0,23.396417723677565,23.4,2,2,False,False,False,GREEN,False,"Composite outbreak-risk score is 23.4, producing a GREEN alert. Supporting evidence: Objective A atypical/emerging evidence (57.4); severity burden from disease D001 (71.2)."
2026-08-24,S026,Anaemia,22.11220056985009,0.5855555636027701,41.17647058823529,0,10,28.1,0.0,0.0,0.0,D002,41.852000000000004,39.22,45.8,71.56419602064199,68.0,945.0,945.0,22.45165948857381,22.45,1,2,False,False,False,GREEN,False,"Composite outbreak-risk score is 22.4, producing a GREEN alert. Supporting evidence: Objective A atypical/emerging evidence (41.9); severity burden from disease D002 (71.6)."
2026-08-24,S016,Retro-orbital Pain,0.0,-0.4013083330419837,-3.281027104136943,0,10,30.0,11.98,3.19,0.0,D001,46.812,44.84,49.77,71.21365481174038,106.0,1460.0,1460.0,22.138748221761055,22.14,1,2,False,False,False,GREEN,False,"Composite outbreak-risk score is 22.1, producing a GREEN alert. Supporting evidence: Objective A atypical/emerging evidence (46.8); severity burden from disease D001 (71.2)."
2026-08-24,S004,Chills,0.0,-0.4199263064023151,-3.321554770318025,0,10,30.0,11.78,3.14,0.0,D002,41.852000000000004,39.22,45.8,71.56419602064199,68.0,945.0,945.0,21.6578294030963,21.66,1,2,False,False,False,GREEN,False,"Composite outbreak-risk score is 21.7, producing a GREEN alert. Supporting evidence: Objective A atypical/emerging evidence (41.9); severity burden from disease D002 (71.6)."
2026-08-24,S005,Sweating,0.0,-0.4199263064023151,-3.321554770318025,0,10,30.0,11.78,3.14,0.0,D002,41.852000000000004,39.22,45.8,71.56419602064199,68.0,945.0,945.0,21.6578294030963,21.66,1,2,False,False,False,GREEN,False,"Composite outbreak-risk score is 21.7, producing a GREEN alert. Supporting evidence: Objective A atypical/emerging evidence (41.9); severity burden from disease D002 (71.6)."
2026-08-24,S001,Fever,0.0,-3.890857456250525,-12.453630100688924,0,10,30.0,0.0,0.0,0.0,D001,57.378,51.15,66.72,71.21365481174038,106.0,1460.0,1460.0,20.919848221761058,20.92,2,2,False,False,False,GREEN,False,"Composite outbreak-risk score is 20.9, producing a GREEN alert. Supporting evidence: Objective A atypical/emerging evidence (57.4); severity burden from disease D001 (71.2)."
2026-08-24,S002,Headache,0.0,-2.214454461428313,-10.020876826722338,0,10,30.0,0.0,0.0,0.0,D001,57.378,51.15,66.72,71.21365481174038,106.0,1460.0,1460.0,20.919848221761058,20.92,2,2,False,False,False,GREEN,False,"Composite outbreak-risk score is 20.9, producing a GREEN alert. Supporting evidence: Objective A atypical/emerging evidence (57.4); severity burden from disease D001 (71.2)."
2026-08-24,S014,Muscle Pain,0.0,-2.502440685714239,-13.098672821696477,0,10,30.0,0.0,0.0,0.0,D001,57.378,51.15,66.72,71.21365481174038,106.0,1460.0,1460.0,20.919848221761058,20.92,2,2,False,False,False,GREEN,False,"Composite outbreak-risk score is 20.9, producing a GREEN alert. Supporting evidence: Objective A atypical/emerging evidence (57.4); severity burden from disease D001 (71.2)."
2026-08-24,S019,Vomiting,0.0,-0.1868891487024907,-1.378929950358528,0,10,30.0,0.0,0.0,0.0,D001,57.378,51.15,66.72,71.21365481174038,106.0,1460.0,1460.0,20.919848221761058,20.92,2,2,False,False,False,GREEN,False,"Composite outbreak-risk score is 20.9, producing a GREEN alert. Supporting evidence: Objective A atypical/emerging evidence (57.4); severity burden from disease D001 (71.2)."
2026-08-24,S013,Loss of Smell,6.231607237243784,0.3004270464795249,4.081632653061232,0,10,32.1,0.0,0.0,0.0,D005,55.126000000000005,53.05,58.24,63.52770795619247,70.0,1216.0,1216.0,20.791497279015438,20.79,2,2,False,False,False,GREEN,False,"Composite outbreak-risk score is 20.8, producing a GREEN alert. Supporting evidence: Objective A atypical/emerging evidence (55.1); severity burden from disease D005 (63.5)."
2026-08-24,S020,Diarrhoea,0.0,-0.7063784749755478,-3.3016228315612697,0,10,30.0,0.0,0.0,0.0,D008,48.106,42.95,55.84,75.7968771963547,38.0,1076.0,1076.0,20.680131579453203,20.68,1,2,False,False,False,GREEN,False,"Composite outbreak-risk score is 20.7, producing a GREEN alert. Supporting evidence: Objective A atypical/emerging evidence (48.1); severity burden from disease D008 (75.8)."
2026-08-24,S012,Loss of Taste,3.6611168810674957,0.1481868684597175,3.971119133574012,0,10,31.04,0.0,0.0,0.0,D005,55.126000000000005,53.05,58.24,63.52770795619247,70.0,1216.0,1216.0,20.246923725588992,20.25,2,2,False,False,False,GREEN,False,"Composite outbreak-risk score is 20.2, producing a GREEN alert. Supporting evidence: Objective A atypical/emerging evidence (55.1); severity burden from disease D005 (63.5)."
2026-08-24,S015,Joint Pain,0.0,-0.7714691056306098,-6.348281887012237,0,10,30.0,0.0,0.0,0.0,D001,50.532,48.56,53.49,71.21365481174038,106.0,1460.0,1460.0,20.235248221761058,20.24,1,2,False,False,False,GREEN,False,"Composite outbreak-risk score is 20.2, producing a GREEN alert. Supporting evidence: Objective A atypical/emerging evidence (50.5); severity burden from disease D001 (71.2)."
2026-08-24,S003,Fatigue,0.0,-0.8982525473879207,-6.372549019607843,0,10,30.0,0.0,0.0,0.0,D005,55.126000000000005,53.05,58.24,63.52770795619247,70.0,1216.0,1216.0,19.54175619342887,19.54,2,2,False,False,False,GREEN,False,"Composite outbreak-risk score is 19.5, producing a GREEN alert. Supporting evidence: Objective A atypical/emerging evidence (55.1); severity burden from disease D005 (63.5)."
2026-08-24,S006,Dry Cough,0.0,-1.245977988268172,-6.395182104961279,0,10,30.0,0.0,0.0,0.0,D005,55.126000000000005,53.05,58.24,63.52770795619247,70.0,1216.0,1216.0,19.54175619342887,19.54,2,2,False,False,False,GREEN,False,"Composite outbreak-risk score is 19.5, producing a GREEN alert. Supporting evidence: Objective A atypical/emerging evidence (55.1); severity burden from disease D005 (63.5)."
2026-08-24,S008,Sore Throat,0.0,-1.5700124281005683,-8.571428571428571,0,10,30.0,0.0,0.0,0.0,D005,55.126000000000005,53.05,58.24,63.52770795619247,70.0,1216.0,1216.0,19.54175619342887,19.54,2,2,False,False,False,GREEN,False,"Composite outbreak-risk score is 19.5, producing a GREEN alert. Supporting evidence: Objective A atypical/emerging evidence (55.1); severity burden from disease D005 (63.5)."
2026-08-24,S009,Runny Nose,11.185109630337452,0.5877732444869138,4.62962962962963,0,10,34.11,10.13,2.7,0.0,,0.0,,,0.0,0.0,,0.0,8.718766444550617,8.72,0,0,False,False,False,GREEN,False,"Composite outbreak-risk score is 8.7, producing a GREEN alert. No major corroborating outbreak signals were detected."
