week,hospital_id,disease_id,total_cases,severe_cases,severe_case_proportion,previous_total_cases,previous_severe_cases,previous_severe_proportion,severe_case_growth,severe_proportion_change,previous_severe_growth,severe_growth_acceleration,severity_burden_score,severity_alert,severity_signal
2026-06-01,H001,D001,190,14,0.07368421052631578,0.0,0.0,0.0,1.0,0.07368421052631578,0.0,1.0,76.90593279619449,RED,True
2026-06-08,H001,D001,183,15,0.08196721311475409,190.0,14.0,0.07368421052631578,0.07142857142857142,0.00828300258843831,1.0,-0.9285714285714286,35.00602462629245,YELLOW,True
2026-06-15,H001,D001,175,12,0.06857142857142857,183.0,15.0,0.08196721311475409,-0.2,-0.013395784543325517,0.07142857142857142,-0.27142857142857146,30.71514987819475,GREEN,False
2026-06-22,H001,D001,191,14,0.07329842931937172,175.0,12.0,0.06857142857142857,0.16666666666666666,0.004727000747943147,-0.2,0.3666666666666667,50.690655833413516,YELLOW,True
2026-06-29,H001,D001,184,14,0.07608695652173914,191.0,14.0,0.07329842931937172,0.0,0.0027885272023674135,0.16666666666666666,-0.16666666666666666,32.210883982208664,GREEN,False
2026-07-06,H001,D001,188,20,0.10638297872340426,184.0,14.0,0.07608695652173914,0.42857142857142855,0.03029602220166512,0.0,0.42857142857142855,65.4472585489931,ORANGE,True
2026-07-13,H001,D001,193,11,0.05699481865284974,188.0,20.0,0.10638297872340426,-0.45,-0.049388160070554514,0.42857142857142855,-0.8785714285714286,29.041699909690767,GREEN,False
2026-07-20,H001,D001,167,14,0.08383233532934131,193.0,11.0,0.05699481865284974,0.2727272727272727,0.02683751667649157,-0.45,0.7227272727272727,60.03560593651453,ORANGE,True
2026-07-27,H001,D001,186,14,0.07526881720430108,167.0,14.0,0.08383233532934131,0.0,-0.008563518125040234,0.2727272727272727,-0.2727272727272727,32.10663054404748,GREEN,False
2026-08-03,H001,D001,200,22,0.11,186.0,14.0,0.07526881720430108,0.5714285714285714,0.03473118279569892,0.0,0.5714285714285714,72.73162443635755,ORANGE,True
2026-08-10,H001,D001,188,18,0.09574468085106383,200.0,22.0,0.11,-0.18181818181818182,-0.014255319148936171,0.5714285714285714,-0.7532467532467533,35.728413564190674,YELLOW,True
2026-08-17,H001,D001,181,14,0.07734806629834254,188.0,18.0,0.09574468085106383,-0.2222222222222222,-0.01839661455272129,-0.18181818181818182,-0.04040404040404039,32.37240064448021,GREEN,False
2026-08-24,H001,D001,158,20,0.12658227848101267,181.0,14.0,0.07734806629834254,0.42857142857142855,0.04923421218267013,-0.2222222222222222,0.6507936507936507,71.21365481174038,ORANGE,True
2026-06-01,H001,D002,147,10,0.06802721088435375,0.0,0.0,0.0,1.0,0.06802721088435375,0.0,1.0,74.99273524853389,ORANGE,True
2026-06-08,H001,D002,138,10,0.07246376811594203,147.0,10.0,0.06802721088435375,0.0,0.004436557231588284,1.0,-1.0,30.54204426534673,GREEN,False
2026-06-15,H001,D002,127,9,0.07086614173228346,138.0,10.0,0.07246376811594203,-0.1,-0.001597626383658568,0.0,-0.1,29.964045490600682,GREEN,False
2026-06-22,H001,D002,128,13,0.1015625,127.0,9.0,0.07086614173228346,0.4444444444444444,0.030696358267716536,-0.1,0.5444444444444444,66.4751876334581,ORANGE,True
2026-06-29,H001,D002,127,13,0.10236220472440945,128.0,13.0,0.1015625,0.0,0.0007997047244094474,0.4444444444444444,-0.4444444444444444,35.47585651422273,YELLOW,True
2026-07-06,H001,D002,146,16,0.1095890410958904,127.0,13.0,0.10236220472440945,0.23076923076923078,0.0072268363714809575,0.0,0.23076923076923078,52.24151569398665,YELLOW,True
2026-07-13,H001,D002,125,13,0.104,146.0,16.0,0.1095890410958904,-0.1875,-0.00558904109589041,0.23076923076923078,-0.4182692307692308,35.70546773351545,YELLOW,True
2026-07-20,H001,D002,133,16,0.12030075187969924,125.0,13.0,0.104,0.23076923076923078,0.016300751879699246,-0.1875,0.4182692307692308,61.280915047851586,ORANGE,True
2026-07-27,H001,D002,147,16,0.10884353741496598,133.0,16.0,0.12030075187969924,0.0,-0.011457214464733259,0.23076923076923078,-0.23076923076923078,37.13559239139103,YELLOW,True
2026-08-03,H001,D002,155,11,0.07096774193548387,147.0,16.0,0.10884353741496598,-0.3125,-0.03787579547948211,0.0,-0.3125,30.697878112289573,GREEN,False
2026-08-10,H001,D002,138,7,0.050724637681159424,155.0,11.0,0.07096774193548387,-0.36363636363636365,-0.02024310425432445,-0.3125,-0.051136363636363646,26.73769643925977,GREEN,False
2026-08-17,H001,D002,110,5,0.045454545454545456,138.0,7.0,0.050724637681159424,-0.2857142857142857,-0.005270092226613968,-0.36363636363636365,0.07792207792207795,28.118104213018036,GREEN,False
2026-08-24,H001,D002,108,9,0.08333333333333333,110.0,5.0,0.045454545454545456,0.8,0.03787878787878787,-0.2857142857142857,1.0857142857142859,71.56419602064199,ORANGE,True
2026-06-01,H001,D003,43,3,0.06976744186046512,0.0,0.0,0.0,1.0,0.06976744186046512,0.0,1.0,70.90660343593298,ORANGE,True
2026-06-08,H001,D003,37,3,0.08108108108108109,43.0,3.0,0.06976744186046512,0.0,0.01131363922061597,1.0,-1.0,27.355842492720758,GREEN,False
2026-06-15,H001,D003,35,5,0.14285714285714285,37.0,3.0,0.08108108108108109,0.6666666666666666,0.061776061776061764,0.0,0.6666666666666666,74.6376175658311,ORANGE,True
2026-06-22,H001,D003,40,2,0.05,35.0,5.0,0.14285714285714285,-0.6,-0.09285714285714285,0.6666666666666666,-1.2666666666666666,22.191692862514266,GREEN,False
2026-06-29,H001,D003,37,1,0.02702702702702703,40.0,2.0,0.05,-0.5,-0.022972972972972974,-0.6,0.09999999999999998,21.8963830332613,GREEN,False
2026-07-06,H001,D003,32,2,0.0625,37.0,1.0,0.02702702702702703,1.0,0.03547297297297297,-0.5,1.5,68.59350340816906,ORANGE,True
2026-07-13,H001,D003,48,3,0.0625,32.0,2.0,0.0625,0.5,0.0,1.0,-0.5,37.524382436545196,YELLOW,True
2026-07-20,H001,D003,42,2,0.047619047619047616,48.0,3.0,0.0625,-0.3333333333333333,-0.014880952380952384,0.5,-0.8333333333333333,21.94742129001969,GREEN,False
2026-07-27,H001,D003,33,3,0.09090909090909091,42.0,2.0,0.047619047619047616,0.5,0.043290043290043295,-0.3333333333333333,0.8333333333333333,61.173150483798864,ORANGE,True
2026-08-03,H001,D003,33,1,0.030303030303030304,33.0,3.0,0.09090909090909091,-0.6666666666666666,-0.06060606060606061,0.5,-1.1666666666666665,18.067089877738255,GREEN,False
2026-08-10,H001,D003,37,2,0.05405405405405406,33.0,1.0,0.030303030303030304,1.0,0.023751023751023753,-0.6666666666666666,1.6666666666666665,67.62611276299103,ORANGE,True
2026-08-17,H001,D003,44,0,0.0,37.0,2.0,0.05405405405405406,-1.0,-0.05405405405405406,1.0,-2.0,13.778644146296765,GREEN,False
2026-08-24,H001,D003,34,1,0.029411764705882353,44.0,0.0,0.0,1.0,0.029411764705882353,-1.0,2.0,63.01604205677749,ORANGE,True
2026-06-01,H001,D004,291,9,0.030927835051546393,0.0,0.0,0.0,1.0,0.030927835051546393,0.0,1.0,70.41237113402062,ORANGE,True
2026-06-08,H001,D004,291,12,0.041237113402061855,291.0,9.0,0.030927835051546393,0.3333333333333333,0.010309278350515462,1.0,-0.6666666666666667,35.549828178694156,YELLOW,True
2026-06-15,H001,D004,314,8,0.025477707006369428,291.0,12.0,0.041237113402061855,-0.3333333333333333,-0.015759406395692427,0.3333333333333333,-0.6666666666666666,24.45859872611465,GREEN,False
2026-06-22,H001,D004,317,11,0.03470031545741325,314.0,8.0,0.025477707006369428,0.375,0.00922260845104382,-0.3333333333333333,0.7083333333333333,55.44755520504732,ORANGE,True
2026-06-29,H001,D004,316,15,0.04746835443037975,317.0,11.0,0.03470031545741325,0.36363636363636365,0.012768038972966501,0.375,-0.011363636363636354,37.397871116225545,YELLOW,True
2026-07-06,H001,D004,309,3,0.009708737864077669,316.0,15.0,0.04746835443037975,-0.8,-0.037759616566302084,0.36363636363636365,-1.1636363636363636,21.699029126213592,GREEN,False
2026-07-13,H001,D004,319,8,0.025078369905956112,309.0,3.0,0.009708737864077669,1.6666666666666667,0.015369632041878443,-0.8,2.466666666666667,69.38871473354232,ORANGE,True
2026-07-20,H001,D004,338,6,0.01775147928994083,319.0,8.0,0.025078369905956112,-0.25,-0.007326890616015283,1.6666666666666667,-1.9166666666666667,23.106508875739646,GREEN,False
2026-07-27,H001,D004,337,12,0.03560830860534125,338.0,6.0,0.01775147928994083,1.0,0.01785682931540042,-0.25,1.25,71.23145400593472,ORANGE,True
2026-08-03,H001,D004,309,9,0.02912621359223301,337.0,12.0,0.03560830860534125,-0.25,-0.006482095013108237,1.0,-1.25,25.097087378640776,GREEN,False
2026-08-10,H001,D004,312,10,0.03205128205128205,309.0,9.0,0.02912621359223301,0.1111111111111111,0.002925068459049038,-0.25,0.3611111111111111,42.83119658119658,YELLOW,True
2026-08-17,H001,D004,345,9,0.02608695652173913,312.0,10.0,0.03205128205128205,-0.1,-0.005964325529542919,0.1111111111111111,-0.2111111111111111,24.565217391304348,GREEN,False
2026-08-24,H001,D004,283,11,0.038869257950530034,345.0,9.0,0.02608695652173913,0.2222222222222222,0.012782301428790905,-0.1,0.3222222222222222,45.2465645857872,YELLOW,True
2026-06-01,H001,D005,178,19,0.10674157303370786,0.0,0.0,0.0,1.0,0.10674157303370786,0.0,1.0,82.45610316925422,RED,True
2026-06-08,H001,D005,183,13,0.07103825136612021,178.0,19.0,0.10674157303370786,-0.3157894736842105,-0.03570332166758765,1.0,-1.3157894736842106,31.307742034567234,GREEN,False
2026-06-15,H001,D005,180,18,0.1,183.0,13.0,0.07103825136612021,0.38461538461538464,0.02896174863387979,-0.3157894736842105,0.7004048582995952,65.93193083714166,ORANGE,True
2026-06-22,H001,D005,176,14,0.07954545454545454,180.0,18.0,0.1,-0.2222222222222222,-0.02045454545454546,0.38461538461538464,-0.6068376068376069,32.65611219956592,GREEN,False
2026-06-29,H001,D005,179,12,0.0670391061452514,176.0,14.0,0.07954545454545454,-0.14285714285714285,-0.012506348400203149,-0.2222222222222222,0.07936507936507936,33.7029396641621,GREEN,False
2026-07-06,H001,D005,148,16,0.10810810810810811,179.0,12.0,0.0670391061452514,0.3333333333333333,0.04106900196285672,-0.14285714285714285,0.47619047619047616,64.4122192324979,ORANGE,True
2026-07-13,H001,D005,182,7,0.038461538461538464,148.0,16.0,0.10810810810810811,-0.5625,-0.06964656964656965,0.3333333333333333,-0.8958333333333333,25.587091817275564,GREEN,False
2026-07-20,H001,D005,175,16,0.09142857142857143,182.0,7.0,0.038461538461538464,1.2857142857142858,0.052967032967032965,-0.5625,1.8482142857142858,79.71514987819475,RED,True
2026-07-27,H001,D005,182,11,0.06043956043956044,175.0,16.0,0.09142857142857143,-0.3125,-0.03098901098901099,1.2857142857142858,-1.5982142857142858,29.433245663429407,GREEN,False
2026-08-03,H001,D005,198,23,0.11616161616161616,182.0,11.0,0.06043956043956044,1.0909090909090908,0.05572205572205572,-0.3125,1.4034090909090908,84.48799654962069,RED,True
2026-08-10,H001,D005,183,14,0.07650273224043716,198.0,23.0,0.11616161616161616,-0.391304347826087,-0.039658883921179,1.0909090909090908,-1.4822134387351777,32.264026187572696,GREEN,False
2026-08-17,H001,D005,197,9,0.04568527918781726,183.0,14.0,0.07650273224043716,-0.35714285714285715,-0.030817453052619903,-0.391304347826087,0.03416149068322982,28.502862342948493,GREEN,False
2026-08-24,H001,D005,163,13,0.07975460122699386,197.0,9.0,0.04568527918781726,0.4444444444444444,0.034069322039176606,-0.35714285714285715,0.8015873015873016,63.52770795619247,ORANGE,True
2026-06-01,H001,D006,27,5,0.18518518518518517,0.0,0.0,0.0,1.0,0.18518518518518517,0.0,1.0,89.46869739352317,RED,True
2026-06-08,H001,D006,35,2,0.05714285714285714,27.0,5.0,0.18518518518518517,-0.6,-0.12804232804232804,1.0,-1.6,22.970950899164436,GREEN,False
2026-06-15,H001,D006,31,4,0.12903225806451613,35.0,2.0,0.05714285714285714,1.0,0.07188940092165899,-0.6,1.6,80.12526708089823,RED,True
2026-06-22,H001,D006,24,6,0.25,31.0,4.0,0.12903225806451613,0.5,0.12096774193548387,1.0,-0.5,59.15108402995098,ORANGE,True
2026-06-29,H001,D006,34,6,0.17647058823529413,24.0,6.0,0.25,0.0,-0.07352941176470587,0.5,-0.5,43.75133617442455,YELLOW,True
2026-07-06,H001,D006,45,3,0.06666666666666667,34.0,6.0,0.17647058823529413,-0.5,-0.10980392156862746,0.0,-0.5,25.524865944319696,GREEN,False
2026-07-13,H001,D006,28,0,0.0,45.0,3.0,0.06666666666666667,-1.0,-0.06666666666666667,-0.5,-0.5,12.1883069753032,GREEN,False
2026-07-20,H001,D006,51,10,0.19607843137254902,28.0,0.0,0.0,1.0,0.19607843137254902,-1.0,2.0,93.61569769811533,RED,True
2026-07-27,H001,D006,30,6,0.2,51.0,10.0,0.19607843137254902,-0.4,0.003921568627450994,1.0,-1.4,47.42970392586397,YELLOW,True
2026-08-03,H001,D006,35,6,0.17142857142857143,30.0,6.0,0.2,0.0,-0.02857142857142858,-0.4,0.4,58.970950899164436,ORANGE,True
2026-08-10,H001,D006,36,4,0.1111111111111111,35.0,6.0,0.17142857142857143,-0.3333333333333333,-0.060317460317460325,0.0,-0.3333333333333333,32.514569020373266,GREEN,False
2026-08-17,H001,D006,23,4,0.17391304347826086,36.0,4.0,0.1111111111111111,0.0,0.06280193236714976,-0.3333333333333333,0.3333333333333333,55.27144015945437,ORANGE,True
2026-08-24,H001,D006,27,6,0.2222222222222222,23.0,4.0,0.17391304347826086,0.5,0.048309178743961345,0.0,0.5,79.56128998611575,RED,True
2026-06-01,H001,D007,53,3,0.05660377358490566,0.0,0.0,0.0,1.0,0.05660377358490566,0.0,1.0,69.34423795826198,ORANGE,True
2026-06-08,H001,D007,65,4,0.06153846153846154,53.0,3.0,0.05660377358490566,0.3333333333333333,0.00493468795355588,1.0,-0.6666666666666667,34.26749189465474,GREEN,False
2026-06-15,H001,D007,58,5,0.08620689655172414,65.0,4.0,0.06153846153846154,0.25,0.024668435013262602,0.3333333333333333,-0.08333333333333331,36.095313485002464,YELLOW,True
2026-06-22,H001,D007,65,7,0.1076923076923077,58.0,5.0,0.08620689655172414,0.4,0.021485411140583555,0.25,0.15000000000000002,50.01108163824449,YELLOW,True
2026-06-29,H001,D007,73,6,0.0821917808219178,65.0,7.0,0.1076923076923077,-0.14285714285714285,-0.025500526870389895,0.4,-0.5428571428571429,29.962610603686024,GREEN,False
2026-07-06,H001,D007,61,3,0.04918032786885246,73.0,6.0,0.0821917808219178,-0.5,-0.033011452953065346,-0.14285714285714285,-0.35714285714285715,23.545185686834728,GREEN,False
2026-07-13,H001,D007,59,5,0.0847457627118644,61.0,3.0,0.04918032786885246,0.6666666666666666,0.035565434843011945,-0.5,1.1666666666666665,66.31711698972222,ORANGE,True
2026-07-20,H001,D007,63,2,0.031746031746031744,59.0,5.0,0.0847457627118644,-0.6,-0.05299973096583266,0.6666666666666666,-1.2666666666666666,20.609101859085047,GREEN,False
2026-07-27,H001,D007,71,11,0.15492957746478872,63.0,2.0,0.031746031746031744,4.5,0.12318354571875698,-0.6,5.1,69.63255133942405,ORANGE,True
2026-08-03,H001,D007,65,5,0.07692307692307693,71.0,11.0,0.15492957746478872,-0.5454545454545454,-0.07800650054171179,4.5,-5.045454545454545,28.626466253629104,GREEN,False
2026-08-10,H001,D007,61,5,0.08196721311475409,65.0,5.0,0.07692307692307693,0.0,0.005044136191677165,-0.5454545454545454,0.5454545454545454,49.28289060486752,YELLOW,True
2026-08-17,H001,D007,57,3,0.05263157894736842,61.0,5.0,0.08196721311475409,-0.4,-0.029335634167385674,0.0,-0.4,23.907757675014253,GREEN,False
2026-08-24,H001,D007,55,4,0.07272727272727272,57.0,3.0,0.05263157894736842,0.3333333333333333,0.020095693779904306,-0.4,0.7333333333333334,55.6308204306434,ORANGE,True
2026-06-01,H001,D008,136,2,0.014705882352941176,0.0,0.0,0.0,1.0,0.014705882352941176,0.0,1.0,65.38195518256208,ORANGE,True
2026-06-08,H001,D008,132,7,0.05303030303030303,136.0,2.0,0.014705882352941176,2.5,0.03832442067736186,1.0,1.5,71.9814731681856,ORANGE,True
2026-06-15,H001,D008,142,4,0.028169014084507043,132.0,7.0,0.05303030303030303,-0.42857142857142855,-0.02486128894579599,2.5,-2.9285714285714284,22.89315324737325,GREEN,False
2026-06-22,H001,D008,127,3,0.023622047244094488,142.0,4.0,0.028169014084507043,-0.25,-0.004546966840412555,-0.42857142857142855,0.17857142857142855,28.839186098024758,GREEN,False
2026-06-29,H001,D008,134,6,0.04477611940298507,127.0,3.0,0.023622047244094488,1.0,0.021154072158890584,-0.25,1.25,70.59101610747979,ORANGE,True
2026-07-06,H001,D008,121,4,0.03305785123966942,134.0,6.0,0.04477611940298507,-0.3333333333333333,-0.01171826816331565,1.0,-1.3333333333333333,23.17381987170942,GREEN,False
2026-07-13,H001,D008,133,6,0.045112781954887216,121.0,4.0,0.03305785123966942,0.5,0.012054930715217793,-0.3333333333333333,0.8333333333333333,58.12302031100948,ORANGE,True
2026-07-20,H001,D008,149,6,0.040268456375838924,133.0,6.0,0.045112781954887216,0.0,-0.004844325579048292,0.5,-0.5,25.183539345305007,GREEN,False
2026-07-27,H001,D008,119,5,0.04201680672268908,149.0,6.0,0.040268456375838924,-0.16666666666666666,0.0017483503468501554,0.0,-0.16666666666666666,24.68180740887146,GREEN,False
2026-08-03,H001,D008,136,5,0.03676470588235294,119.0,5.0,0.04201680672268908,0.0,-0.005252100840336137,-0.16666666666666666,0.16666666666666666,30.908915966875796,GREEN,False
2026-08-10,H001,D008,135,8,0.05925925925925926,136.0,5.0,0.03676470588235294,0.6,0.02249455337690632,0.0,0.6,63.152278712921486,ORANGE,True
2026-08-17,H001,D008,134,5,0.03731343283582089,135.0,8.0,0.05925925925925926,-0.375,-0.02194582642343837,0.6,-0.975,24.285045958226057,GREEN,False
2026-08-24,H001,D008,126,5,0.03968253968253968,134.0,5.0,0.03731343283582089,0.0,0.002369106846718788,-0.375,0.375,39.4785258666265,YELLOW,True
2026-06-01,H002,D001,144,11,0.0763888888888889,0.0,0.0,0.0,1.0,0.0763888888888889,0.0,1.0,76.38190454583425,RED,True
2026-06-08,H002,D001,160,15,0.09375,144.0,11.0,0.0763888888888889,0.36363636363636365,0.017361111111111105,1.0,-0.6363636363636364,43.889875202913146,YELLOW,True
2026-06-15,H002,D001,173,21,0.12138728323699421,160.0,15.0,0.09375,0.4,0.027637283236994215,0.36363636363636365,0.036363636363636376,51.37110244590486,YELLOW,True
2026-06-22,H002,D001,177,12,0.06779661016949153,173.0,21.0,0.12138728323699421,-0.42857142857142855,-0.05359067306750269,0.4,-0.8285714285714285,30.62045667231036,GREEN,False
2026-06-29,H002,D001,173,12,0.06936416184971098,177.0,12.0,0.06779661016949153,0.0,0.0015675516802194506,-0.42857142857142855,0.42857142857142855,47.95536789144198,YELLOW,True
2026-07-06,H002,D001,173,13,0.07514450867052024,173.0,12.0,0.06936416184971098,0.08333333333333333,0.0057803468208092595,0.0,0.08333333333333333,37.240738108893126,YELLOW,True
2026-07-13,H002,D001,161,13,0.08074534161490683,173.0,13.0,0.07514450867052024,0.0,0.005600832944386597,0.08333333333333333,-0.08333333333333333,32.54556342917283,GREEN,False
2026-07-20,H002,D001,166,19,0.1144578313253012,161.0,13.0,0.08074534161490683,0.46153846153846156,0.03371248971039437,0.0,0.46153846153846156,68.55527622498232,ORANGE,True
2026-07-27,H002,D001,188,20,0.10638297872340426,166.0,19.0,0.1144578313253012,0.05263157894736842,-0.008074852601896942,0.46153846153846156,-0.40890688259109315,38.90590516553446,YELLOW,True
2026-08-03,H002,D001,177,8,0.04519774011299435,188.0,20.0,0.10638297872340426,-0.6,-0.061185238610409906,0.05263157894736842,-0.6526315789473685,26.665654412423358,GREEN,False
2026-08-10,H002,D001,197,16,0.08121827411167512,177.0,8.0,0.04519774011299435,1.0,0.03602053399868077,-0.6,1.6,78.35467682729443,RED,True
2026-08-17,H002,D001,152,19,0.125,197.0,16.0,0.08121827411167512,0.1875,0.04378172588832488,1.0,-0.8125,44.77073732210764,YELLOW,True
2026-08-24,H002,D001,155,16,0.1032258064516129,152.0,19.0,0.125,-0.15789473684210525,-0.021774193548387097,0.1875,-0.34539473684210525,36.34303940261215,YELLOW,True
2026-06-01,H002,D002,94,8,0.0851063829787234,0.0,0.0,0.0,1.0,0.0851063829787234,0.0,1.0,76.37688795586206,RED,True
2026-06-08,H002,D002,86,7,0.08139534883720931,94.0,8.0,0.0851063829787234,-0.125,-0.003711034141514094,1.0,-1.125,30.40904408747546,GREEN,False
2026-06-15,H002,D002,114,10,0.08771929824561403,86.0,7.0,0.08139534883720931,0.42857142857142855,0.006323949408404722,-0.125,0.5535714285714286,63.23997981597511,ORANGE,True
2026-06-22,H002,D002,104,6,0.057692307692307696,114.0,10.0,0.08771929824561403,-0.4,-0.030026990553306335,0.42857142857142855,-0.8285714285714285,26.94168814506257,GREEN,False
2026-06-29,H002,D002,107,2,0.018691588785046728,104.0,6.0,0.057692307692307696,-0.6666666666666666,-0.039000718907260964,-0.4,-0.2666666666666666,20.218530002208254,GREEN,False
2026-07-06,H002,D002,115,7,0.06086956521739131,107.0,2.0,0.018691588785046728,2.5,0.04217797643234458,-0.6666666666666666,3.1666666666666665,72.85832965618985,ORANGE,True
2026-07-13,H002,D002,94,6,0.06382978723404255,115.0,7.0,0.06086956521739131,-0.14285714285714285,0.0029602220166512414,2.5,-2.642857142857143,27.65348370054292,GREEN,False
2026-07-20,H002,D002,94,13,0.13829787234042554,94.0,6.0,0.06382978723404255,1.1666666666666667,0.07446808510638299,-0.14285714285714285,1.3095238095238095,85.68539859415993,RED,True
2026-07-27,H002,D002,103,10,0.0970873786407767,94.0,13.0,0.13829787234042554,-0.23076923076923078,-0.04121049369964884,1.1666666666666667,-1.3974358974358976,33.80118785397676,GREEN,False
2026-08-03,H002,D002,104,3,0.028846153846153848,103.0,10.0,0.0970873786407767,-0.7,-0.06824122479462286,-0.23076923076923078,-0.4692307692307692,21.893611221985648,GREEN,False
2026-08-10,H002,D002,94,7,0.07446808510638298,104.0,3.0,0.028846153846153848,1.3333333333333333,0.04562193126022913,-0.7,2.033333333333333,74.51518582820249,ORANGE,True
2026-08-17,H002,D002,104,9,0.08653846153846154,94.0,7.0,0.07446808510638298,0.2857142857142857,0.012070376432078561,1.3333333333333333,-1.0476190476190474,39.13262221099663,YELLOW,True
2026-08-24,H002,D002,90,8,0.08888888888888889,104.0,9.0,0.08653846153846154,-0.1111111111111111,0.002350427350427356,0.2857142857142857,-0.3968253968253968,31.883120213904242,GREEN,False
2026-06-01,H002,D003,32,0,0.0,0.0,0.0,0.0,0.0,0.0,0.0,0.0,12.656003408169061,GREEN,False
2026-06-08,H002,D003,36,3,0.08333333333333333,32.0,0.0,0.0,1.0,0.08333333333333333,0.0,1.0,72.65345790926216,ORANGE,True
2026-06-15,H002,D003,33,1,0.030303030303030304,36.0,3.0,0.08333333333333333,-0.6666666666666666,-0.053030303030303025,1.0,-1.6666666666666665,18.067089877738255,GREEN,False
2026-06-22,H002,D003,33,1,0.030303030303030304,33.0,1.0,0.030303030303030304,0.0,0.0,-0.6666666666666666,0.6666666666666666,38.067089877738255,YELLOW,True
2026-06-29,H002,D003,28,3,0.10714285714285714,33.0,1.0,0.030303030303030304,2.0,0.07683982683982683,0.0,2.0,75.93830697530319,RED,True
2026-07-06,H002,D003,20,0,0.0,28.0,3.0,0.10714285714285714,-1.0,-0.10714285714285714,2.0,-3.0,11.019992283933234,GREEN,False
2026-07-13,H002,D003,26,0,0.0,20.0,0.0,0.0,0.0,0.0,-1.0,1.0,31.92965319698191,GREEN,False
2026-07-20,H002,D003,31,1,0.03225806451612903,26.0,0.0,0.0,1.0,0.03225806451612903,0.0,1.0,63.189783209930496,ORANGE,True
2026-07-27,H002,D003,35,3,0.08571428571428572,31.0,1.0,0.03225806451612903,2.0,0.053456221198156684,1.0,1.0,72.97095089916444,ORANGE,True
2026-08-03,H002,D003,29,2,0.06896551724137931,35.0,3.0,0.08571428571428572,-0.3333333333333333,-0.016748768472906406,2.0,-2.3333333333333335,24.37998298179909,GREEN,False
2026-08-10,H002,D003,33,2,0.06060606060606061,29.0,2.0,0.06896551724137931,0.0,-0.008359456635318702,-0.3333333333333333,0.3333333333333333,36.703453514101895,YELLOW,True
2026-08-17,H002,D003,27,0,0.0,33.0,2.0,0.06060606060606061,-1.0,-0.06060606060606061,0.0,-1.0,12.06128998611576,GREEN,False
2026-08-24,H002,D003,28,3,0.10714285714285714,27.0,0.0,0.0,1.0,0.10714285714285714,-1.0,2.0,75.93830697530319,RED,True
2026-06-01,H002,D004,246,8,0.032520325203252036,0.0,0.0,0.0,1.0,0.032520325203252036,0.0,1.0,70.63290927025518,ORANGE,True
2026-06-08,H002,D004,261,7,0.02681992337164751,246.0,8.0,0.032520325203252036,-0.125,-0.005700401831604526,1.0,-1.125,24.69348659003831,GREEN,False
2026-06-15,H002,D004,225,7,0.03111111111111111,261.0,7.0,0.02681992337164751,0.0,0.0042911877394636,-0.125,0.125,30.06468212987849,GREEN,False
2026-06-22,H002,D004,274,9,0.032846715328467155,225.0,7.0,0.03111111111111111,0.2857142857142857,0.0017356042173560446,0.0,0.2857142857142857,44.31960375391033,YELLOW,True
2026-06-29,H002,D004,231,5,0.021645021645021644,274.0,9.0,0.032846715328467155,-0.4444444444444444,-0.01120169368344551,0.2857142857142857,-0.7301587301587301,23.50295891494674,GREEN,False
2026-07-06,H002,D004,231,9,0.03896103896103896,231.0,5.0,0.021645021645021644,0.8,0.017316017316017316,-0.4444444444444444,1.2444444444444445,66.53326194524976,ORANGE,True
2026-07-13,H002,D004,267,6,0.02247191011235955,231.0,9.0,0.03896103896103896,-0.3333333333333333,-0.01648912884867941,0.8,-1.1333333333333333,23.93258426966292,GREEN,False
2026-07-20,H002,D004,257,8,0.0311284046692607,267.0,6.0,0.02247191011235955,0.3333333333333333,0.008656494556901151,-0.3333333333333333,0.6666666666666666,53.78080415045395,YELLOW,True
2026-07-27,H002,D004,241,11,0.04564315352697095,257.0,8.0,0.0311284046692607,0.375,0.014514748857710251,0.3333333333333333,0.041666666666666685,38.89704760282501,YELLOW,True
2026-08-03,H002,D004,238,15,0.06302521008403361,241.0,11.0,0.04564315352697095,0.36363636363636365,0.01738205655706266,0.375,-0.011363636363636354,39.942998244274555,YELLOW,True
2026-08-10,H002,D004,246,10,0.04065040650406504,238.0,15.0,0.06302521008403361,-0.3333333333333333,-0.022374803579968572,0.36363636363636365,-0.696969696969697,27.055673497897462,GREEN,False
2026-08-17,H002,D004,245,3,0.012244897959183673,246.0,10.0,0.04065040650406504,-0.7,-0.028405508544881365,-0.3333333333333333,-0.36666666666666664,22.070025454953626,GREEN,False
2026-08-24,H002,D004,189,6,0.031746031746031744,245.0,3.0,0.012244897959183673,1.0,0.01950113378684807,-0.7,1.7,69.54775087406261,ORANGE,True
2026-06-01,H002,D005,168,16,0.09523809523809523,0.0,0.0,0.0,1.0,0.09523809523809523,0.0,1.0,80.23491354681885,RED,True
2026-06-08,H002,D005,154,4,0.025974025974025976,168.0,16.0,0.09523809523809523,-0.75,-0.06926406926406925,1.0,-1.75,22.800700486294,GREEN,False
2026-06-15,H002,D005,149,10,0.06711409395973154,154.0,4.0,0.025974025974025976,1.5,0.04114006798570557,-0.75,2.25,74.88152592248622,ORANGE,True
2026-06-22,H002,D005,146,18,0.1232876712328767,149.0,10.0,0.06711409395973154,0.8,0.05617357727314516,1.5,-0.7,59.63877596795925,ORANGE,True
2026-06-29,H002,D005,153,10,0.06535947712418301,146.0,18.0,0.1232876712328767,-0.4444444444444444,-0.057928194108693695,0.8,-1.2444444444444445,29.66972644143463,GREEN,False
2026-07-06,H002,D005,149,11,0.0738255033557047,153.0,10.0,0.06535947712418301,0.1,0.008466026231521692,-0.4444444444444444,0.5444444444444444,53.55602256678152,YELLOW,True
2026-07-13,H002,D005,136,11,0.08088235294117647,149.0,11.0,0.0738255033557047,0.0,0.007056849585471772,0.1,-0.1,31.962837535503247,GREEN,False
2026-07-20,H002,D005,135,9,0.06666666666666667,136.0,11.0,0.08088235294117647,-0.18181818181818182,-0.014215686274509809,0.0,-0.18181818181818182,29.44857500921778,GREEN,False
2026-07-27,H002,D005,140,11,0.07857142857142857,135.0,9.0,0.06666666666666667,0.2222222222222222,0.011904761904761904,-0.18181818181818182,0.40404040404040403,53.379766195465365,YELLOW,True
2026-08-03,H002,D005,149,11,0.0738255033557047,140.0,11.0,0.07857142857142857,0.0,-0.004745925215723867,0.2222222222222222,-0.2222222222222222,31.056022566781518,GREEN,False
2026-08-10,H002,D005,146,15,0.10273972602739725,149.0,11.0,0.0738255033557047,0.36363636363636365,0.028914222671692552,0.0,0.36363636363636365,59.67924919336399,ORANGE,True
2026-08-17,H002,D005,143,6,0.04195804195804196,146.0,15.0,0.10273972602739725,-0.6,-0.060781684069355295,0.36363636363636365,-0.9636363636363636,25.33145700966495,GREEN,False
2026-08-24,H002,D005,118,5,0.0423728813559322,143.0,6.0,0.04195804195804196,-0.16666666666666666,0.00041483939789024177,-0.6,0.43333333333333335,42.047163979680434,YELLOW,True
2026-06-01,H002,D006,32,3,0.09375,0.0,0.0,0.0,1.0,0.09375,0.0,1.0,74.06225340816906,ORANGE,True
2026-06-08,H002,D006,29,3,0.10344827586206896,32.0,3.0,0.09375,0.0,0.009698275862068964,1.0,-1.0,30.414465740419775,GREEN,False
2026-06-15,H002,D006,34,9,0.2647058823529412,29.0,3.0,0.10344827586206896,2.0,0.16125760649087223,0.0,2.0,92.86898323324809,RED,True
2026-06-22,H002,D006,20,1,0.05,34.0,9.0,0.2647058823529412,-0.8888888888888888,-0.2147058823529412,2.0,-2.888888888888889,19.769992283933234,GREEN,False
2026-06-29,H002,D006,35,8,0.22857142857142856,20.0,1.0,0.05,7.0,0.17857142857142855,-0.8888888888888888,7.888888888888889,52.876506454719994,YELLOW,True
2026-07-06,H002,D006,24,4,0.16666666666666666,35.0,8.0,0.22857142857142856,-0.5,-0.06190476190476191,7.0,-7.5,40.817750696617644,YELLOW,True
2026-07-13,H002,D006,29,1,0.034482758620689655,24.0,4.0,0.16666666666666666,-0.75,-0.13218390804597702,-0.5,-0.25,18.345500223178398,GREEN,False
2026-07-20,H002,D006,32,4,0.125,29.0,1.0,0.034482758620689655,3.0,0.09051724137931035,-0.75,3.75,79.53100340816906,RED,True
2026-07-27,H002,D006,29,7,0.2413793103448276,32.0,4.0,0.125,0.75,0.1163793103448276,3.0,-2.25,66.06101746455771,ORANGE,True
2026-08-03,H002,D006,29,4,0.13793103448275862,29.0,7.0,0.2413793103448276,-0.42857142857142855,-0.10344827586206898,0.75,-1.1785714285714286,36.44894849904047,YELLOW,True
2026-08-10,H002,D006,28,1,0.03571428571428571,29.0,4.0,0.13793103448275862,-0.75,-0.1022167487684729,-0.42857142857142855,-0.32142857142857145,18.4383069753032,GREEN,False
2026-08-17,H002,D006,33,3,0.09090909090909091,28.0,1.0,0.03571428571428571,2.0,0.0551948051948052,-0.75,2.75,73.67315048379886,ORANGE,True
2026-08-24,H002,D006,19,4,0.21052631578947367,33.0,3.0,0.09090909090909091,0.3333333333333333,0.11961722488038276,2.0,-1.6666666666666667,54.17672411615199,YELLOW,True
2026-06-01,H002,D007,45,2,0.044444444444444446,0.0,0.0,0.0,1.0,0.044444444444444446,0.0,1.0,66.6359770554308,ORANGE,True
2026-06-08,H002,D007,49,5,0.10204081632653061,45.0,2.0,0.044444444444444446,1.5,0.05759637188208617,1.0,0.5,77.01715127101542,RED,True
2026-06-15,H002,D007,43,6,0.13953488372093023,49.0,5.0,0.10204081632653061,0.2,0.037494067394399616,1.5,-1.3,43.11590576151438,YELLOW,True
2026-06-22,H002,D007,35,3,0.08571428571428572,43.0,6.0,0.13953488372093023,-0.5,-0.053820598006644516,0.2,-0.7,27.970950899164436,GREEN,False
2026-06-29,H002,D007,32,3,0.09375,35.0,3.0,0.08571428571428572,0.0,0.008035714285714285,-0.5,0.5,49.06225340816906,YELLOW,True
2026-07-06,H002,D007,45,3,0.06666666666666667,32.0,3.0,0.09375,0.0,-0.027083333333333334,0.0,0.0,25.524865944319696,GREEN,False
2026-07-13,H002,D007,53,2,0.03773584905660377,45.0,3.0,0.06666666666666667,-0.3333333333333333,-0.028930817610062894,0.0,-0.3333333333333333,21.042351165809155,GREEN,False
2026-07-20,H002,D007,44,4,0.09090909090909091,53.0,2.0,0.03773584905660377,1.0,0.05317324185248714,-0.3333333333333333,1.3333333333333333,74.68773505538768,ORANGE,True
2026-07-27,H002,D007,54,9,0.16666666666666666,44.0,4.0,0.09090909090909091,1.25,0.07575757575757575,1.0,0.25,78.67166102415058,RED,True
2026-08-03,H002,D007,42,3,0.07142857142857142,54.0,9.0,0.16666666666666666,-0.6666666666666666,-0.09523809523809523,1.25,-1.9166666666666665,26.114087956686355,GREEN,False
2026-08-10,H002,D007,60,3,0.05,42.0,3.0,0.07142857142857142,0.0,-0.021428571428571422,-0.6666666666666666,0.6666666666666666,43.62977152084569,YELLOW,True
2026-08-17,H002,D007,52,4,0.07692307692307693,60.0,3.0,0.05,0.3333333333333333,0.026923076923076925,0.0,0.3333333333333333,49.49912442582193,YELLOW,True
2026-08-24,H002,D007,37,2,0.05405405405405406,52.0,4.0,0.07692307692307693,-0.5,-0.02286902286902287,0.3333333333333333,-0.8333333333333333,22.626112762991028,GREEN,False
2026-06-01,H002,D008,118,2,0.01694915254237288,0.0,0.0,0.0,1.0,0.01694915254237288,0.0,1.0,65.26467810397422,ORANGE,True
2026-06-08,H002,D008,110,4,0.03636363636363636,118.0,2.0,0.01694915254237288,1.0,0.01941448382126348,1.0,0.0,48.41031200522583,YELLOW,True
2026-06-15,H002,D008,129,1,0.007751937984496124,110.0,4.0,0.03636363636363636,-0.75,-0.028611698379140238,1.0,-1.75,18.975178986259987,GREEN,False
2026-06-22,H002,D008,99,4,0.04040404040404041,129.0,1.0,0.007751937984496124,3.0,0.032652102419544284,-0.75,3.75,68.73963986850121,ORANGE,True
2026-06-29,H002,D008,104,4,0.038461538461538464,99.0,4.0,0.04040404040404041,0.0,-0.0019425019425019438,3.0,-3.0,23.576303529677958,GREEN,False
2026-07-06,H002,D008,102,3,0.029411764705882353,104.0,4.0,0.038461538461538464,-0.25,-0.009049773755656111,0.0,-0.25,21.922983039283903,GREEN,False
2026-07-13,H002,D008,120,8,0.06666666666666667,102.0,3.0,0.029411764705882353,1.6666666666666667,0.03725490196078431,-0.25,1.9166666666666667,74.02557135168351,ORANGE,True
2026-07-20,H002,D008,113,3,0.02654867256637168,120.0,8.0,0.06666666666666667,-0.625,-0.040117994100294985,1.6666666666666667,-2.291666666666667,21.789222068307254,GREEN,False
2026-07-27,H002,D008,114,6,0.05263157894736842,113.0,3.0,0.02654867256637168,1.0,0.026082906380996737,-0.625,1.625,71.38534322449641,ORANGE,True
2026-08-03,H002,D008,107,4,0.037383177570093455,114.0,6.0,0.05263157894736842,-0.3333333333333333,-0.015248401377274963,1.0,-1.3333333333333333,23.489558039591433,GREEN,False
2026-08-10,H002,D008,111,3,0.02702702702702703,107.0,4.0,0.037383177570093455,-0.25,-0.010356150543066427,-0.3333333333333333,0.08333333333333331,25.142201817021988,GREEN,False
2026-08-17,H002,D008,119,5,0.04201680672268908,111.0,3.0,0.02702702702702703,0.6666666666666666,0.01498977969566205,-0.25,0.9166666666666666,61.34847407553812,ORANGE,True
2026-08-24,H002,D008,106,3,0.02830188679245283,119.0,5.0,0.04201680672268908,-0.4,-0.013714919930236248,0.6666666666666666,-1.0666666666666667,21.866661094263428,GREEN,False
2026-06-01,H003,D001,259,20,0.07722007722007722,0.0,0.0,0.0,1.0,0.07722007722007722,0.0,1.0,78.51351351351352,RED,True
2026-06-08,H003,D001,237,19,0.08016877637130802,259.0,20.0,0.07722007722007722,-0.05,0.0029486991512308047,1.0,-1.05,33.83703665795945,GREEN,False
2026-06-15,H003,D001,268,17,0.06343283582089553,237.0,19.0,0.08016877637130802,-0.10526315789473684,-0.016735940550412498,-0.05,-0.055263157894736833,31.100746268656714,GREEN,False
2026-06-22,H003,D001,258,23,0.08914728682170543,268.0,17.0,0.06343283582089553,0.35294117647058826,0.025714451000809907,-0.10526315789473684,0.4582043343653251,62.75247798017615,ORANGE,True
2026-06-29,H003,D001,252,17,0.06746031746031746,258.0,23.0,0.08914728682170543,-0.2608695652173913,-0.021686969361387975,0.35294117647058826,-0.6138107416879796,31.805555555555554,GREEN,False
2026-07-06,H003,D001,258,18,0.06976744186046512,252.0,17.0,0.06746031746031746,0.058823529411764705,0.0023071244001476587,-0.2608695652173913,0.319693094629156,46.46761434604175,YELLOW,True
2026-07-13,H003,D001,242,15,0.06198347107438017,258.0,18.0,0.06976744186046512,-0.16666666666666666,-0.007783970786084948,0.058823529411764705,-0.22549019607843135,30.729862766319712,GREEN,False
2026-07-20,H003,D001,256,19,0.07421875,242.0,15.0,0.06198347107438017,0.26666666666666666,0.012235278925619833,-0.16666666666666666,0.43333333333333335,56.98828125,ORANGE,True
2026-07-27,H003,D001,254,22,0.08661417322834646,256.0,19.0,0.07421875,0.15789473684210525,0.012395423228346455,0.26666666666666666,-0.10877192982456141,39.10484873601325,YELLOW,True
2026-08-03,H003,D001,223,14,0.06278026905829596,254.0,22.0,0.08661417322834646,-0.36363636363636365,-0.02383390417005049,0.15789473684210525,-0.5215311004784688,30.574610223082303,GREEN,False
2026-08-10,H003,D001,228,18,0.07894736842105263,223.0,14.0,0.06278026905829596,0.2857142857142857,0.016167099362756662,-0.36363636363636365,0.6493506493506493,60.626616151028216,ORANGE,True
2026-08-17,H003,D001,251,13,0.05179282868525897,228.0,18.0,0.07894736842105263,-0.2777777777777778,-0.02715453973579366,0.2857142857142857,-0.5634920634920635,29.06374501992032,GREEN,False
2026-08-24,H003,D001,211,10,0.04739336492890995,251.0,13.0,0.05179282868525897,-0.23076923076923078,-0.004399463756349017,-0.2777777777777778,0.04700854700854701,29.562948808361092,GREEN,False
2026-06-01,H003,D002,146,12,0.0821917808219178,0.0,0.0,0.0,1.0,0.0821917808219178,0.0,1.0,77.44699514604144,RED,True
2026-06-08,H003,D002,150,12,0.08,146.0,12.0,0.0821917808219178,0.0,-0.002191780821917802,1.0,-1.0,32.16061015118623,GREEN,False
2026-06-15,H003,D002,143,16,0.11188811188811189,150.0,12.0,0.08,0.3333333333333333,0.031888111888111886,0.0,0.3333333333333333,59.23588591409384,ORANGE,True
2026-06-22,H003,D002,163,13,0.07975460122699386,143.0,16.0,0.11188811188811189,-0.1875,-0.032133510661118025,0.3333333333333333,-0.5208333333333333,32.41659684508136,GREEN,False
2026-06-29,H003,D002,153,15,0.09803921568627451,163.0,13.0,0.07975460122699386,0.15384615384615385,0.018284614459280646,-0.1875,0.34134615384615385,52.88868068980064,YELLOW,True
2026-07-06,H003,D002,152,7,0.046052631578947366,153.0,15.0,0.09803921568627451,-0.5333333333333333,-0.05198658410732714,0.15384615384615385,-0.6871794871794872,26.26744784842343,GREEN,False
2026-07-13,H003,D002,167,18,0.10778443113772455,152.0,7.0,0.046052631578947366,1.5714285714285714,0.06173179955877719,-0.5333333333333333,2.104761904761905,82.40904088479978,RED,True
2026-07-20,H003,D002,168,13,0.07738095238095238,167.0,18.0,0.10778443113772455,-0.2777777777777778,-0.03040347875677217,1.5714285714285714,-1.8492063492063493,32.10991354681885,GREEN,False
2026-07-27,H003,D002,166,7,0.04216867469879518,168.0,13.0,0.07738095238095238,-0.46153846153846156,-0.035212277682157206,-0.2777777777777778,-0.18376068376068377,25.904673815343763,GREEN,False
2026-08-03,H003,D002,141,6,0.0425531914893617,166.0,7.0,0.04216867469879518,-0.14285714285714285,0.0003845167905665234,-0.46153846153846156,0.3186813186813187,38.13223614488944,YELLOW,True
2026-08-10,H003,D002,168,16,0.09523809523809523,141.0,6.0,0.0425531914893617,1.6666666666666667,0.05268490374873353,-0.14285714285714285,1.8095238095238095,80.23491354681885,RED,True
2026-08-17,H003,D002,152,13,0.08552631578947369,168.0,16.0,0.09523809523809523,-0.1875,-0.009711779448621546,1.6666666666666667,-1.8541666666666667,33.17534258526554,GREEN,False
2026-08-24,H003,D002,130,9,0.06923076923076923,152.0,13.0,0.08552631578947369,-0.3076923076923077,-0.016295546558704452,-0.1875,-0.12019230769230771,29.761711086376845,GREEN,False
2026-06-01,H003,D003,45,2,0.044444444444444446,0.0,0.0,0.0,1.0,0.044444444444444446,0.0,1.0,66.6359770554308,ORANGE,True
2026-06-08,H003,D003,30,1,0.03333333333333333,45.0,2.0,0.044444444444444446,-0.5,-0.011111111111111113,1.0,-1.5,18.263037259197297,GREEN,False
2026-06-15,H003,D003,35,1,0.02857142857142857,30.0,1.0,0.03333333333333333,0.0,-0.004761904761904762,-0.5,0.5,37.970950899164436,YELLOW,True
2026-06-22,H003,D003,55,5,0.09090909090909091,35.0,1.0,0.02857142857142857,4.0,0.062337662337662345,0.0,4.0,75.47930527912825,RED,True
2026-06-29,H003,D003,39,2,0.05128205128205128,55.0,5.0,0.09090909090909091,-0.6,-0.03962703962703963,4.0,-4.6,22.32667414109921,GREEN,False
2026-07-06,H003,D003,50,2,0.04,39.0,2.0,0.05128205128205128,0.0,-0.01128205128205128,-0.6,0.6,41.231686256447006,YELLOW,True
2026-07-13,H003,D003,34,1,0.029411764705882353,50.0,2.0,0.04,-0.5,-0.010588235294117648,0.0,-0.5,18.016042056777497,GREEN,False
2026-07-20,H003,D003,59,2,0.03389830508474576,34.0,1.0,0.029411764705882353,1.0,0.00448654037886341,-0.5,1.5,65.7521452383098,ORANGE,True
2026-07-27,H003,D003,39,0,0.0,59.0,2.0,0.03389830508474576,-1.0,-0.03389830508474576,1.0,-2.0,13.352315166740238,GREEN,False
2026-08-03,H003,D003,45,2,0.044444444444444446,39.0,0.0,0.0,1.0,0.044444444444444446,-1.0,2.0,66.6359770554308,ORANGE,True
2026-08-10,H003,D003,48,0,0.0,45.0,2.0,0.044444444444444446,-1.0,-0.044444444444444446,1.0,-2.0,14.086882436545194,GREEN,False
2026-08-17,H003,D003,36,2,0.05555555555555555,48.0,0.0,0.0,1.0,0.05555555555555555,-1.0,2.0,67.79234679815104,ORANGE,True
2026-08-24,H003,D003,40,1,0.025,36.0,2.0,0.05555555555555555,-0.5,-0.03055555555555555,1.0,-1.5,17.816692862514266,GREEN,False
2026-06-01,H003,D004,238,8,0.03361344537815126,0.0,0.0,0.0,1.0,0.03361344537815126,0.0,1.0,70.70503032983605,ORANGE,True
2026-06-08,H003,D004,258,5,0.01937984496124031,238.0,8.0,0.03361344537815126,-0.375,-0.01423360041691095,1.0,-1.375,23.391472868217054,GREEN,False
2026-06-15,H003,D004,241,3,0.012448132780082987,258.0,5.0,0.01937984496124031,-0.4,-0.006931712181157323,-0.375,-0.025000000000000022,22.046252305452953,GREEN,False
2026-06-22,H003,D004,225,16,0.07111111111111111,241.0,3.0,0.012448132780082987,4.333333333333333,0.058662978331028126,-0.4,4.733333333333333,77.06468212987849,RED,True
2026-06-29,H003,D004,213,5,0.023474178403755867,225.0,16.0,0.07111111111111111,-0.6875,-0.047636932707355244,4.333333333333333,-5.020833333333333,23.53073651016304,GREEN,False
2026-07-06,H003,D004,238,7,0.029411764705882353,213.0,5.0,0.023474178403755867,0.4,0.005937586302126485,-0.6875,1.0875,54.96973621218899,YELLOW,True
2026-07-13,H003,D004,228,4,0.017543859649122806,238.0,7.0,0.029411764705882353,-0.42857142857142855,-0.011867905056759546,0.4,-0.8285714285714285,22.73814497308335,GREEN,False
2026-07-20,H003,D004,227,9,0.039647577092511016,228.0,4.0,0.017543859649122806,1.25,0.02210371744338821,-0.42857142857142855,1.6785714285714286,71.59045474430322,ORANGE,True
2026-07-27,H003,D004,227,6,0.02643171806167401,227.0,9.0,0.039647577092511016,-0.3333333333333333,-0.013215859030837006,1.25,-1.5833333333333333,24.27767941390674,GREEN,False
2026-08-03,H003,D004,244,3,0.012295081967213115,227.0,6.0,0.02643171806167401,-0.5,-0.014136636094460895,-0.3333333333333333,-0.16666666666666669,22.06406379578298,GREEN,False
2026-08-10,H003,D004,243,7,0.02880658436213992,244.0,3.0,0.012295081967213115,1.3333333333333333,0.016511502394926804,-0.5,1.8333333333333333,69.93877255206334,ORANGE,True
2026-08-17,H003,D004,252,9,0.03571428571428571,243.0,7.0,0.02880658436213992,0.2857142857142857,0.006907701352145794,1.3333333333333333,-1.0476190476190474,33.39285714285714,GREEN,False
2026-08-24,H003,D004,202,5,0.024752475247524754,252.0,9.0,0.03571428571428571,-0.4444444444444444,-0.010961810466760959,0.2857142857142857,-0.7301587301587301,23.56343136189263,GREEN,False
2026-06-01,H003,D005,156,6,0.038461538461538464,0.0,0.0,0.0,1.0,0.038461538461538464,0.0,1.0,70.03242109912375,ORANGE,True
2026-06-08,H003,D005,157,13,0.08280254777070063,156.0,6.0,0.038461538461538464,1.1666666666666667,0.04434100930916217,1.0,0.16666666666666674,64.48174614045783,ORANGE,True
2026-06-15,H003,D005,141,4,0.028368794326241134,157.0,13.0,0.08280254777070063,-0.6923076923076923,-0.0544337534444595,1.1666666666666667,-1.858974358974359,22.90271389409059,GREEN,False
2026-06-22,H003,D005,183,9,0.04918032786885246,141.0,4.0,0.028368794326241134,1.25,0.020811533542611324,-0.6923076923076923,1.9423076923076923,72.48260542254538,ORANGE,True
2026-06-29,H003,D005,164,10,0.06097560975609756,183.0,9.0,0.04918032786885246,0.1111111111111111,0.011795281887245102,1.25,-1.1388888888888888,31.9300549082394,GREEN,False
2026-07-06,H003,D005,171,15,0.08771929824561403,164.0,10.0,0.06097560975609756,0.5,0.02674368848951647,0.1111111111111111,0.3888888888888889,62.03836947306753,ORANGE,True
2026-07-13,H003,D005,168,11,0.06547619047619048,171.0,15.0,0.08771929824561403,-0.26666666666666666,-0.02224310776942355,0.5,-0.7666666666666666,30.026580213485516,GREEN,False
2026-07-20,H003,D005,138,9,0.06521739130434782,168.0,11.0,0.06547619047619048,-0.18181818181818182,-0.0002587991718426552,-0.26666666666666666,0.08484848484848484,32.66786771725713,GREEN,False
2026-07-27,H003,D005,150,9,0.06,138.0,9.0,0.06521739130434782,0.0,-0.0052173913043478265,-0.18181818181818182,0.18181818181818182,35.933337423913514,YELLOW,True
2026-08-03,H003,D005,160,7,0.04375,150.0,9.0,0.06,-0.2222222222222222,-0.01625,0.0,-0.2222222222222222,26.048966112004045,GREEN,False
2026-08-10,H003,D005,157,15,0.09554140127388536,160.0,7.0,0.04375,1.1428571428571428,0.05179140127388536,-0.2222222222222222,1.3650793650793651,80.0443788368485,RED,True
2026-08-17,H003,D005,179,13,0.07262569832402235,157.0,15.0,0.09554140127388536,-0.13333333333333333,-0.022915702949863004,1.1428571428571428,-1.276190476190476,31.50599012084384,GREEN,False
2026-08-24,H003,D005,145,2,0.013793103448275862,179.0,13.0,0.07262569832402235,-0.8461538461538461,-0.05883259487574649,-0.13333333333333333,-0.7128205128205128,20.452519255340587,GREEN,False
2026-06-01,H003,D006,32,1,0.03125,0.0,0.0,0.0,1.0,0.03125,0.0,1.0,63.12475340816906,ORANGE,True
2026-06-08,H003,D006,31,6,0.1935483870967742,32.0,1.0,0.03125,5.0,0.1622983870967742,1.0,4.0,91.4155896615434,RED,True
2026-06-15,H003,D006,31,8,0.25806451612903225,31.0,6.0,0.1935483870967742,0.3333333333333333,0.06451612903225806,5.0,-4.666666666666667,55.87795525294125,ORANGE,True
2026-06-22,H003,D006,24,2,0.08333333333333333,31.0,8.0,0.25806451612903225,-0.75,-0.17473118279569894,0.3333333333333333,-1.0833333333333333,26.23441736328431,GREEN,False
2026-06-29,H003,D006,30,3,0.1,24.0,2.0,0.08333333333333333,0.5,0.016666666666666677,-0.75,1.25,62.42970392586397,ORANGE,True
2026-07-06,H003,D006,21,2,0.09523809523809523,30.0,3.0,0.1,-0.3333333333333333,-0.004761904761904773,0.5,-0.8333333333333333,27.855043393096672,GREEN,False
2026-07-13,H003,D006,27,2,0.07407407407407407,21.0,2.0,0.09523809523809523,0.0,-0.021164021164021163,-0.3333333333333333,0.3333333333333333,38.35758628241206,YELLOW,True
2026-07-20,H003,D006,22,4,0.18181818181818182,27.0,2.0,0.07407407407407407,1.0,0.10774410774410775,0.0,1.0,88.16745671191327,RED,True
2026-07-27,H003,D006,40,5,0.125,22.0,4.0,0.18181818181818182,0.25,-0.05681818181818182,1.0,-0.75,41.566692862514266,YELLOW,True
2026-08-03,H003,D006,37,1,0.02702702702702703,40.0,5.0,0.125,-0.8,-0.09797297297297297,0.25,-1.05,17.8963830332613,GREEN,False
2026-08-10,H003,D006,35,2,0.05714285714285714,37.0,1.0,0.02702702702702703,1.0,0.030115830115830113,-0.8,1.8,67.97095089916444,ORANGE,True
2026-08-17,H003,D006,33,5,0.15151515151515152,35.0,2.0,0.05714285714285714,1.5,0.09437229437229439,1.0,0.5,84.27921108985947,RED,True
2026-08-24,H003,D006,38,3,0.07894736842105263,33.0,5.0,0.15151515151515152,-0.4,-0.07256778309409889,1.5,-1.9,27.076463979420936,GREEN,False
2026-06-01,H003,D007,58,3,0.05172413793103448,0.0,0.0,0.0,1.0,0.05172413793103448,0.0,1.0,68.81083072638177,ORANGE,True
2026-06-08,H003,D007,62,4,0.06451612903225806,58.0,3.0,0.05172413793103448,0.3333333333333333,0.01279199110122358,1.0,-0.6666666666666667,34.62019926357236,GREEN,False
2026-06-15,H003,D007,62,5,0.08064516129032258,62.0,4.0,0.06451612903225806,0.25,0.016129032258064516,0.3333333333333333,-0.08333333333333331,35.35944657540032,YELLOW,True
2026-06-22,H003,D007,53,2,0.03773584905660377,62.0,5.0,0.08064516129032258,-0.6,-0.042909312233718806,0.25,-0.85,21.042351165809155,GREEN,False
2026-06-29,H003,D007,69,7,0.10144927536231885,53.0,2.0,0.03773584905660377,2.5,0.06371342630571508,-0.6,3.1,78.13153080557547,RED,True
2026-07-06,H003,D007,55,2,0.03636363636363636,69.0,7.0,0.10144927536231885,-0.7142857142857143,-0.06508563899868249,2.5,-3.2142857142857144,20.933850733673708,GREEN,False
2026-07-13,H003,D007,62,5,0.08064516129032258,55.0,2.0,0.03636363636363636,1.5,0.04428152492668622,-0.7142857142857143,2.2142857142857144,74.10944657540031,ORANGE,True
2026-07-20,H003,D007,65,5,0.07692307692307693,62.0,5.0,0.08064516129032258,0.0,-0.003722084367245651,1.5,-1.5,28.626466253629104,GREEN,False
2026-07-27,H003,D007,56,3,0.05357142857142857,65.0,5.0,0.07692307692307693,-0.4,-0.02335164835164836,0.0,-0.4,24.009279985270624,GREEN,False
2026-08-03,H003,D007,75,4,0.05333333333333334,56.0,3.0,0.05357142857142857,0.3333333333333333,-0.0002380952380952317,-0.4,0.7333333333333334,53.34224435411981,YELLOW,True
2026-08-10,H003,D007,56,1,0.017857142857142856,75.0,4.0,0.05333333333333334,-0.75,-0.03547619047619048,0.3333333333333333,-1.0833333333333333,17.759279985270624,GREEN,False
2026-08-17,H003,D007,66,4,0.06060606060606061,56.0,1.0,0.017857142857142856,3.0,0.04274891774891775,-0.75,3.75,70.82541969104324,ORANGE,True
2026-08-24,H003,D007,50,3,0.06,66.0,4.0,0.06060606060606061,-0.25,-0.00060606060606061,3.0,-3.25,24.731686256447006,GREEN,False
2026-06-01,H003,D008,136,5,0.03676470588235294,0.0,0.0,0.0,1.0,0.03676470588235294,0.0,1.0,69.24224930020912,ORANGE,True
2026-06-08,H003,D008,144,10,0.06944444444444445,136.0,5.0,0.03676470588235294,1.0,0.032679738562091505,1.0,0.0,55.16662676805646,ORANGE,True
2026-06-15,H003,D008,140,8,0.05714285714285714,144.0,10.0,0.06944444444444445,-0.2,-0.012301587301587306,1.0,-1.2,27.91259447829364,GREEN,False
2026-06-22,H003,D008,134,5,0.03731343283582089,140.0,8.0,0.05714285714285714,-0.375,-0.01982942430703625,-0.2,-0.175,24.285045958226057,GREEN,False
2026-06-29,H003,D008,135,4,0.02962962962962963,134.0,5.0,0.03731343283582089,-0.2,-0.0076838032061912614,-0.375,0.175,29.9670935277363,GREEN,False
2026-07-06,H003,D008,130,6,0.046153846153846156,135.0,4.0,0.02962962962962963,0.5,0.016524216524216526,-0.2,0.7,58.22324954791531,ORANGE,True
2026-07-13,H003,D008,135,7,0.05185185185185185,130.0,6.0,0.046153846153846156,0.16666666666666666,0.005698005698005694,0.5,-0.33333333333333337,31.022649083291853,GREEN,False
2026-07-20,H003,D008,150,9,0.06,135.0,7.0,0.05185185185185185,0.2857142857142857,0.008148148148148147,0.16666666666666666,0.11904761904761904,40.56537205594814,YELLOW,True
2026-07-27,H003,D008,144,4,0.027777777777777776,150.0,9.0,0.06,-0.5555555555555556,-0.03222222222222222,0.2857142857142857,-0.8412698412698413,22.874960101389796,GREEN,False
2026-08-03,H003,D008,146,2,0.0136986301369863,144.0,4.0,0.027777777777777776,-0.5,-0.014079147640791476,-0.5555555555555556,0.05555555555555558,22.682915998400652,GREEN,False
2026-08-10,H003,D008,145,6,0.041379310344827586,146.0,2.0,0.0136986301369863,2.0,0.027680680207841285,-0.5,2.5,70.28010546223715,ORANGE,True
2026-08-17,H003,D008,137,7,0.051094890510948905,145.0,6.0,0.041379310344827586,0.16666666666666666,0.00971558016612132,2.0,-1.8333333333333333,30.943022849396392,GREEN,False
2026-08-24,H003,D008,138,2,0.014492753623188406,137.0,7.0,0.051094890510948905,-0.7142857142857143,-0.0366021368877605,0.16666666666666666,-0.8809523809523809,20.397116729114842,GREEN,False
2026-06-01,H004,D001,223,14,0.06278026905829596,0.0,0.0,0.0,1.0,0.06278026905829596,0.0,1.0,75.5746102230823,RED,True
2026-06-08,H004,D001,199,12,0.06030150753768844,223.0,14.0,0.06278026905829596,-0.14285714285714285,-0.0024787615206075253,1.0,-1.1428571428571428,29.730621000811198,GREEN,False
2026-06-15,H004,D001,180,13,0.07222222222222222,199.0,12.0,0.06030150753768844,0.08333333333333333,0.011920714684533776,-0.14285714285714285,0.22619047619047616,42.586387491598316,YELLOW,True
2026-06-22,H004,D001,224,17,0.07589285714285714,180.0,13.0,0.07222222222222222,0.3076923076923077,0.0036706349206349215,0.08333333333333333,0.2243589743589744,49.552102827938924,YELLOW,True
2026-06-29,H004,D001,210,13,0.06190476190476191,224.0,17.0,0.07589285714285714,-0.23529411764705882,-0.01398809523809523,0.3076923076923077,-0.5429864253393666,30.20498735855794,GREEN,False
2026-07-06,H004,D001,162,17,0.10493827160493827,210.0,13.0,0.06190476190476191,0.3076923076923077,0.04303350970017636,-0.23529411764705882,0.5429864253393666,64.49390848013329,ORANGE,True
2026-07-13,H004,D001,199,16,0.08040201005025126,162.0,17.0,0.10493827160493827,-0.058823529411764705,-0.02453626155468701,0.3076923076923077,-0.36651583710407243,33.24820894050969,GREEN,False
2026-07-20,H004,D001,205,13,0.06341463414634146,199.0,16.0,0.08040201005025126,-0.1875,-0.016987375903909793,-0.058823529411764705,-0.12867647058823528,30.382409575285834,GREEN,False
2026-07-27,H004,D001,189,9,0.047619047619047616,205.0,13.0,0.06341463414634146,-0.3076923076923077,-0.015795586527293848,-0.1875,-0.12019230769230771,27.32552865184039,GREEN,False
2026-08-03,H004,D001,210,19,0.09047619047619047,189.0,9.0,0.047619047619047616,1.1111111111111112,0.04285714285714286,-0.3076923076923077,1.4188034188034189,80.20498735855793,RED,True
2026-08-10,H004,D001,178,11,0.06179775280898876,210.0,19.0,0.09047619047619047,-0.42105263157894735,-0.02867843766720171,1.1111111111111112,-1.5321637426900585,29.590934629928377,GREEN,False
2026-08-17,H004,D001,213,16,0.07511737089201878,178.0,11.0,0.06179775280898876,0.45454545454545453,0.013319618083030019,-0.42105263157894735,0.8755980861244019,63.93193155924541,ORANGE,True
2026-08-24,H004,D001,158,10,0.06329113924050633,213.0,16.0,0.07511737089201878,-0.375,-0.011826231651512448,0.45454545454545453,-0.8295454545454546,29.42341973036605,GREEN,False
2026-06-01,H004,D002,134,17,0.12686567164179105,0.0,0.0,0.0,1.0,0.12686567164179105,0.0,1.0,84.95668774927083,RED,True
2026-06-08,H004,D002,127,14,0.11023622047244094,134.0,17.0,0.12686567164179105,-0.17647058823529413,-0.016629451169350107,1.0,-1.1764705882352942,36.85380927012824,YELLOW,True
2026-06-15,H004,D002,120,16,0.13333333333333333,127.0,14.0,0.11023622047244094,0.14285714285714285,0.023097112860892388,-0.17647058823529413,0.31932773109243695,57.03677583347623,ORANGE,True
2026-06-22,H004,D002,112,6,0.05357142857142857,120.0,16.0,0.13333333333333333,-0.625,-0.07976190476190476,0.14285714285714285,-0.7678571428571428,26.48631330151246,GREEN,False
2026-06-29,H004,D002,114,7,0.06140350877192982,112.0,6.0,0.05357142857142857,0.16666666666666666,0.007832080200501253,-0.625,0.7916666666666666,52.08709761046132,YELLOW,True
2026-07-06,H004,D002,136,9,0.0661764705882353,114.0,7.0,0.06140350877192982,0.2857142857142857,0.004772961816305474,0.16666666666666666,0.11904761904761904,41.29407002850044,YELLOW,True
2026-07-13,H004,D002,133,8,0.06015037593984962,136.0,9.0,0.0661764705882353,-0.1111111111111111,-0.006026094648385674,0.2857142857142857,-0.3968253968253968,28.2545992583779,GREEN,False
2026-07-20,H004,D002,146,8,0.0547945205479452,133.0,8.0,0.06015037593984962,0.0,-0.005355855391904418,-0.1111111111111111,0.1111111111111111,32.096919042540684,GREEN,False
2026-07-27,H004,D002,114,13,0.11403508771929824,146.0,8.0,0.0547945205479452,0.625,0.05924056717135304,0.0,0.625,72.75595725958414,ORANGE,True
2026-08-03,H004,D002,110,9,0.08181818181818182,114.0,13.0,0.11403508771929824,-0.3076923076923077,-0.03221690590111642,0.625,-0.9326923076923077,31.364857459771283,GREEN,False
2026-08-10,H004,D002,132,9,0.06818181818181818,110.0,9.0,0.08181818181818182,0.0,-0.013636363636363641,-0.3076923076923077,0.3076923076923077,41.94068062739307,YELLOW,True
2026-08-17,H004,D002,115,10,0.08695652173913043,132.0,9.0,0.06818181818181818,0.1111111111111111,0.018774703557312256,0.0,0.1111111111111111,39.64576926971641,YELLOW,True
2026-08-24,H004,D002,95,8,0.08421052631578947,115.0,10.0,0.08695652173913043,-0.2,-0.0027459954233409606,0.1111111111111111,-0.3111111111111111,31.258015090531707,GREEN,False
2026-06-01,H004,D003,30,1,0.03333333333333333,0.0,0.0,0.0,1.0,0.03333333333333333,0.0,1.0,63.2630372591973,ORANGE,True
2026-06-08,H004,D003,39,2,0.05128205128205128,30.0,1.0,0.03333333333333333,1.0,0.017948717948717947,1.0,0.0,47.32667414109921,YELLOW,True
2026-06-15,H004,D003,30,0,0.0,39.0,2.0,0.05128205128205128,-1.0,-0.05128205128205128,1.0,-2.0,12.429703925863967,GREEN,False
2026-06-22,H004,D003,37,1,0.02702702702702703,30.0,0.0,0.0,1.0,0.02702702702702703,-1.0,2.0,62.8963830332613,ORANGE,True
2026-06-29,H004,D003,37,2,0.05405405405405406,37.0,1.0,0.02702702702702703,1.0,0.02702702702702703,1.0,0.0,47.62611276299103,YELLOW,True
2026-07-06,H004,D003,28,2,0.07142857142857142,37.0,2.0,0.05405405405405406,0.0,0.017374517374517368,1.0,-1.0,24.6883069753032,GREEN,False
2026-07-13,H004,D003,39,2,0.05128205128205128,28.0,2.0,0.07142857142857142,0.0,-0.020146520146520144,0.0,0.0,22.32667414109921,GREEN,False
2026-07-20,H004,D003,38,3,0.07894736842105263,39.0,2.0,0.05128205128205128,0.5,0.027665317139001347,0.0,0.5,59.576463979420936,ORANGE,True
2026-07-27,H004,D003,37,2,0.05405405405405406,38.0,3.0,0.07894736842105263,-0.3333333333333333,-0.02489331436699857,0.5,-0.8333333333333333,22.626112762991028,GREEN,False
2026-08-03,H004,D003,47,1,0.02127659574468085,37.0,2.0,0.05405405405405406,-0.5,-0.0327774583093732,-0.3333333333333333,-0.16666666666666669,17.735652856666118,GREEN,False
2026-08-10,H004,D003,29,2,0.06896551724137931,47.0,1.0,0.02127659574468085,1.0,0.047688921496698455,-0.5,1.5,69.37998298179909,ORANGE,True
2026-08-17,H004,D003,32,2,0.0625,29.0,2.0,0.06896551724137931,0.0,-0.006465517241379309,1.0,-1.0,23.593503408169063,GREEN,False
2026-08-24,H004,D003,28,3,0.10714285714285714,32.0,2.0,0.0625,0.5,0.04464285714285714,0.0,0.5,63.4383069753032,ORANGE,True
2026-06-01,H004,D004,253,12,0.04743083003952569,0.0,0.0,0.0,1.0,0.04743083003952569,0.0,1.0,73.300395256917,ORANGE,True
2026-06-08,H004,D004,276,9,0.03260869565217391,253.0,12.0,0.04743083003952569,-0.25,-0.014822134387351776,1.0,-1.25,25.706521739130434,GREEN,False
2026-06-15,H004,D004,272,5,0.01838235294117647,276.0,9.0,0.03260869565217391,-0.4444444444444444,-0.014226342710997441,-0.25,-0.19444444444444442,23.21691176470588,GREEN,False
2026-06-22,H004,D004,257,10,0.038910505836575876,272.0,5.0,0.01838235294117647,1.0,0.020528152895399405,-0.4444444444444444,1.4444444444444444,71.80933852140078,ORANGE,True
2026-06-29,H004,D004,242,7,0.028925619834710745,257.0,10.0,0.038910505836575876,-0.3,-0.009984886001865131,1.0,-1.3,24.944738799377568,GREEN,False
2026-07-06,H004,D004,266,5,0.018796992481203006,242.0,7.0,0.028925619834710745,-0.2857142857142857,-0.010128627353507738,-0.3,0.01428571428571429,23.8609022556391,GREEN,False
2026-07-13,H004,D004,264,7,0.026515151515151516,266.0,5.0,0.018796992481203006,0.4,0.007718159033948509,-0.2857142857142857,0.6857142857142857,54.640151515151516,YELLOW,True
2026-07-20,H004,D004,241,6,0.024896265560165973,264.0,7.0,0.026515151515151516,-0.14285714285714285,-0.0016188859549855425,0.4,-0.5428571428571429,24.224675541967475,GREEN,False
2026-07-27,H004,D004,267,6,0.02247191011235955,241.0,6.0,0.024896265560165973,0.0,-0.0024243554478064235,-0.14285714285714285,0.14285714285714285,29.646869983948637,GREEN,False
2026-08-03,H004,D004,249,8,0.0321285140562249,267.0,6.0,0.02247191011235955,0.3333333333333333,0.009656603943865347,0.0,0.3333333333333333,47.27470705535407,YELLOW,True
2026-08-10,H004,D004,241,5,0.02074688796680498,249.0,8.0,0.0321285140562249,-0.375,-0.011381626089419918,0.3333333333333333,-0.7083333333333333,23.4985344631293,GREEN,False
2026-08-17,H004,D004,239,8,0.03347280334728033,241.0,5.0,0.02074688796680498,0.6,0.012725915380475353,-0.375,0.975,60.69553120209651,ORANGE,True
2026-08-24,H004,D004,228,7,0.03070175438596491,239.0,8.0,0.03347280334728033,-0.125,-0.0027710489613154213,0.6,-0.725,25.04077655203072,GREEN,False
2026-06-01,H004,D005,159,12,0.07547169811320754,0.0,0.0,0.0,1.0,0.07547169811320754,0.0,1.0,76.57771110439472,RED,True
2026-06-08,H004,D005,178,11,0.06179775280898876,159.0,12.0,0.07547169811320754,-0.08333333333333333,-0.013673945304218782,1.0,-1.0833333333333333,29.590934629928377,GREEN,False
2026-06-15,H004,D005,181,9,0.049723756906077346,178.0,11.0,0.06179775280898876,-0.18181818181818182,-0.012073995902911416,-0.08333333333333333,-0.0984848484848485,27.538146500833804,GREEN,False
2026-06-22,H004,D005,179,7,0.03910614525139665,181.0,9.0,0.049723756906077346,-0.2222222222222222,-0.010617611654680698,-0.18181818181818182,-0.04040404040404039,25.64006833313434,GREEN,False
2026-06-29,H004,D005,176,8,0.045454545454545456,179.0,7.0,0.03910614525139665,0.14285714285714285,0.006348400203148807,-0.2222222222222222,0.36507936507936506,44.86480628326,YELLOW,True
2026-07-06,H004,D005,170,12,0.07058823529411765,176.0,8.0,0.045454545454545456,0.5,0.02513368983957219,0.14285714285714285,0.35714285714285715,57.74948651311613,ORANGE,True
2026-07-13,H004,D005,158,13,0.08227848101265822,170.0,12.0,0.07058823529411765,0.08333333333333333,0.011690245718540576,0.5,-0.4166666666666667,34.82953787382596,GREEN,False
2026-07-20,H004,D005,167,10,0.059880239520958084,158.0,13.0,0.08227848101265822,-0.23076923076923078,-0.022398241491700138,0.08333333333333333,-0.3141025641025641,29.025807351865645,GREEN,False
2026-07-27,H004,D005,179,9,0.05027932960893855,167.0,10.0,0.059880239520958084,-0.1,-0.009600909912019534,-0.23076923076923078,0.13076923076923078,32.82614482647341,GREEN,False
2026-08-03,H004,D005,160,13,0.08125,179.0,9.0,0.05027932960893855,0.4444444444444444,0.030970670391061453,-0.1,0.5444444444444444,63.72257722311515,ORANGE,True
2026-08-10,H004,D005,190,17,0.08947368421052632,160.0,13.0,0.08125,0.3076923076923077,0.008223684210526314,0.4444444444444444,-0.1367521367521367,42.36139838323903,YELLOW,True
2026-08-17,H004,D005,176,17,0.09659090909090909,190.0,17.0,0.08947368421052632,0.0,0.007117224880382772,0.3076923076923077,-0.3076923076923077,35.63906674502046,YELLOW,True
2026-08-24,H004,D005,145,7,0.04827586206896552,176.0,17.0,0.09659090909090909,-0.5882352941176471,-0.04831504702194357,0.0,-0.5882352941176471,26.487002013961277,GREEN,False
2026-06-01,H004,D006,36,6,0.16666666666666666,0.0,0.0,0.0,1.0,0.16666666666666666,0.0,1.0,87.23679124259549,RED,True
2026-06-08,H004,D006,33,9,0.2727272727272727,36.0,6.0,0.16666666666666666,0.5,0.10606060606060605,1.0,-0.5,60.26405957470795,ORANGE,True
2026-06-15,H004,D006,25,5,0.2,33.0,9.0,0.2727272727272727,-0.4444444444444444,-0.0727272727272727,0.5,-0.9444444444444444,46.793047823997675,YELLOW,True
2026-06-22,H004,D006,22,5,0.22727272727272727,25.0,5.0,0.2,0.0,0.027272727272727254,-0.4444444444444444,0.4444444444444444,64.12705267150923,ORANGE,True
2026-06-29,H004,D006,23,7,0.30434782608695654,22.0,5.0,0.22727272727272727,0.4,0.07707509881422928,0.0,0.4,72.50332421742539,ORANGE,True
2026-07-06,H004,D006,21,3,0.14285714285714285,23.0,7.0,0.30434782608695654,-0.5714285714285714,-0.1614906832298137,0.4,-0.9714285714285714,36.18837672643,YELLOW,True
2026-07-13,H004,D006,26,4,0.15384615384615385,21.0,3.0,0.14285714285714285,0.3333333333333333,0.010989010989011005,-0.5714285714285714,0.9047619047619047,67.18606345339217,ORANGE,True
2026-07-20,H004,D006,33,3,0.09090909090909091,26.0,4.0,0.15384615384615385,-0.25,-0.06293706293706294,0.3333333333333333,-0.5833333333333333,28.67315048379886,GREEN,False
2026-07-27,H004,D006,35,3,0.08571428571428572,33.0,3.0,0.09090909090909091,0.0,-0.0051948051948051965,-0.25,0.25,37.970950899164436,YELLOW,True
2026-08-03,H004,D006,31,6,0.1935483870967742,35.0,3.0,0.08571428571428572,1.0,0.10783410138248847,0.0,1.0,91.4155896615434,RED,True
2026-08-10,H004,D006,37,4,0.10810810810810811,31.0,6.0,0.1935483870967742,-0.3333333333333333,-0.08544027898866607,1.0,-1.3333333333333333,32.08557222245049,GREEN,False
2026-08-17,H004,D006,38,3,0.07894736842105263,37.0,4.0,0.10810810810810811,-0.25,-0.029160739687055487,-0.3333333333333333,0.08333333333333331,30.409797312754268,GREEN,False
2026-08-24,H004,D006,21,4,0.19047619047619047,38.0,3.0,0.07894736842105263,0.3333333333333333,0.11152882205513784,-0.25,0.5833333333333333,72.85504339309666,ORANGE,True
2026-06-01,H004,D007,53,2,0.03773584905660377,0.0,0.0,0.0,1.0,0.03773584905660377,0.0,1.0,66.04235116580915,ORANGE,True
2026-06-08,H004,D007,44,0,0.0,53.0,2.0,0.03773584905660377,-1.0,-0.03773584905660377,1.0,-2.0,13.778644146296765,GREEN,False
2026-06-15,H004,D007,62,3,0.04838709677419355,44.0,0.0,0.0,1.0,0.04838709677419355,-1.0,2.0,68.46428528507775,ORANGE,True
2026-06-22,H004,D007,51,4,0.0784313725490196,62.0,3.0,0.04838709677419355,0.3333333333333333,0.03004427577482606,1.0,-0.6666666666666667,36.36079573733102,YELLOW,True
2026-06-29,H004,D007,64,4,0.0625,51.0,4.0,0.0784313725490196,0.0,-0.015931372549019607,0.3333333333333333,-0.3333333333333333,26.047165455051584,GREEN,False
2026-07-06,H004,D007,50,2,0.04,64.0,4.0,0.0625,-0.5,-0.0225,0.0,-0.5,21.231686256447006,GREEN,False
2026-07-13,H004,D007,66,5,0.07575757575757576,50.0,2.0,0.04,1.5,0.03575757575757576,-0.5,2.0,73.47693484255839,ORANGE,True
2026-07-20,H004,D007,58,5,0.08620689655172414,66.0,5.0,0.07575757575757576,0.0,0.010449320794148384,1.5,-1.5,29.845313485002464,GREEN,False
2026-07-27,H004,D007,56,3,0.05357142857142857,58.0,5.0,0.08620689655172414,-0.4,-0.032635467980295575,0.0,-0.4,24.009279985270624,GREEN,False
2026-08-03,H004,D007,49,0,0.0,56.0,3.0,0.05357142857142857,-1.0,-0.05357142857142857,-0.4,-0.6,14.16000841387256,GREEN,False
2026-08-10,H004,D007,56,2,0.03571428571428571,49.0,0.0,0.0,1.0,0.03571428571428571,-1.0,2.0,65.88427998527062,ORANGE,True
2026-08-17,H004,D007,44,2,0.045454545454545456,56.0,2.0,0.03571428571428571,0.0,0.009740259740259744,1.0,-1.0,21.73318960084222,GREEN,False
2026-08-24,H004,D007,57,7,0.12280701754385964,44.0,2.0,0.045454545454545456,2.5,0.07735247208931419,0.0,2.5,81.18845942940021,RED,True
2026-06-01,H004,D008,148,5,0.033783783783783786,0.0,0.0,0.0,1.0,0.033783783783783786,0.0,1.0,69.02451009478877,ORANGE,True
2026-06-08,H004,D008,151,7,0.046357615894039736,148.0,5.0,0.033783783783783786,0.4,0.01257383211025595,1.0,-0.6,36.29708485283169,YELLOW,True
2026-06-15,H004,D008,166,6,0.03614457831325301,151.0,7.0,0.046357615894039736,-0.14285714285714285,-0.010213037580786725,0.4,-0.5428571428571429,24.850456947873884,GREEN,False
2026-06-22,H004,D008,140,11,0.07857142857142857,166.0,6.0,0.03614457831325301,0.8333333333333334,0.04242685025817556,-0.14285714285714285,0.9761904761904763,72.49592781162698,ORANGE,True
2026-06-29,H004,D008,128,6,0.046875,140.0,11.0,0.07857142857142857,-0.45454545454545453,-0.03169642857142857,0.8333333333333334,-1.2878787878787878,25.793764022346995,GREEN,False
2026-07-06,H004,D008,137,4,0.029197080291970802,128.0,6.0,0.046875,-0.3333333333333333,-0.017677919708029198,-0.45454545454545453,0.12121212121212122,27.792724242893406,GREEN,False
2026-07-13,H004,D008,156,6,0.038461538461538464,137.0,4.0,0.029197080291970802,0.5,0.009264458169567662,-0.3333333333333333,0.8333333333333333,57.53242109912375,ORANGE,True
2026-07-20,H004,D008,153,5,0.032679738562091505,156.0,6.0,0.038461538461538464,-0.16666666666666666,-0.0057817998994469585,0.5,-0.6666666666666666,23.950772193068616,GREEN,False
2026-07-27,H004,D008,129,5,0.03875968992248062,153.0,5.0,0.032679738562091505,0.0,0.0060799513603891145,-0.16666666666666666,0.16666666666666666,31.068202242073937,GREEN,False
2026-08-03,H004,D008,127,6,0.047244094488188976,129.0,5.0,0.03875968992248062,0.2,0.008484404565708356,0.0,0.2,38.83018722288415,YELLOW,True
2026-08-10,H004,D008,157,10,0.06369426751592357,127.0,6.0,0.047244094488188976,0.6666666666666666,0.01645017302773459,0.2,0.4666666666666666,64.8044637625385,ORANGE,True
2026-08-17,H004,D008,145,6,0.041379310344827586,157.0,10.0,0.06369426751592357,-0.4,-0.02231495717109598,0.6666666666666666,-1.0666666666666667,25.280105462237138,GREEN,False
2026-08-24,H004,D008,131,5,0.03816793893129771,145.0,6.0,0.041379310344827586,-0.16666666666666666,-0.0032113714135298746,-0.4,0.23333333333333336,33.686574822322655,GREEN,False
2026-06-01,H005,D001,215,19,0.08837209302325581,0.0,0.0,0.0,1.0,0.08837209302325581,0.0,1.0,79.92154262781642,RED,True
2026-06-08,H005,D001,203,16,0.07881773399014778,215.0,19.0,0.08837209302325581,-0.15789473684210525,-0.009554359033108029,1.0,-1.1578947368421053,33.04263847256603,GREEN,False
2026-06-15,H005,D001,180,17,0.09444444444444444,203.0,16.0,0.07881773399014778,0.0625,0.015626710454296658,-0.15789473684210525,0.22039473684210525,45.722613473219035,YELLOW,True
2026-06-22,H005,D001,175,16,0.09142857142857143,180.0,17.0,0.09444444444444444,-0.058823529411764705,-0.0030158730158730135,0.0625,-0.1213235294117647,34.71514987819475,GREEN,False
2026-06-29,H005,D001,191,24,0.1256544502617801,175.0,16.0,0.09142857142857143,0.5,0.03422587883320867,-0.058823529411764705,0.5588235294117647,73.51962616500164,ORANGE,True
2026-07-06,H005,D001,181,9,0.049723756906077346,191.0,24.0,0.1256544502617801,-0.625,-0.07593069335570275,0.5,-1.125,27.538146500833804,GREEN,False
2026-07-13,H005,D001,204,13,0.06372549019607843,181.0,9.0,0.049723756906077346,0.4444444444444444,0.014001733290001081,-0.625,1.0694444444444444,61.530306772914585,ORANGE,True
2026-07-20,H005,D001,195,10,0.05128205128205128,204.0,13.0,0.06372549019607843,-0.23076923076923078,-0.012443438914027147,0.4444444444444444,-0.6752136752136753,28.07909017874733,GREEN,False
2026-07-27,H005,D001,207,14,0.06763285024154589,195.0,10.0,0.05128205128205128,0.4,0.01635079895949461,-0.23076923076923078,0.6307692307692307,61.155569768032954,ORANGE,True
2026-08-03,H005,D001,168,6,0.03571428571428571,207.0,14.0,0.06763285024154589,-0.5714285714285714,-0.031918564527260176,0.4,-0.9714285714285714,24.81824688015218,GREEN,False
2026-08-10,H005,D001,207,12,0.057971014492753624,168.0,6.0,0.03571428571428571,1.0,0.02225672877846791,-0.5714285714285714,1.5714285714285714,74.46474851199432,ORANGE,True
2026-08-17,H005,D001,191,15,0.07853403141361257,207.0,12.0,0.057971014492753624,0.25,0.02056301692085894,1.0,-0.75,39.02355286657233,YELLOW,True
2026-08-24,H005,D001,159,16,0.10062893081761007,191.0,15.0,0.07853403141361257,0.06666666666666667,0.022094899403997503,0.25,-0.18333333333333335,37.64689349433183,YELLOW,True
2026-06-01,H005,D002,114,13,0.11403508771929824,0.0,0.0,0.0,1.0,0.11403508771929824,0.0,1.0,82.13095725958414,RED,True
2026-06-08,H005,D002,123,7,0.056910569105691054,114.0,13.0,0.11403508771929824,-0.46153846153846156,-0.057124518613607185,1.0,-1.4615384615384617,27.406902287203067,GREEN,False
2026-06-15,H005,D002,120,16,0.13333333333333333,123.0,7.0,0.056910569105691054,1.2857142857142858,0.07642276422764227,-0.46153846153846156,1.7472527472527473,85.69223801835018,RED,True
2026-06-22,H005,D002,109,9,0.08256880733944955,120.0,16.0,0.13333333333333333,-0.4375,-0.050764525993883786,1.2857142857142858,-1.7232142857142858,31.46346002580917,GREEN,False
2026-06-29,H005,D002,121,9,0.0743801652892562,109.0,9.0,0.08256880733944955,0.0,-0.008188642050193345,-0.4375,0.4375,47.905224830387105,YELLOW,True
2026-07-06,H005,D002,120,8,0.06666666666666667,121.0,9.0,0.0743801652892562,-0.1111111111111111,-0.007713498622589535,0.0,-0.1111111111111111,29.025571351683514,GREEN,False
2026-07-13,H005,D002,105,14,0.13333333333333333,120.0,8.0,0.06666666666666667,0.75,0.06666666666666667,-0.1111111111111111,0.8611111111111112,78.96317701487172,RED,True
2026-07-20,H005,D002,127,16,0.12598425196850394,105.0,14.0,0.13333333333333333,0.14285714285714285,-0.007349081364829396,0.75,-0.6071428571428572,43.18114335336784,YELLOW,True
2026-07-27,H005,D002,134,10,0.07462686567164178,127.0,16.0,0.12598425196850394,-0.375,-0.05135738629686215,0.14285714285714285,-0.5178571428571428,30.814896704494714,GREEN,False
2026-08-03,H005,D002,111,8,0.07207207207207207,134.0,10.0,0.07462686567164178,-0.2,-0.002554793599569713,-0.375,0.175,36.69175136657154,YELLOW,True
2026-08-10,H005,D002,108,11,0.10185185185185185,111.0,8.0,0.07207207207207207,0.375,0.029779779779779775,-0.2,0.575,64.17993676138273,ORANGE,True
2026-08-17,H005,D002,123,8,0.06504065040650407,108.0,11.0,0.10185185185185185,-0.2727272727272727,-0.036811201445347774,0.375,-0.6477272727272727,28.829666514845343,GREEN,False
2026-08-24,H005,D002,114,12,0.10526315789473684,123.0,8.0,0.06504065040650407,0.5,0.040222507488232764,-0.2727272727272727,0.7727272727272727,68.09586954028589,ORANGE,True
2026-06-01,H005,D003,27,1,0.037037037037037035,0.0,0.0,0.0,1.0,0.037037037037037035,0.0,1.0,63.54277146759724,ORANGE,True
2026-06-08,H005,D003,28,1,0.03571428571428571,27.0,1.0,0.037037037037037035,0.0,-0.0013227513227513227,1.0,-1.0,18.4383069753032,GREEN,False
2026-06-15,H005,D003,22,0,0.0,28.0,1.0,0.03571428571428571,-1.0,-0.03571428571428571,0.0,-1.0,11.34927489373145,GREEN,False
2026-06-22,H005,D003,32,3,0.09375,22.0,0.0,0.0,1.0,0.09375,-1.0,2.0,74.06225340816906,ORANGE,True
2026-06-29,H005,D003,30,1,0.03333333333333333,32.0,3.0,0.09375,-0.6666666666666666,-0.06041666666666667,1.0,-1.6666666666666665,18.263037259197297,GREEN,False
2026-07-06,H005,D003,40,5,0.125,30.0,1.0,0.03333333333333333,4.0,0.09166666666666667,-0.6666666666666666,4.666666666666667,80.31669286251426,RED,True
2026-07-13,H005,D003,36,1,0.027777777777777776,40.0,5.0,0.125,-0.8,-0.09722222222222222,4.0,-4.8,17.931235687039937,GREEN,False
2026-07-20,H005,D003,29,0,0.0,36.0,1.0,0.027777777777777776,-1.0,-0.027777777777777776,-0.8,-0.19999999999999996,12.311017464557711,GREEN,False
2026-07-27,H005,D003,23,2,0.08695652173913043,29.0,0.0,0.0,1.0,0.08695652173913043,-1.0,2.0,71.72071552177322,ORANGE,True
2026-08-03,H005,D003,33,1,0.030303030303030304,23.0,2.0,0.08695652173913043,-0.5,-0.05665349143610013,1.0,-1.5,18.067089877738255,GREEN,False
2026-08-10,H005,D003,38,2,0.05263157894736842,33.0,1.0,0.030303030303030304,1.0,0.022328548644338114,-0.5,1.5,67.4712008215262,ORANGE,True
2026-08-17,H005,D003,27,2,0.07407407407407407,38.0,2.0,0.05263157894736842,0.0,0.021442495126705652,1.0,-1.0,25.024252949078722,GREEN,False
2026-08-24,H005,D003,18,0,0.0,27.0,2.0,0.07407407407407407,-1.0,-0.07407407407407407,0.0,-1.0,10.657728919609987,GREEN,False
2026-06-01,H005,D004,260,6,0.023076923076923078,0.0,0.0,0.0,1.0,0.023076923076923078,0.0,1.0,69.03846153846155,ORANGE,True
2026-06-08,H005,D004,220,9,0.04090909090909091,260.0,6.0,0.023076923076923078,0.5,0.01783216783216783,1.0,-0.5,39.19834953995337,YELLOW,True
2026-06-15,H005,D004,209,9,0.0430622009569378,220.0,9.0,0.04090909090909091,0.0,0.002153110047846893,0.5,-0.5,26.89034385029442,GREEN,False
2026-06-22,H005,D004,255,6,0.023529411764705882,209.0,9.0,0.0430622009569378,-0.3333333333333333,-0.01953278919223192,0.0,-0.3333333333333333,24.11764705882353,GREEN,False
2026-06-29,H005,D004,233,6,0.02575107296137339,255.0,6.0,0.023529411764705882,0.0,0.0022216611966675084,-0.3333333333333333,0.3333333333333333,37.58592105689263,YELLOW,True
2026-07-06,H005,D004,251,11,0.043824701195219126,233.0,6.0,0.02575107296137339,0.8333333333333334,0.018073628233845736,0.0,0.8333333333333334,68.50265604249668,ORANGE,True
2026-07-13,H005,D004,251,13,0.05179282868525897,251.0,11.0,0.043824701195219126,0.18181818181818182,0.00796812749003984,0.8333333333333334,-0.6515151515151516,33.609199565374865,GREEN,False
2026-07-20,H005,D004,215,6,0.027906976744186046,251.0,13.0,0.05179282868525897,-0.5384615384615384,-0.02388585194107292,0.18181818181818182,-0.7202797202797202,24.340147278979217,GREEN,False
2026-07-27,H005,D004,222,11,0.04954954954954955,215.0,6.0,0.027906976744186046,0.8333333333333334,0.021642572805363504,-0.5384615384615384,1.3717948717948718,69.07637247994599,ORANGE,True
2026-08-03,H005,D004,212,7,0.0330188679245283,222.0,11.0,0.04954954954954955,-0.36363636363636365,-0.01653068162502125,0.8333333333333334,-1.196969696969697,25.1841034555299,GREEN,False
2026-08-10,H005,D004,268,3,0.011194029850746268,212.0,7.0,0.0330188679245283,-0.5714285714285714,-0.021824838073782035,-0.36363636363636365,-0.20779220779220775,21.958955223880597,GREEN,False
2026-08-17,H005,D004,236,6,0.025423728813559324,268.0,3.0,0.011194029850746268,1.0,0.014229698962813056,-0.5714285714285714,1.5714285714285714,69.2414128380305,ORANGE,True
2026-08-24,H005,D004,190,6,0.031578947368421054,236.0,6.0,0.025423728813559324,0.0,0.00615521855486173,1.0,-1.0,24.537511743562913,GREEN,False
2026-06-01,H005,D005,95,6,0.06315789473684211,0.0,0.0,0.0,1.0,0.06315789473684211,0.0,1.0,72.57380456421592,ORANGE,True
2026-06-08,H005,D005,143,17,0.11888111888111888,95.0,6.0,0.06315789473684211,1.8333333333333333,0.05572322414427677,1.0,0.8333333333333333,83.79299547120341,RED,True
2026-06-15,H005,D005,156,15,0.09615384615384616,143.0,17.0,0.11888111888111888,-0.11764705882352941,-0.02272727272727272,1.8333333333333333,-1.9509803921568627,35.12857494527759,YELLOW,True
2026-06-22,H005,D005,143,11,0.07692307692307693,156.0,15.0,0.09615384615384616,-0.26666666666666666,-0.019230769230769232,-0.11764705882352941,-0.14901960784313725,31.45033812854607,GREEN,False
2026-06-29,H005,D005,134,8,0.05970149253731343,143.0,11.0,0.07692307692307693,-0.2727272727272727,-0.017221584385763496,-0.26666666666666666,-0.006060606060606044,28.20295640598725,GREEN,False
2026-07-06,H005,D005,124,9,0.07258064516129033,134.0,8.0,0.05970149253731343,0.125,0.012879152623976896,-0.2727272727272727,0.3977272727272727,49.21232985724319,YELLOW,True
2026-07-13,H005,D005,128,4,0.03125,124.0,9.0,0.07258064516129033,-0.5555555555555556,-0.04133064516129033,0.125,-0.6805555555555556,23.059389022346995,GREEN,False
2026-07-20,H005,D005,161,8,0.049689440993788817,128.0,4.0,0.03125,1.0,0.018439440993788817,-0.5555555555555556,1.5555555555555556,72.11078082047717,ORANGE,True
2026-07-27,H005,D005,150,13,0.08666666666666667,161.0,8.0,0.049689440993788817,0.625,0.03697722567287785,1.0,-0.375,48.952276817852905,YELLOW,True
2026-08-03,H005,D005,156,6,0.038461538461538464,150.0,13.0,0.08666666666666667,-0.5384615384615384,-0.048205128205128206,0.625,-1.1634615384615383,25.032421099123752,GREEN,False
2026-08-10,H005,D005,128,5,0.0390625,156.0,6.0,0.038461538461538464,-0.16666666666666666,0.0006009615384615363,-0.5384615384615384,0.3717948717948718,39.29837139414187,YELLOW,True
2026-08-17,H005,D005,139,8,0.05755395683453238,128.0,5.0,0.0390625,0.6,0.018491456834532377,-0.16666666666666666,0.7666666666666666,62.95877444713442,ORANGE,True
2026-08-24,H005,D005,122,7,0.05737704918032787,139.0,8.0,0.05755395683453238,-0.125,-0.000176907654204507,0.6,-0.725,27.459227534732275,GREEN,False
2026-06-01,H005,D006,21,5,0.23809523809523808,0.0,0.0,0.0,1.0,0.23809523809523808,0.0,1.0,91.18837672643001,RED,True
2026-06-08,H005,D006,29,6,0.20689655172413793,21.0,5.0,0.23809523809523808,0.2,-0.031198686371100154,1.0,-0.8,52.31101746455771,YELLOW,True
2026-06-15,H005,D006,33,6,0.18181818181818182,29.0,6.0,0.20689655172413793,0.0,-0.025078369905956105,0.2,-0.2,44.58224139288977,YELLOW,True
2026-06-22,H005,D006,29,4,0.13793103448275862,33.0,6.0,0.18181818181818182,-0.3333333333333333,-0.043887147335423204,0.0,-0.3333333333333333,36.44894849904047,YELLOW,True
2026-06-29,H005,D006,29,2,0.06896551724137931,29.0,4.0,0.13793103448275862,-0.5,-0.06896551724137931,-0.3333333333333333,-0.16666666666666669,24.37998298179909,GREEN,False
2026-07-06,H005,D006,26,5,0.19230769230769232,29.0,2.0,0.06896551724137931,1.5,0.12334217506631301,-0.5,2.0,90.58349935082806,RED,True
2026-07-13,H005,D006,27,2,0.07407407407407407,26.0,5.0,0.19230769230769232,-0.6,-0.11823361823361825,1.5,-2.1,25.024252949078722,GREEN,False
2026-07-20,H005,D006,36,3,0.08333333333333333,27.0,2.0,0.07407407407407407,0.5,0.009259259259259259,-0.6,1.1,60.15345790926216,ORANGE,True
2026-07-27,H005,D006,25,2,0.08,36.0,3.0,0.08333333333333333,-0.3333333333333333,-0.003333333333333327,0.5,-0.8333333333333333,25.793047823997675,GREEN,False
2026-08-03,H005,D006,34,3,0.08823529411764706,25.0,2.0,0.08,0.5,0.008235294117647063,-0.3333333333333333,0.8333333333333333,60.81015970383632,ORANGE,True
2026-08-10,H005,D006,36,3,0.08333333333333333,34.0,3.0,0.08823529411764706,0.0,-0.004901960784313736,0.5,-0.5,27.65345790926216,GREEN,False
2026-08-17,H005,D006,39,8,0.20512820512820512,36.0,3.0,0.08333333333333333,1.6666666666666667,0.12179487179487179,0.0,1.6666666666666667,93.35231516674024,RED,True
2026-08-24,H005,D006,27,5,0.18518518518518517,39.0,8.0,0.20512820512820512,-0.375,-0.019943019943019946,1.6666666666666667,-2.041666666666667,44.468697393523165,YELLOW,True
2026-06-01,H005,D007,55,4,0.07272727272727272,0.0,0.0,0.0,1.0,0.07272727272727272,0.0,1.0,72.29748709731007,ORANGE,True
2026-06-08,H005,D007,51,4,0.0784313725490196,55.0,4.0,0.07272727272727272,0.0,0.005704099821746883,1.0,-1.0,28.02746240399769,GREEN,False
2026-06-15,H005,D007,69,6,0.08695652173913043,51.0,4.0,0.0784313725490196,0.5,0.008525149190110826,0.0,0.5,63.0952989215175,ORANGE,True
2026-06-22,H005,D007,56,6,0.10714285714285714,69.0,6.0,0.08695652173913043,0.0,0.020186335403726705,0.5,-0.5,33.384279985270624,GREEN,False
2026-06-29,H005,D007,59,4,0.06779661016949153,56.0,6.0,0.10714285714285714,-0.3333333333333333,-0.03934624697336561,0.0,-0.3333333333333333,26.684348628140302,GREEN,False
2026-07-06,H005,D007,60,4,0.06666666666666667,59.0,4.0,0.06779661016949153,0.0,-0.0011299435028248594,-0.3333333333333333,0.3333333333333333,39.87977152084569,YELLOW,True
2026-07-13,H005,D007,63,2,0.031746031746031744,60.0,4.0,0.06666666666666667,-0.5,-0.03492063492063492,0.0,-0.5,20.609101859085047,GREEN,False
2026-07-20,H005,D007,56,4,0.07142857142857142,63.0,2.0,0.031746031746031744,1.0,0.03968253968253968,-0.5,1.5,72.13427998527062,ORANGE,True
2026-07-27,H005,D007,58,7,0.1206896551724138,56.0,4.0,0.07142857142857142,0.75,0.049261083743842374,1.0,-0.25,54.62979624362315,YELLOW,True
2026-08-03,H005,D007,61,6,0.09836065573770492,58.0,7.0,0.1206896551724138,-0.14285714285714285,-0.022328999434708882,0.75,-0.8928571428571428,32.15174306388391,GREEN,False
2026-08-10,H005,D007,56,5,0.08928571428571429,61.0,6.0,0.09836065573770492,-0.16666666666666666,-0.009074941451990629,-0.14285714285714285,-0.023809523809523808,30.259279985270624,GREEN,False
2026-08-17,H005,D007,59,1,0.01694915254237288,56.0,5.0,0.08928571428571429,-0.8,-0.07233656174334141,-0.16666666666666666,-0.6333333333333334,17.78604354339454,GREEN,False
2026-08-24,H005,D007,52,4,0.07692307692307693,59.0,1.0,0.01694915254237288,3.0,0.05997392438070405,-0.8,3.8,72.83245775915526,ORANGE,True
2026-06-01,H005,D008,149,4,0.026845637583892617,0.0,0.0,0.0,1.0,0.026845637583892617,0.0,1.0,67.8345460567144,ORANGE,True
2026-06-08,H005,D008,142,4,0.028169014084507043,149.0,4.0,0.026845637583892617,0.0,0.001323376500614426,1.0,-1.0,22.89315324737325,GREEN,False
2026-06-15,H005,D008,136,12,0.08823529411764706,142.0,4.0,0.028169014084507043,2.0,0.06006628003314002,0.0,2.0,78.2496022413856,RED,True
2026-06-22,H005,D008,147,8,0.05442176870748299,136.0,12.0,0.08823529411764706,-0.3333333333333333,-0.03381352541016407,2.0,-2.3333333333333335,27.61178286758151,GREEN,False
2026-06-29,H005,D008,136,10,0.07352941176470588,147.0,8.0,0.05442176870748299,0.25,0.019107643057222894,-0.3333333333333333,0.5833333333333333,56.92607282962089,ORANGE,True
2026-07-06,H005,D008,142,3,0.02112676056338028,136.0,10.0,0.07352941176470588,-0.7,-0.052402651201325604,0.25,-0.95,21.660758881176065,GREEN,False
2026-07-13,H005,D008,147,3,0.02040816326530612,142.0,3.0,0.02112676056338028,0.0,-0.0007185972980741605,-0.7,0.7,41.65940191520056,YELLOW,True
2026-07-20,H005,D008,134,7,0.05223880597014925,147.0,3.0,0.02040816326530612,1.3333333333333333,0.031830642704843135,0.0,1.3333333333333333,71.89698625673353,ORANGE,True
2026-07-27,H005,D008,140,2,0.014285714285714285,134.0,7.0,0.05223880597014925,-0.7142857142857143,-0.03795309168443497,1.3333333333333333,-2.0476190476190474,20.412594478293645,GREEN,False
2026-08-03,H005,D008,185,6,0.032432432432432434,140.0,2.0,0.014285714285714285,2.0,0.01814671814671815,-0.7142857142857143,2.7142857142857144,69.59085505112186,ORANGE,True
2026-08-10,H005,D008,139,5,0.03597122302158273,185.0,6.0,0.032432432432432434,-0.16666666666666666,0.003538790589150298,2.0,-2.1666666666666665,24.181796029868227,GREEN,False
2026-08-17,H005,D008,161,5,0.031055900621118012,139.0,5.0,0.03597122302158273,0.0,-0.00491532240046472,-0.16666666666666666,0.16666666666666666,30.516577921926448,GREEN,False
2026-08-24,H005,D008,138,4,0.028985507246376812,161.0,5.0,0.031055900621118012,-0.2,-0.0020703933747412,0.0,-0.2,22.933348613172814,GREEN,False
2026-06-01,H006,D001,155,9,0.05806451612903226,0.0,0.0,0.0,1.0,0.05806451612903226,0.0,1.0,73.43981359616055,ORANGE,True
2026-06-08,H006,D001,159,11,0.06918238993710692,155.0,9.0,0.05806451612903226,0.2222222222222222,0.011117873808074656,1.0,-0.7777777777777778,36.03263772913267,YELLOW,True
2026-06-15,H006,D001,145,16,0.1103448275862069,159.0,11.0,0.06918238993710692,0.45454545454545453,0.04116243764909998,0.2222222222222222,0.23232323232323232,58.005636636044166,ORANGE,True
2026-06-22,H006,D001,167,15,0.08982035928143713,145.0,16.0,0.1103448275862069,-0.0625,-0.02052446830476977,0.45454545454545453,-0.5170454545454546,34.265328309949474,GREEN,False
2026-06-29,H006,D001,149,10,0.06711409395973154,167.0,15.0,0.08982035928143713,-0.3333333333333333,-0.022706265321705582,-0.0625,-0.2708333333333333,29.881525922486215,GREEN,False
2026-07-06,H006,D001,143,7,0.04895104895104895,149.0,10.0,0.06711409395973154,-0.3,-0.018163045008682592,-0.3333333333333333,0.033333333333333326,27.888566566774504,GREEN,False
2026-07-13,H006,D001,161,17,0.10559006211180125,143.0,7.0,0.04895104895104895,1.4285714285714286,0.056639013160752295,-0.3,1.7285714285714286,81.89338951612935,RED,True
2026-07-20,H006,D001,132,12,0.09090909090909091,161.0,17.0,0.10559006211180125,-0.29411764705882354,-0.014680971202710336,1.4285714285714286,-1.7226890756302522,33.61026104697349,GREEN,False
2026-07-27,H006,D001,141,7,0.04964539007092199,132.0,12.0,0.09090909090909091,-0.4166666666666667,-0.041263700838168924,-0.29411764705882354,-0.12254901960784315,26.62611814940974,GREEN,False
2026-08-03,H006,D001,153,14,0.0915032679738562,141.0,7.0,0.04964539007092199,1.0,0.041857877902934215,-0.4166666666666667,1.4166666666666667,79.24488984012744,RED,True
2026-08-10,H006,D001,143,12,0.08391608391608392,153.0,14.0,0.0915032679738562,-0.14285714285714285,-0.007587184057772284,1.0,-1.1428571428571428,32.67411435232229,GREEN,False
2026-08-17,H006,D001,171,17,0.09941520467836257,143.0,12.0,0.08391608391608392,0.4166666666666667,0.015499120762278648,-0.14285714285714285,0.5595238095238095,66.44626420990964,ORANGE,True
2026-08-24,H006,D001,117,4,0.03418803418803419,171.0,17.0,0.09941520467836257,-0.7647058823529411,-0.06522717049032838,0.4166666666666667,-1.1813725490196079,23.250936955278302,GREEN,False
2026-06-01,H006,D002,117,8,0.06837606837606838,0.0,0.0,0.0,1.0,0.06837606837606838,0.0,1.0,74.23384293818428,ORANGE,True
2026-06-08,H006,D002,75,9,0.12,117.0,8.0,0.06837606837606838,0.125,0.05162393162393161,1.0,-0.875,39.80057768745315,YELLOW,True
2026-06-15,H006,D002,103,5,0.04854368932038835,75.0,9.0,0.12,-0.4444444444444444,-0.07145631067961164,0.125,-0.5694444444444444,25.3060422229088,GREEN,False
2026-06-22,H006,D002,98,10,0.10204081632653061,103.0,5.0,0.04854368932038835,1.0,0.053497127006142266,-0.4444444444444444,1.4444444444444444,79.48969733097255,RED,True
2026-06-29,H006,D002,107,11,0.102803738317757,98.0,10.0,0.10204081632653061,0.1,0.0007629219912263924,1.0,-0.9,37.43815617043255,YELLOW,True
2026-07-06,H006,D002,97,14,0.14432989690721648,107.0,11.0,0.102803738317757,0.2727272727272727,0.041526158589459475,0.1,0.1727272727272727,55.58081150650238,ORANGE,True
2026-07-13,H006,D002,95,5,0.05263157894736842,97.0,14.0,0.14432989690721648,-0.6428571428571429,-0.09169831795984806,0.2727272727272727,-0.9155844155844156,25.731699301058022,GREEN,False
2026-07-20,H006,D002,116,13,0.11206896551724138,95.0,5.0,0.05263157894736842,1.6,0.05943738656987296,-0.6428571428571429,2.242857142857143,81.84929453691461,RED,True
2026-07-27,H006,D002,91,5,0.054945054945054944,116.0,13.0,0.11206896551724138,-0.6153846153846154,-0.05712391057218644,1.6,-2.2153846153846155,25.98250827695923,GREEN,False
2026-08-03,H006,D002,107,15,0.14018691588785046,91.0,5.0,0.054945054945054944,2.0,0.08524186094279551,-0.6153846153846154,2.6153846153846154,86.4802122451989,RED,True
2026-08-10,H006,D002,113,10,0.08849557522123894,107.0,15.0,0.14018691588785046,-0.3333333333333333,-0.05169134066661152,2.0,-2.3333333333333335,32.62993003290902,GREEN,False
2026-08-17,H006,D002,100,8,0.08,113.0,10.0,0.08849557522123894,-0.2,-0.008495575221238935,-0.3333333333333333,0.1333333333333333,36.03828247571599,YELLOW,True
2026-08-24,H006,D002,71,5,0.07042253521126761,100.0,8.0,0.08,-0.375,-0.009577464788732393,-0.2,-0.175,27.803818945057856,GREEN,False
2026-06-01,H006,D003,35,4,0.11428571428571428,0.0,0.0,0.0,1.0,0.11428571428571428,0.0,1.0,77.97095089916444,RED,True
2026-06-08,H006,D003,33,1,0.030303030303030304,35.0,4.0,0.11428571428571428,-0.75,-0.08398268398268398,1.0,-1.75,18.067089877738255,GREEN,False
2026-06-15,H006,D003,31,0,0.0,33.0,1.0,0.030303030303030304,-1.0,-0.030303030303030304,-0.75,-0.25,12.544621919607913,GREEN,False
2026-06-22,H006,D003,19,1,0.05263157894736842,31.0,0.0,0.0,1.0,0.05263157894736842,-1.0,2.0,65.05391709860812,ORANGE,True
2026-06-29,H006,D003,25,1,0.04,19.0,1.0,0.05263157894736842,0.0,-0.012631578947368417,1.0,-1.0,18.793047823997675,GREEN,False
2026-07-06,H006,D003,30,3,0.1,25.0,1.0,0.04,2.0,0.060000000000000005,0.0,2.0,74.92970392586398,ORANGE,True
2026-07-13,H006,D003,37,2,0.05405405405405406,30.0,3.0,0.1,-0.3333333333333333,-0.04594594594594595,2.0,-2.3333333333333335,22.626112762991028,GREEN,False
2026-07-20,H006,D003,29,2,0.06896551724137931,37.0,2.0,0.05405405405405406,0.0,0.014911463187325252,-0.3333333333333333,0.3333333333333333,37.71331631513242,YELLOW,True
2026-07-27,H006,D003,26,1,0.038461538461538464,29.0,2.0,0.06896551724137931,-0.5,-0.030503978779840846,0.0,-0.5,18.660422427751143,GREEN,False
2026-08-03,H006,D003,33,1,0.030303030303030304,26.0,1.0,0.038461538461538464,0.0,-0.00815850815850816,-0.5,0.5,38.067089877738255,YELLOW,True
2026-08-10,H006,D003,33,1,0.030303030303030304,33.0,1.0,0.030303030303030304,0.0,0.0,0.0,0.0,18.067089877738255,GREEN,False
2026-08-17,H006,D003,27,0,0.0,33.0,1.0,0.030303030303030304,-1.0,-0.030303030303030304,0.0,-1.0,12.06128998611576,GREEN,False
2026-08-24,H006,D003,26,0,0.0,27.0,0.0,0.0,0.0,0.0,-1.0,1.0,31.92965319698191,GREEN,False
2026-06-01,H006,D004,155,5,0.03225806451612903,0.0,0.0,0.0,1.0,0.03225806451612903,0.0,1.0,68.92368456390247,ORANGE,True
2026-06-08,H006,D004,172,6,0.03488372093023256,155.0,5.0,0.03225806451612903,0.2,0.0026256564141035263,1.0,-0.8,29.757571208500174,GREEN,False
2026-06-15,H006,D004,185,7,0.03783783783783784,172.0,6.0,0.03488372093023256,0.16666666666666666,0.0029541169076052823,0.2,-0.033333333333333354,29.70346766373447,GREEN,False
2026-06-22,H006,D004,175,5,0.02857142857142857,185.0,7.0,0.03783783783783784,-0.2857142857142857,-0.00926640926640927,0.16666666666666666,-0.45238095238095233,23.71514987819475,GREEN,False
2026-06-29,H006,D004,165,9,0.05454545454545454,175.0,5.0,0.02857142857142857,0.8,0.025974025974025972,-0.2857142857142857,1.0857142857142859,68.048870807144,ORANGE,True
2026-07-06,H006,D004,193,5,0.025906735751295335,165.0,9.0,0.05454545454545454,-0.4444444444444444,-0.028638718794159208,0.8,-1.2444444444444445,23.601285401918744,GREEN,False
2026-07-13,H006,D004,166,7,0.04216867469879518,193.0,5.0,0.025906735751295335,0.4,0.016261938947499843,-0.4444444444444444,0.8444444444444444,55.90467381534376,ORANGE,True
2026-07-20,H006,D004,173,7,0.04046242774566474,166.0,7.0,0.04216867469879518,0.0,-0.0017062469531304372,0.4,-0.4,25.75470728037675,GREEN,False
2026-07-27,H006,D004,178,1,0.0056179775280898875,173.0,7.0,0.04046242774566474,-0.8571428571428571,-0.03484445021757485,0.0,-0.8571428571428571,19.759473955771075,GREEN,False
2026-08-03,H006,D004,173,1,0.005780346820809248,178.0,1.0,0.0056179775280898875,0.0,0.00016236929271936078,-0.8571428571428571,0.8571428571428571,39.685343118527044,YELLOW,True
2026-08-10,H006,D004,170,4,0.023529411764705882,173.0,1.0,0.005780346820809248,3.0,0.017749064943896633,0.0,3.0,67.72847810975479,ORANGE,True
2026-08-17,H006,D004,153,6,0.0392156862745098,170.0,4.0,0.023529411764705882,0.5,0.01568627450980392,3.0,-2.5,37.594563042741825,YELLOW,True
2026-08-24,H006,D004,166,5,0.030120481927710843,153.0,6.0,0.0392156862745098,-0.16666666666666666,-0.00909520434679896,0.5,-0.6666666666666666,23.796240080404004,GREEN,False
2026-06-01,H006,D005,109,8,0.07339449541284404,0.0,0.0,0.0,1.0,0.07339449541284404,0.0,1.0,74.8579554386532,ORANGE,True
2026-06-08,H006,D005,136,11,0.08088235294117647,109.0,8.0,0.07339449541284404,0.375,0.007487857528332434,1.0,-0.625,41.33783753550325,YELLOW,True
2026-06-15,H006,D005,107,7,0.06542056074766354,136.0,11.0,0.08088235294117647,-0.36363636363636365,-0.01546179219351293,0.375,-0.7386363636363636,28.396100095666196,GREEN,False
2026-06-22,H006,D005,126,7,0.05555555555555555,107.0,7.0,0.06542056074766354,0.0,-0.009865005192107992,-0.36363636363636365,0.36363636363636365,41.801758189858816,YELLOW,True
2026-06-29,H006,D005,131,14,0.10687022900763359,126.0,7.0,0.05555555555555555,1.0,0.05131467345207803,0.0,1.0,81.3761422523481,RED,True
2026-07-06,H006,D005,118,7,0.059322033898305086,131.0,14.0,0.10687022900763359,-0.5,-0.0475481951093285,1.0,-1.5,27.679932341262354,GREEN,False
2026-07-13,H006,D005,104,4,0.038461538461538464,118.0,7.0,0.059322033898305086,-0.42857142857142855,-0.020860495436766623,-0.5,0.07142857142857145,26.433446386820815,GREEN,False
2026-07-20,H006,D005,125,3,0.024,104.0,4.0,0.038461538461538464,-0.25,-0.014461538461538463,-0.42857142857142855,0.17857142857142855,28.848324876372594,GREEN,False
2026-07-27,H006,D005,124,11,0.08870967741935484,125.0,3.0,0.024,2.6666666666666665,0.06470967741935485,-0.25,2.9166666666666665,78.00081959331357,RED,True
2026-08-03,H006,D005,108,3,0.027777777777777776,124.0,11.0,0.08870967741935484,-0.7272727272727273,-0.06093189964157707,2.6666666666666665,-3.3939393939393936,21.841973798419772,GREEN,False
2026-08-10,H006,D005,116,9,0.07758620689655173,108.0,3.0,0.027777777777777776,2.0,0.04980842911877395,-0.7272727272727273,2.7272727272727275,75.81481177829392,RED,True
2026-08-17,H006,D005,125,11,0.088,116.0,9.0,0.07758620689655173,0.2222222222222222,0.010413793103448268,2.0,-1.7777777777777777,38.46102328907101,YELLOW,True
2026-08-24,H006,D005,106,9,0.08490566037735849,125.0,11.0,0.088,-0.18181818181818182,-0.0030943396226415093,0.2222222222222222,-0.40404040404040403,31.772321471621918,GREEN,False
2026-06-01,H006,D006,43,7,0.16279069767441862,0.0,0.0,0.0,1.0,0.16279069767441862,0.0,1.0,87.18567320337485,RED,True
2026-06-08,H006,D006,32,1,0.03125,43.0,7.0,0.16279069767441862,-0.8571428571428571,-0.13154069767441862,1.0,-1.8571428571428572,18.124753408169063,GREEN,False
2026-06-15,H006,D006,27,3,0.1111111111111111,32.0,1.0,0.03125,2.0,0.0798611111111111,-0.8571428571428571,2.857142857142857,76.50573443056021,RED,True
2026-06-22,H006,D006,33,2,0.06060606060606061,27.0,3.0,0.1111111111111111,-0.3333333333333333,-0.0505050505050505,2.0,-2.3333333333333335,23.37012018076856,GREEN,False
2026-06-29,H006,D006,41,4,0.0975609756097561,33.0,2.0,0.06060606060606061,1.0,0.03695491500369549,-0.3333333333333333,1.3333333333333333,75.60208739956212,RED,True
2026-07-06,H006,D006,39,6,0.15384615384615385,41.0,4.0,0.0975609756097561,0.5,0.056285178236397754,1.0,-0.5,52.77539208981717,YELLOW,True
2026-07-13,H006,D006,26,4,0.15384615384615385,39.0,6.0,0.15384615384615385,-0.3333333333333333,0.0,0.5,-0.8333333333333333,38.85273012005884,YELLOW,True
2026-07-20,H006,D006,30,5,0.16666666666666666,26.0,4.0,0.15384615384615385,0.25,0.012820512820512803,-0.3333333333333333,0.5833333333333333,67.84637059253063,ORANGE,True
2026-07-27,H006,D006,32,4,0.125,30.0,5.0,0.16666666666666666,-0.2,-0.04166666666666666,0.25,-0.45,34.53100340816906,GREEN,False
2026-08-03,H006,D006,29,7,0.2413793103448276,32.0,4.0,0.125,0.75,0.1163793103448276,-0.2,0.95,86.06101746455771,RED,True
2026-08-10,H006,D006,26,2,0.07692307692307693,29.0,7.0,0.2413793103448276,-0.7142857142857143,-0.16445623342175067,0.75,-1.4642857142857144,25.391191658520377,GREEN,False
2026-08-17,H006,D006,26,5,0.19230769230769232,26.0,2.0,0.07692307692307693,1.5,0.11538461538461539,-0.7142857142857143,2.2142857142857144,90.58349935082806,RED,True
2026-08-24,H006,D006,28,3,0.10714285714285714,26.0,5.0,0.19230769230769232,-0.4,-0.08516483516483518,1.5,-1.9,30.9383069753032,GREEN,False
2026-06-01,H006,D007,41,3,0.07317073170731707,0.0,0.0,0.0,1.0,0.07317073170731707,0.0,1.0,71.3337947166353,ORANGE,True
2026-06-08,H006,D007,42,3,0.07142857142857142,41.0,3.0,0.07317073170731707,0.0,-0.0017421602787456442,1.0,-1.0,26.114087956686355,GREEN,False
2026-06-15,H006,D007,44,5,0.11363636363636363,42.0,3.0,0.07142857142857142,0.6666666666666666,0.04220779220779221,0.0,0.6666666666666666,70.33167444932707,ORANGE,True
2026-06-22,H006,D007,41,3,0.07317073170731707,44.0,5.0,0.11363636363636363,-0.4,-0.040465631929046564,0.6666666666666666,-1.0666666666666667,26.3337947166353,GREEN,False
2026-06-29,H006,D007,44,2,0.045454545454545456,41.0,3.0,0.07317073170731707,-0.3333333333333333,-0.027716186252771613,-0.4,0.06666666666666671,24.399856267508888,GREEN,False
2026-07-06,H006,D007,41,7,0.17073170731707318,44.0,2.0,0.045454545454545456,2.5,0.12527716186252774,-0.3333333333333333,2.8333333333333335,88.40696544834262,RED,True
2026-07-13,H006,D007,41,4,0.0975609756097561,41.0,7.0,0.17073170731707318,-0.42857142857142855,-0.07317073170731708,2.5,-2.9285714285714284,30.60208739956213,GREEN,False
2026-07-20,H006,D007,48,3,0.0625,41.0,4.0,0.0975609756097561,-0.25,-0.0350609756097561,-0.42857142857142855,0.17857142857142855,32.167239579402334,GREEN,False
2026-07-27,H006,D007,45,6,0.13333333333333333,48.0,3.0,0.0625,1.0,0.07083333333333333,-0.25,1.25,82.19153261098636,RED,True
2026-08-03,H006,D007,37,2,0.05405405405405406,45.0,6.0,0.13333333333333333,-0.6666666666666666,-0.07927927927927927,1.0,-1.6666666666666665,22.626112762991028,GREEN,False
2026-08-10,H006,D007,47,7,0.14893617021276595,37.0,2.0,0.05405405405405406,2.5,0.0948821161587119,-0.6666666666666666,3.1666666666666665,85.07607838858101,RED,True
2026-08-17,H006,D007,38,0,0.0,47.0,7.0,0.14893617021276595,-1.0,-0.14893617021276595,2.5,-3.5,13.26067450573673,GREEN,False
2026-08-24,H006,D007,42,7,0.16666666666666666,38.0,0.0,0.0,1.0,0.16666666666666666,-1.0,2.0,87.78075462335302,RED,True
2026-06-01,H006,D008,99,2,0.020202020202020204,0.0,0.0,0.0,1.0,0.020202020202020204,0.0,1.0,65.20428633314768,ORANGE,True
2026-06-08,H006,D008,96,8,0.08333333333333333,99.0,2.0,0.020202020202020204,3.0,0.06313131313131312,1.0,2.0,76.14201559485382,RED,True
2026-06-15,H006,D008,103,3,0.02912621359223301,96.0,8.0,0.08333333333333333,-0.625,-0.05420711974110032,3.0,-3.625,21.907983970481617,GREEN,False
2026-06-22,H006,D008,113,9,0.07964601769911504,103.0,3.0,0.02912621359223301,2.0,0.05051980410688203,-0.625,2.625,76.08125746653734,RED,True
2026-06-29,H006,D008,97,3,0.030927835051546393,113.0,9.0,0.07964601769911504,-0.6666666666666666,-0.04871818264756865,2.0,-2.6666666666666665,22.008177954487394,GREEN,False
2026-07-06,H006,D008,104,4,0.038461538461538464,97.0,3.0,0.030927835051546393,0.3333333333333333,0.007533703409992071,-0.6666666666666666,1.0,51.909636863011286,YELLOW,True
2026-07-13,H006,D008,105,5,0.047619047619047616,104.0,4.0,0.038461538461538464,0.25,0.009157509157509153,0.3333333333333333,-0.08333333333333331,31.463177014871718,GREEN,False
2026-07-20,H006,D008,102,3,0.029411764705882353,105.0,5.0,0.047619047619047616,-0.4,-0.018207282913165264,0.25,-0.65,21.922983039283903,GREEN,False
2026-07-27,H006,D008,125,7,0.056,102.0,3.0,0.029411764705882353,1.3333333333333333,0.02658823529411765,-0.4,1.7333333333333334,72.30546773351546,ORANGE,True
2026-08-03,H006,D008,120,7,0.058333333333333334,125.0,7.0,0.056,0.0,0.002333333333333333,1.3333333333333333,-1.3333333333333333,27.56723801835018,GREEN,False
2026-08-10,H006,D008,109,3,0.027522935779816515,120.0,7.0,0.058333333333333334,-0.5714285714285714,-0.03081039755351682,0.0,-0.5714285714285714,21.830432502873386,GREEN,False
2026-08-17,H006,D008,101,2,0.019801980198019802,109.0,3.0,0.027522935779816515,-0.3333333333333333,-0.007720955581796713,-0.5714285714285714,0.23809523809523808,29.729766698831575,GREEN,False
2026-08-24,H006,D008,91,3,0.03296703296703297,101.0,2.0,0.019801980198019802,0.5,0.013165052769013166,-0.3333333333333333,0.8333333333333333,54.63635443080538,YELLOW,True
2026-06-01,H007,D001,125,7,0.056,0.0,0.0,0.0,1.0,0.056,0.0,1.0,72.30546773351546,ORANGE,True
2026-06-08,H007,D001,120,6,0.05,125.0,7.0,0.056,-0.14285714285714285,-0.005999999999999998,1.0,-1.1428571428571428,26.10890468501685,GREEN,False
2026-06-15,H007,D001,118,8,0.06779661016949153,120.0,6.0,0.05,0.3333333333333333,0.017796610169491522,-0.14285714285714285,0.47619047619047616,56.54393556967236,ORANGE,True
2026-06-22,H007,D001,134,6,0.04477611940298507,118.0,8.0,0.06779661016949153,-0.25,-0.023020490766506453,0.3333333333333333,-0.5833333333333333,25.591016107479792,GREEN,False
2026-06-29,H007,D001,127,9,0.07086614173228346,134.0,6.0,0.04477611940298507,0.5,0.02609002232929839,-0.25,0.75,62.46404549060068,ORANGE,True
2026-07-06,H007,D001,115,11,0.09565217391304348,127.0,9.0,0.07086614173228346,0.2222222222222222,0.024786032180760018,0.5,-0.2777777777777778,39.500841733484535,YELLOW,True
2026-07-13,H007,D001,127,7,0.05511811023622047,115.0,11.0,0.09565217391304348,-0.36363636363636365,-0.04053406367682301,0.2222222222222222,-0.5858585858585859,27.20813997878966,GREEN,False
2026-07-20,H007,D001,120,10,0.08333333333333333,127.0,7.0,0.05511811023622047,0.42857142857142855,0.028215223097112857,-0.36363636363636365,0.7922077922077921,62.6565237326359,ORANGE,True
2026-07-27,H007,D001,121,14,0.11570247933884298,120.0,10.0,0.08333333333333333,0.4,0.03236914600550965,0.42857142857142855,-0.028571428571428525,47.636629789064784,YELLOW,True
2026-08-03,H007,D001,112,7,0.0625,121.0,14.0,0.11570247933884298,-0.5,-0.05320247933884298,0.4,-0.9,28.048813301512464,GREEN,False
2026-08-10,H007,D001,118,14,0.11864406779661017,112.0,7.0,0.0625,1.0,0.05614406779661017,-0.5,1.5,83.06128827346575,RED,True
2026-08-17,H007,D001,118,10,0.0847457627118644,118.0,14.0,0.11864406779661017,-0.2857142857142857,-0.03389830508474577,1.0,-1.2857142857142856,32.12908488363524,GREEN,False
2026-08-24,H007,D001,92,6,0.06521739130434782,118.0,10.0,0.0847457627118644,-0.4,-0.01952837140751658,-0.2857142857142857,-0.11428571428571432,27.819298469785473,GREEN,False
2026-06-01,H007,D002,87,10,0.11494252873563218,0.0,0.0,0.0,1.0,0.11494252873563218,0.0,1.0,81.3211680230088,RED,True
2026-06-08,H007,D002,83,12,0.14457831325301204,87.0,10.0,0.11494252873563218,0.2,0.02963578451737986,1.0,-0.8,46.3390458710535,YELLOW,True
2026-06-15,H007,D002,84,3,0.03571428571428571,83.0,12.0,0.14457831325301204,-0.75,-0.10886402753872633,0.2,-0.95,22.33067720576186,GREEN,False
2026-06-22,H007,D002,63,7,0.1111111111111111,84.0,3.0,0.03571428571428571,1.3333333333333333,0.07539682539682539,-0.75,2.083333333333333,79.49799074797394,RED,True
2026-06-29,H007,D002,86,5,0.05813953488372093,63.0,7.0,0.1111111111111111,-0.2857142857142857,-0.052971576227390176,1.3333333333333333,-1.619047619047619,26.339276645614994,GREEN,False
2026-07-06,H007,D002,80,7,0.0875,86.0,5.0,0.05813953488372093,0.4,0.029360465116279065,-0.2857142857142857,0.6857142857142857,61.21870426264255,ORANGE,True
2026-07-13,H007,D002,86,8,0.09302325581395349,80.0,7.0,0.0875,0.14285714285714285,0.005523255813953493,0.4,-0.2571428571428572,36.01535637983426,YELLOW,True
2026-07-20,H007,D002,75,5,0.06666666666666667,86.0,8.0,0.09302325581395349,-0.375,-0.02635658914728682,0.14285714285714285,-0.5178571428571428,27.342244354119813,GREEN,False
2026-07-27,H007,D002,84,6,0.07142857142857142,75.0,5.0,0.06666666666666667,0.2,0.004761904761904759,-0.375,0.575,53.58067720576186,YELLOW,True
2026-08-03,H007,D002,79,11,0.13924050632911392,84.0,6.0,0.07142857142857142,0.8333333333333334,0.06781193490054249,0.2,0.6333333333333333,81.06166149159009,RED,True
2026-08-10,H007,D002,89,5,0.056179775280898875,79.0,11.0,0.13924050632911392,-0.5454545454545454,-0.08306073104821504,0.8333333333333334,-1.378787878787879,26.11902920437565,GREEN,False
2026-08-17,H007,D002,71,2,0.028169014084507043,89.0,5.0,0.056179775280898875,-0.6,-0.028010761196391832,-0.5454545454545454,-0.054545454545454564,20.409452747874756,GREEN,False
2026-08-24,H007,D002,59,2,0.03389830508474576,71.0,2.0,0.028169014084507043,0.0,0.00572929100023872,-0.6,0.6,40.752145238309794,YELLOW,True
2026-06-01,H007,D003,20,1,0.05,0.0,0.0,0.0,1.0,0.05,0.0,1.0,64.76999228393323,ORANGE,True
2026-06-08,H007,D003,35,0,0.0,20.0,1.0,0.05,-1.0,-0.05,1.0,-2.0,12.970950899164439,GREEN,False
2026-06-15,H007,D003,23,1,0.043478260869565216,35.0,0.0,0.0,1.0,0.043478260869565216,-1.0,2.0,64.1120198695993,ORANGE,True
2026-06-22,H007,D003,20,4,0.2,23.0,1.0,0.043478260869565216,3.0,0.1565217391304348,1.0,2.0,91.01999228393323,RED,True
2026-06-29,H007,D003,14,1,0.07142857142857142,20.0,4.0,0.2,-0.75,-0.1285714285714286,3.0,-3.75,22.302093080636123,GREEN,False
2026-07-06,H007,D003,26,0,0.0,14.0,1.0,0.07142857142857142,-1.0,-0.07142857142857142,-0.75,-0.25,11.929653196981912,GREEN,False
2026-07-13,H007,D003,24,1,0.041666666666666664,26.0,0.0,0.0,1.0,0.041666666666666664,-1.0,2.0,63.942750696617644,ORANGE,True
2026-07-20,H007,D003,15,2,0.13333333333333333,24.0,1.0,0.041666666666666664,1.0,0.09166666666666667,1.0,0.0,58.36903086901966,ORANGE,True
2026-07-27,H007,D003,19,1,0.05263157894736842,15.0,2.0,0.13333333333333333,-0.5,-0.08070175438596491,1.0,-1.5,20.053917098608125,GREEN,False
2026-08-03,H007,D003,24,2,0.08333333333333333,19.0,1.0,0.05263157894736842,1.0,0.03070175438596491,-0.5,1.5,71.23441736328431,ORANGE,True
2026-08-10,H007,D003,21,0,0.0,24.0,2.0,0.08333333333333333,-1.0,-0.08333333333333333,1.0,-2.0,11.188376726430008,GREEN,False
2026-08-17,H007,D003,16,0,0.0,21.0,0.0,0.0,0.0,0.0,-1.0,1.0,30.25513519078637,GREEN,False
2026-08-24,H007,D003,20,2,0.1,16.0,0.0,0.0,1.0,0.1,0.0,1.0,73.51999228393323,ORANGE,True
2026-06-01,H007,D004,171,7,0.04093567251461988,0.0,0.0,0.0,1.0,0.04093567251461988,0.0,1.0,70.795679414588,ORANGE,True
2026-06-08,H007,D004,195,8,0.041025641025641026,171.0,7.0,0.04093567251461988,0.14285714285714285,8.996851102114484e-05,1.0,-0.8571428571428572,29.855646955304103,GREEN,False
2026-06-15,H007,D004,193,8,0.04145077720207254,195.0,8.0,0.041025641025641026,0.0,0.0004251361764315148,0.14285714285714285,-0.14285714285714285,26.321492655804754,GREEN,False
2026-06-22,H007,D004,181,7,0.03867403314917127,193.0,8.0,0.04145077720207254,-0.125,-0.0027767440529012713,0.0,-0.125,25.60444484337524,GREEN,False
2026-06-29,H007,D004,185,4,0.021621621621621623,181.0,7.0,0.03867403314917127,-0.42857142857142855,-0.017052411527549646,-0.125,-0.30357142857142855,22.69896315922997,GREEN,False
2026-07-06,H007,D004,194,7,0.03608247422680412,185.0,4.0,0.021621621621621623,0.75,0.014460852605182498,-0.42857142857142855,1.1785714285714286,64.15064951040294,ORANGE,True
2026-07-13,H007,D004,177,3,0.01694915254237288,194.0,7.0,0.03608247422680412,-0.5714285714285714,-0.01913332168443124,0.75,-1.3214285714285714,21.7221515875646,GREEN,False
2026-07-20,H007,D004,192,3,0.015625,177.0,3.0,0.01694915254237288,0.0,-0.0013241525423728813,-0.5714285714285714,0.5714285714285714,41.7832755946789,YELLOW,True
2026-07-27,H007,D004,182,4,0.02197802197802198,192.0,3.0,0.015625,0.3333333333333333,0.00635302197802198,0.0,0.3333333333333333,44.36914309932684,YELLOW,True
2026-08-03,H007,D004,186,7,0.03763440860215054,182.0,4.0,0.02197802197802198,0.75,0.01565638662412856,0.3333333333333333,0.4166666666666667,60.93727570533781,ORANGE,True
2026-08-10,H007,D004,178,4,0.02247191011235955,186.0,7.0,0.03763440860215054,-0.42857142857142855,-0.015162498489790989,0.75,-1.1785714285714286,22.708912158018265,GREEN,False
2026-08-17,H007,D004,211,5,0.023696682464454975,178.0,4.0,0.02247191011235955,0.25,0.0012247723520954247,-0.42857142857142855,0.6785714285714286,49.78568749673959,YELLOW,True
2026-08-24,H007,D004,159,4,0.025157232704402517,211.0,5.0,0.023696682464454975,-0.2,0.0014605502399475424,0.25,-0.45,22.77267965785384,GREEN,False
2026-06-01,H007,D005,123,10,0.08130081300813008,0.0,0.0,0.0,1.0,0.08130081300813008,0.0,1.0,76.6751949701299,RED,True
2026-06-08,H007,D005,89,8,0.0898876404494382,123.0,10.0,0.08130081300813008,-0.2,0.00858682744130812,1.0,-1.2,32.01790560887003,GREEN,False
2026-06-15,H007,D005,106,9,0.08490566037735849,89.0,8.0,0.0898876404494382,0.125,-0.004981980072079714,-0.2,0.325,47.89732147162192,YELLOW,True
2026-06-22,H007,D005,99,11,0.1111111111111111,106.0,9.0,0.08490566037735849,0.2222222222222222,0.02620545073375262,0.125,0.09722222222222221,45.55782168668303,YELLOW,True
2026-06-29,H007,D005,124,11,0.08870967741935484,99.0,11.0,0.1111111111111111,0.0,-0.022401433691756262,0.2222222222222222,-0.2222222222222222,33.000819593313565,GREEN,False
2026-07-06,H007,D005,101,5,0.04950495049504951,124.0,11.0,0.08870967741935484,-0.5454545454545454,-0.039204726924305336,0.0,-0.5454545454545454,25.40397697700225,GREEN,False
2026-07-13,H007,D005,128,8,0.0625,101.0,5.0,0.04950495049504951,0.6,0.012995049504950493,-0.5454545454545454,1.1454545454545455,63.52813902234699,ORANGE,True
2026-07-20,H007,D005,110,6,0.05454545454545454,128.0,8.0,0.0625,-0.25,-0.007954545454545457,0.6,-0.85,26.59213018704401,GREEN,False
2026-07-27,H007,D005,104,9,0.08653846153846154,110.0,6.0,0.05454545454545454,0.5,0.031993006993006994,-0.25,0.75,64.48976506813949,ORANGE,True
2026-08-03,H007,D005,108,4,0.037037037037037035,104.0,9.0,0.08653846153846154,-0.5555555555555556,-0.0495014245014245,0.5,-1.0555555555555556,23.462344168790143,GREEN,False
2026-08-10,H007,D005,109,6,0.05504587155963303,108.0,4.0,0.037037037037037035,0.5,0.018008834522595996,-0.5555555555555556,1.0555555555555556,59.146946264341274,ORANGE,True
2026-08-17,H007,D005,101,10,0.09900990099009901,109.0,6.0,0.05504587155963303,0.6666666666666666,0.043964029430465984,0.5,0.16666666666666663,57.400676646969245,ORANGE,True
2026-08-24,H007,D005,104,7,0.0673076923076923,101.0,10.0,0.09900990099009901,-0.3,-0.03170220868240671,0.6666666666666666,-0.9666666666666666,28.624380452754878,GREEN,False
2026-06-01,H007,D006,19,6,0.3157894736842105,0.0,0.0,0.0,1.0,0.3157894736842105,0.0,1.0,90.84339078281866,RED,True
2026-06-08,H007,D006,25,5,0.2,19.0,6.0,0.3157894736842105,-0.16666666666666666,-0.1157894736842105,1.0,-1.1666666666666667,46.793047823997675,YELLOW,True
2026-06-15,H007,D006,19,2,0.10526315789473684,25.0,5.0,0.2,-0.6,-0.09473684210526317,-0.16666666666666666,-0.43333333333333335,29.264443414397597,GREEN,False
2026-06-22,H007,D006,30,9,0.3,19.0,2.0,0.10526315789473684,3.5,0.19473684210526315,-0.6,4.1,92.42970392586398,RED,True
2026-06-29,H007,D006,24,2,0.08333333333333333,30.0,9.0,0.3,-0.7777777777777778,-0.21666666666666667,3.5,-4.277777777777778,26.23441736328431,GREEN,False
2026-07-06,H007,D006,18,2,0.1111111111111111,24.0,2.0,0.08333333333333333,0.0,0.027777777777777776,-0.7777777777777778,0.7777777777777778,50.10217336405443,YELLOW,True
2026-07-13,H007,D006,16,0,0.0,18.0,2.0,0.1111111111111111,-1.0,-0.1111111111111111,0.0,-1.0,10.255135190786369,GREEN,False
2026-07-20,H007,D006,24,2,0.08333333333333333,16.0,0.0,0.0,1.0,0.08333333333333333,-1.0,2.0,71.23441736328431,ORANGE,True
2026-07-27,H007,D006,22,3,0.13636363636363635,24.0,2.0,0.08333333333333333,0.5,0.053030303030303025,1.0,-0.5,47.71291125736781,YELLOW,True
2026-08-03,H007,D006,25,3,0.12,22.0,3.0,0.13636363636363635,0.0,-0.016363636363636358,0.5,-0.5,32.793047823997675,GREEN,False
2026-08-10,H007,D006,33,4,0.12121212121212122,25.0,3.0,0.12,0.3333333333333333,0.00121212121212122,0.0,0.3333333333333333,55.64284745349582,ORANGE,True
2026-08-17,H007,D006,23,1,0.043478260869565216,33.0,4.0,0.12121212121212122,-0.75,-0.077733860342556,0.3333333333333333,-1.0833333333333333,19.1120198695993,GREEN,False
2026-08-24,H007,D006,10,2,0.2,23.0,1.0,0.043478260869565216,1.0,0.1565217391304348,-0.75,1.75,88.67945234250843,RED,True
2026-06-01,H007,D007,34,3,0.08823529411764706,0.0,0.0,0.0,1.0,0.08823529411764706,0.0,1.0,73.31015970383632,ORANGE,True
2026-06-08,H007,D007,38,4,0.10526315789473684,34.0,3.0,0.08823529411764706,0.3333333333333333,0.01702786377708977,1.0,-0.6666666666666667,40.015060470649004,YELLOW,True
2026-06-15,H007,D007,33,3,0.09090909090909091,38.0,4.0,0.10526315789473684,-0.25,-0.014354066985645925,0.3333333333333333,-0.5833333333333333,28.67315048379886,GREEN,False
2026-06-22,H007,D007,44,4,0.09090909090909091,33.0,3.0,0.09090909090909091,0.3333333333333333,0.0,-0.25,0.5833333333333333,58.021068388721005,ORANGE,True
2026-06-29,H007,D007,27,2,0.07407407407407407,44.0,4.0,0.09090909090909091,-0.5,-0.01683501683501684,0.3333333333333333,-0.8333333333333333,25.024252949078722,GREEN,False
2026-07-06,H007,D007,41,0,0.0,27.0,2.0,0.07407407407407407,-1.0,-0.07407407407407407,-0.5,-0.5,13.528916667854816,GREEN,False
2026-07-13,H007,D007,33,5,0.15151515151515152,41.0,0.0,0.0,1.0,0.15151515151515152,-1.0,2.0,84.27921108985947,RED,True
2026-07-20,H007,D007,43,5,0.11627906976744186,33.0,5.0,0.15151515151515152,0.0,-0.03523608174770966,1.0,-1.0,34.046138319653906,GREEN,False
2026-07-27,H007,D007,35,2,0.05714285714285714,43.0,5.0,0.11627906976744186,-0.6,-0.05913621262458472,0.0,-0.6,22.970950899164436,GREEN,False
2026-08-03,H007,D007,45,5,0.1111111111111111,35.0,2.0,0.05714285714285714,1.5,0.053968253968253964,-0.6,2.1,78.30264372209747,RED,True
2026-08-10,H007,D007,36,2,0.05555555555555555,45.0,5.0,0.1111111111111111,-0.6,-0.05555555555555555,1.5,-2.1,22.792346798151044,GREEN,False
2026-08-17,H007,D007,41,1,0.024390243902439025,36.0,2.0,0.05555555555555555,-0.5,-0.031165311653116527,-0.6,0.09999999999999998,21.797209350781642,GREEN,False
2026-08-24,H007,D007,28,4,0.14285714285714285,41.0,1.0,0.024390243902439025,3.0,0.11846689895470383,-0.5,3.5,82.18830697530319,RED,True
2026-06-01,H007,D008,89,4,0.0449438202247191,0.0,0.0,0.0,1.0,0.0449438202247191,0.0,1.0,69.15273706954419,ORANGE,True
2026-06-08,H007,D008,87,1,0.011494252873563218,89.0,4.0,0.0449438202247191,-0.75,-0.03344956735115588,1.0,-1.75,18.217719747146738,GREEN,False
2026-06-15,H007,D008,89,2,0.02247191011235955,87.0,1.0,0.011494252873563218,1.0,0.010977657238796332,-0.75,1.75,65.22015279988128,ORANGE,True
2026-06-22,H007,D008,84,2,0.023809523809523808,89.0,2.0,0.02247191011235955,0.0,0.0013376136971642583,1.0,-1.0,20.247343872428523,GREEN,False
2026-06-29,H007,D008,76,2,0.02631578947368421,84.0,2.0,0.023809523809523808,0.0,0.002506265664160401,0.0,0.0,20.328156718675757,GREEN,False
2026-07-06,H007,D008,83,3,0.03614457831325301,76.0,2.0,0.02631578947368421,0.5,0.009828788839568801,0.0,0.5,54.86314225659567,YELLOW,True
2026-07-13,H007,D008,78,3,0.038461538461538464,83.0,3.0,0.03614457831325301,0.0,0.002316960148285453,0.5,-0.5,22.546478460766203,GREEN,False
2026-07-20,H007,D008,89,4,0.0449438202247191,78.0,3.0,0.038461538461538464,0.3333333333333333,0.006482281763180636,0.0,0.3333333333333333,45.819403736210845,YELLOW,True
2026-07-27,H007,D008,96,5,0.052083333333333336,89.0,4.0,0.0449438202247191,0.25,0.007139513108614236,0.3333333333333333,-0.08333333333333331,31.923265594853817,GREEN,False
2026-08-03,H007,D008,83,7,0.08433734939759036,96.0,5.0,0.052083333333333336,0.4,0.03225401606425702,0.25,0.15000000000000002,46.79687719635471,YELLOW,True
2026-08-10,H007,D008,85,3,0.03529411764705882,83.0,7.0,0.08433734939759036,-0.5714285714285714,-0.04904323175053153,0.4,-0.9714285714285714,22.299482928843233,GREEN,False
2026-08-17,H007,D008,75,1,0.013333333333333334,85.0,3.0,0.03529411764705882,-0.6666666666666666,-0.021960784313725487,-0.5714285714285714,-0.09523809523809523,18.008911020786485,GREEN,False
2026-08-24,H007,D008,66,2,0.030303030303030304,75.0,1.0,0.013333333333333334,1.0,0.016969696969696968,-0.6666666666666666,1.6666666666666665,65.52238938801294,ORANGE,True
2026-06-01,H008,D001,178,12,0.06741573033707865,0.0,0.0,0.0,1.0,0.06741573033707865,0.0,1.0,75.5740806973441,RED,True
2026-06-08,H008,D001,165,15,0.09090909090909091,178.0,12.0,0.06741573033707865,0.25,0.023493360572012262,1.0,-0.75,40.66250717078037,YELLOW,True
2026-06-15,H008,D001,150,18,0.12,165.0,15.0,0.09090909090909091,0.2,0.029090909090909084,0.25,-0.04999999999999999,44.16061015118623,YELLOW,True
2026-06-22,H008,D001,159,13,0.08176100628930817,150.0,18.0,0.12,-0.2777777777777778,-0.038238993710691824,0.2,-0.4777777777777778,32.67834003521233,GREEN,False
2026-06-29,H008,D001,177,17,0.096045197740113,159.0,13.0,0.08176100628930817,0.3076923076923077,0.014284191450804826,-0.2777777777777778,0.5854700854700855,63.256267189476816,ORANGE,True
2026-07-06,H008,D001,169,17,0.10059171597633136,177.0,17.0,0.096045197740113,0.0,0.004546518236218364,0.3076923076923077,-0.3076923076923077,36.193151885541425,YELLOW,True
2026-07-13,H008,D001,165,19,0.11515151515151516,169.0,17.0,0.10059171597633136,0.11764705882352941,0.014559799175183796,0.0,0.11764705882352941,46.30199023673402,YELLOW,True
2026-07-20,H008,D001,156,15,0.09615384615384616,165.0,19.0,0.11515151515151516,-0.21052631578947367,-0.018997668997669,0.11764705882352941,-0.3281733746130031,35.12857494527759,YELLOW,True
2026-07-27,H008,D001,163,11,0.06748466257668712,156.0,15.0,0.09615384615384616,-0.26666666666666666,-0.028669183577159044,-0.21052631578947367,-0.05614035087719299,30.269357581277674,GREEN,False
2026-08-03,H008,D001,160,13,0.08125,163.0,11.0,0.06748466257668712,0.18181818181818182,0.013765337423312887,-0.26666666666666666,0.4484848484848485,55.09631459685254,ORANGE,True
2026-08-10,H008,D001,158,9,0.056962025316455694,160.0,13.0,0.08125,-0.3076923076923077,-0.02428797468354431,0.18181818181818182,-0.48951048951048953,28.315824793657185,GREEN,False
2026-08-17,H008,D001,165,14,0.08484848484848485,158.0,9.0,0.056962025316455694,0.5555555555555556,0.02788645953202916,-0.3076923076923077,0.8632478632478633,67.2407899990632,ORANGE,True
2026-08-24,H008,D001,143,9,0.06293706293706294,165.0,14.0,0.08484848484848485,-0.35714285714285715,-0.02191142191142191,0.5555555555555556,-0.9126984126984128,29.002785680993618,GREEN,False
2026-06-01,H008,D002,103,10,0.0970873786407767,0.0,0.0,0.0,1.0,0.0970873786407767,0.0,1.0,78.80118785397676,RED,True
2026-06-08,H008,D002,100,9,0.09,103.0,10.0,0.0970873786407767,-0.1,-0.007087378640776701,1.0,-1.1,32.454949142382645,GREEN,False
2026-06-15,H008,D002,92,7,0.07608695652173914,100.0,9.0,0.09,-0.2222222222222222,-0.013913043478260861,-0.1,-0.1222222222222222,29.721472382828956,GREEN,False
2026-06-22,H008,D002,102,10,0.09803921568627451,92.0,7.0,0.07608695652173914,0.42857142857142855,0.021952259164535373,-0.2222222222222222,0.6507936507936507,64.64707267513825,ORANGE,True
2026-06-29,H008,D002,99,12,0.12121212121212122,102.0,10.0,0.09803921568627451,0.2,0.023172905525846707,0.42857142857142855,-0.22857142857142854,42.88105400991536,YELLOW,True
2026-07-06,H008,D002,115,7,0.06086956521739131,99.0,12.0,0.12121212121212122,-0.4166666666666667,-0.06034255599472991,0.2,-0.6166666666666667,27.858329656189845,GREEN,False
2026-07-13,H008,D002,103,11,0.10679611650485436,115.0,7.0,0.06086956521739131,0.5714285714285714,0.045926551287463056,-0.4166666666666667,0.9880952380952381,69.78593126590465,ORANGE,True
2026-07-20,H008,D002,92,6,0.06521739130434782,103.0,11.0,0.10679611650485436,-0.45454545454545453,-0.04157872520050654,0.5714285714285714,-1.025974025974026,27.819298469785473,GREEN,False
2026-07-27,H008,D002,100,7,0.07,92.0,6.0,0.06521739130434782,0.16666666666666666,0.004782608695652182,-0.45454545454545453,0.6212121212121212,53.12161580904932,YELLOW,True
2026-08-03,H008,D002,101,7,0.06930693069306931,100.0,7.0,0.07,0.0,-0.0006930693069306937,0.16666666666666666,-0.16666666666666666,28.869323511655715,GREEN,False
2026-08-10,H008,D002,106,12,0.11320754716981132,101.0,7.0,0.06930693069306931,0.7142857142857143,0.04390061647674201,0.0,0.7142857142857143,74.58229451744403,ORANGE,True
2026-08-17,H008,D002,88,5,0.056818181818181816,106.0,12.0,0.11320754716981132,-0.5833333333333334,-0.05638936535162951,0.7142857142857143,-1.2976190476190477,26.190307326909583,GREEN,False
2026-08-24,H008,D002,89,5,0.056179775280898875,88.0,5.0,0.056818181818181816,0.0,-0.0006384065372829414,-0.5833333333333334,0.5833333333333334,46.11902920437565,YELLOW,True
2026-06-01,H008,D003,20,0,0.0,0.0,0.0,0.0,0.0,0.0,0.0,0.0,11.019992283933234,GREEN,False
2026-06-08,H008,D003,27,2,0.07407407407407407,20.0,0.0,0.0,1.0,0.07407407407407407,0.0,1.0,70.02425294907871,ORANGE,True
2026-06-15,H008,D003,31,2,0.06451612903225806,27.0,2.0,0.07407407407407407,0.0,-0.009557945041816007,1.0,-1.0,23.834944500253073,GREEN,False
2026-06-22,H008,D003,21,0,0.0,31.0,2.0,0.06451612903225806,-1.0,-0.06451612903225806,0.0,-1.0,11.188376726430008,GREEN,False
2026-06-29,H008,D003,34,2,0.058823529411764705,21.0,0.0,0.0,1.0,0.058823529411764705,-1.0,2.0,68.1631008803069,ORANGE,True
2026-07-06,H008,D003,24,0,0.0,34.0,2.0,0.058823529411764705,-1.0,-0.058823529411764705,1.0,-2.0,11.65108402995098,GREEN,False
2026-07-13,H008,D003,34,3,0.08823529411764706,24.0,0.0,0.0,1.0,0.08823529411764706,-1.0,2.0,73.31015970383632,ORANGE,True
2026-07-20,H008,D003,33,2,0.06060606060606061,34.0,3.0,0.08823529411764706,-0.3333333333333333,-0.027629233511586457,1.0,-1.3333333333333333,23.37012018076856,GREEN,False
2026-07-27,H008,D003,29,1,0.034482758620689655,33.0,2.0,0.06060606060606061,-0.5,-0.026123301985370953,-0.3333333333333333,-0.16666666666666669,18.345500223178398,GREEN,False
2026-08-03,H008,D003,26,2,0.07692307692307693,29.0,1.0,0.034482758620689655,1.0,0.04244031830238727,-0.5,1.5,70.39119165852037,ORANGE,True
2026-08-10,H008,D003,21,1,0.047619047619047616,26.0,2.0,0.07692307692307693,-0.5,-0.02930402930402931,1.0,-1.5,19.52171005976334,GREEN,False
2026-08-17,H008,D003,29,0,0.0,21.0,1.0,0.047619047619047616,-1.0,-0.047619047619047616,-0.5,-0.5,12.311017464557711,GREEN,False
2026-08-24,H008,D003,23,0,0.0,29.0,0.0,0.0,0.0,0.0,-1.0,1.0,31.503324217425387,GREEN,False
2026-06-01,H008,D004,194,5,0.02577319587628866,0.0,0.0,0.0,1.0,0.02577319587628866,0.0,1.0,68.59652579906273,ORANGE,True
2026-06-08,H008,D004,176,4,0.022727272727272728,194.0,5.0,0.02577319587628866,-0.2,-0.0030459231490159305,1.0,-1.2,22.7129303813841,GREEN,False
2026-06-15,H008,D004,181,8,0.04419889502762431,176.0,4.0,0.022727272727272728,1.0,0.02147162230035158,-0.2,1.2,71.57129567210453,ORANGE,True
2026-06-22,H008,D004,175,8,0.045714285714285714,181.0,8.0,0.04419889502762431,0.0,0.0015153906866614067,1.0,-1.0,26.71514987819475,GREEN,False
2026-06-29,H008,D004,193,8,0.04145077720207254,175.0,8.0,0.045714285714285714,0.0,-0.004263508512213174,0.0,0.0,26.321492655804754,GREEN,False
2026-07-06,H008,D004,175,4,0.022857142857142857,193.0,8.0,0.04145077720207254,-0.5,-0.018593634344929683,0.0,-0.5,22.71514987819475,GREEN,False
2026-07-13,H008,D004,176,5,0.028409090909090908,175.0,4.0,0.022857142857142857,0.25,0.005551948051948051,-0.5,0.75,49.957248563202285,YELLOW,True
2026-07-20,H008,D004,185,2,0.010810810810810811,176.0,5.0,0.028409090909090908,-0.6,-0.017598280098280097,0.25,-0.85,20.807071267338078,GREEN,False
2026-07-27,H008,D004,208,5,0.02403846153846154,185.0,2.0,0.010810810810810811,1.5,0.013227650727650728,-0.6,2.1,68.54391203134918,ORANGE,True
2026-08-03,H008,D004,186,5,0.026881720430107527,208.0,5.0,0.02403846153846154,0.0,0.0028432588916459875,1.5,-1.5,23.63888860856361,GREEN,False
2026-08-10,H008,D004,193,7,0.03626943005181347,186.0,5.0,0.026881720430107527,0.4,0.009387709621705941,0.0,0.4,51.41475690450942,YELLOW,True
2026-08-17,H008,D004,189,8,0.042328042328042326,193.0,7.0,0.03626943005181347,0.14285714285714285,0.006058612276228857,0.4,-0.2571428571428572,29.97103129734304,GREEN,False
2026-08-24,H008,D004,158,5,0.03164556962025317,189.0,8.0,0.042328042328042326,-0.375,-0.010682472707789159,0.14285714285714285,-0.5178571428571428,23.885445046821744,GREEN,False
2026-06-01,H008,D005,139,16,0.11510791366906475,0.0,0.0,0.0,1.0,0.11510791366906475,0.0,1.0,83.03071689317758,RED,True
2026-06-08,H008,D005,128,6,0.046875,139.0,16.0,0.11510791366906475,-0.625,-0.06823291366906475,1.0,-1.625,25.793764022346995,GREEN,False
2026-06-15,H008,D005,142,12,0.08450704225352113,128.0,6.0,0.046875,1.0,0.037632042253521125,-0.625,1.625,77.75230817695072,RED,True
2026-06-22,H008,D005,150,11,0.07333333333333333,142.0,12.0,0.08450704225352113,-0.08333333333333333,-0.011173708920187791,1.0,-1.0833333333333333,30.99394348451957,GREEN,False
2026-06-29,H008,D005,135,8,0.05925925925925926,150.0,11.0,0.07333333333333333,-0.2727272727272727,-0.014074074074074072,-0.08333333333333333,-0.1893939393939394,28.152278712921486,GREEN,False
2026-07-06,H008,D005,158,11,0.06962025316455696,135.0,8.0,0.05925925925925926,0.375,0.010360993905297697,-0.2727272727272727,0.6477272727272727,59.906014667074906,ORANGE,True
2026-07-13,H008,D005,129,6,0.046511627906976744,158.0,11.0,0.06962025316455696,-0.45454545454545453,-0.023108625257580215,0.375,-0.8295454545454546,25.75812472269409,GREEN,False
2026-07-20,H008,D005,143,11,0.07692307692307693,129.0,6.0,0.046511627906976744,0.8333333333333334,0.030411449016100184,-0.45454545454545453,1.2878787878787878,72.28367146187941,ORANGE,True
2026-07-27,H008,D005,142,9,0.06338028169014084,143.0,11.0,0.07692307692307693,-0.18181818181818182,-0.013542795232936083,0.8333333333333334,-1.0151515151515151,29.05512507835916,GREEN,False
2026-08-03,H008,D005,135,12,0.08888888888888889,142.0,9.0,0.06338028169014084,0.3333333333333333,0.02550860719874805,-0.18181818181818182,0.5151515151515151,61.670797231440005,ORANGE,True
2026-08-10,H008,D005,143,10,0.06993006993006994,135.0,12.0,0.08888888888888889,-0.16666666666666666,-0.018958818958818957,0.3333333333333333,-0.5,30.226561904769845,GREEN,False
2026-08-17,H008,D005,127,9,0.07086614173228346,143.0,10.0,0.06993006993006994,-0.1,0.0009360718022135284,-0.16666666666666666,0.06666666666666665,32.63071215726735,GREEN,False
2026-08-24,H008,D005,120,5,0.041666666666666664,127.0,9.0,0.07086614173228346,-0.4444444444444444,-0.0291994750656168,-0.1,-0.34444444444444444,24.650571351683517,GREEN,False
2026-06-01,H008,D006,19,1,0.05263157894736842,0.0,0.0,0.0,1.0,0.05263157894736842,0.0,1.0,65.05391709860812,ORANGE,True
2026-06-08,H008,D006,21,2,0.09523809523809523,19.0,1.0,0.05263157894736842,1.0,0.042606516290726815,1.0,0.0,52.85504339309667,YELLOW,True
2026-06-15,H008,D006,27,4,0.14814814814814814,21.0,2.0,0.09523809523809523,1.0,0.05291005291005291,1.0,0.0,62.987215912041684,ORANGE,True
2026-06-22,H008,D006,35,8,0.22857142857142856,27.0,4.0,0.14814814814814814,1.0,0.08042328042328042,1.0,0.0,72.97095089916444,ORANGE,True
2026-06-29,H008,D006,26,4,0.15384615384615385,35.0,8.0,0.22857142857142856,-0.5,-0.07472527472527471,1.0,-1.5,38.85273012005884,YELLOW,True
2026-07-06,H008,D006,24,2,0.08333333333333333,26.0,4.0,0.15384615384615385,-0.5,-0.07051282051282053,-0.5,0.0,26.23441736328431,GREEN,False
2026-07-13,H008,D006,22,2,0.09090909090909091,24.0,2.0,0.08333333333333333,0.0,0.007575757575757583,-0.5,0.5,47.258365802822354,YELLOW,True
2026-07-20,H008,D006,33,4,0.12121212121212122,22.0,2.0,0.09090909090909091,1.0,0.030303030303030304,0.0,1.0,78.97618078682916,RED,True
2026-07-27,H008,D006,28,2,0.07142857142857142,33.0,4.0,0.12121212121212122,-0.5,-0.04978354978354979,1.0,-1.5,24.6883069753032,GREEN,False
2026-08-03,H008,D006,34,3,0.08823529411764706,28.0,2.0,0.07142857142857142,0.5,0.01680672268907564,-0.5,1.0,60.81015970383632,ORANGE,True
2026-08-10,H008,D006,21,3,0.14285714285714285,34.0,3.0,0.08823529411764706,0.0,0.054621848739495785,0.5,-0.5,36.18837672643,YELLOW,True
2026-08-17,H008,D006,30,4,0.13333333333333333,21.0,3.0,0.14285714285714285,0.3333333333333333,-0.009523809523809518,0.0,0.3333333333333333,57.42970392586396,ORANGE,True
2026-08-24,H008,D006,19,4,0.21052631578947367,30.0,4.0,0.13333333333333333,0.0,0.07719298245614034,0.3333333333333333,-0.3333333333333333,45.84339078281865,YELLOW,True
2026-06-01,H008,D007,42,0,0.0,0.0,0.0,0.0,0.0,0.0,0.0,0.0,13.614087956686356,GREEN,False
2026-06-08,H008,D007,40,1,0.025,42.0,0.0,0.0,1.0,0.025,0.0,1.0,62.816692862514266,ORANGE,True
2026-06-15,H008,D007,35,1,0.02857142857142857,40.0,1.0,0.025,0.0,0.003571428571428569,1.0,-1.0,17.97095089916444,GREEN,False
2026-06-22,H008,D007,47,3,0.06382978723404255,35.0,1.0,0.02857142857142857,2.0,0.03525835866261398,0.0,2.0,70.18246136730441,ORANGE,True
2026-06-29,H008,D007,36,4,0.1111111111111111,47.0,3.0,0.06382978723404255,0.3333333333333333,0.04728132387706856,2.0,-1.6666666666666667,40.8479023537066,YELLOW,True
2026-07-06,H008,D007,44,2,0.045454545454545456,36.0,4.0,0.1111111111111111,-0.5,-0.06565656565656565,0.3333333333333333,-0.8333333333333333,21.73318960084222,GREEN,False
2026-07-13,H008,D007,50,3,0.06,44.0,2.0,0.045454545454545456,0.5,0.014545454545454542,-0.5,1.0,57.231686256447006,ORANGE,True
2026-07-20,H008,D007,41,9,0.21951219512195122,50.0,3.0,0.06,2.0,0.15951219512195122,0.5,1.5,93.52891666785482,RED,True
2026-07-27,H008,D007,51,1,0.0196078431372549,41.0,9.0,0.21951219512195122,-0.8888888888888888,-0.1999043519846963,2.0,-2.888888888888889,17.733344756938866,GREEN,False
2026-08-03,H008,D007,56,3,0.05357142857142857,51.0,1.0,0.0196078431372549,2.0,0.03396358543417367,-0.8888888888888888,2.888888888888889,69.00927998527062,ORANGE,True
2026-08-10,H008,D007,43,2,0.046511627906976744,56.0,3.0,0.05357142857142857,-0.3333333333333333,-0.007059800664451825,2.0,-2.3333333333333335,21.836835994072516,GREEN,False
2026-08-17,H008,D007,46,3,0.06521739130434782,43.0,2.0,0.046511627906976744,0.5,0.01870576339737108,-0.3333333333333333,0.8333333333333333,57.84908689089387,ORANGE,True
2026-08-24,H008,D007,31,2,0.06451612903225806,46.0,3.0,0.06521739130434782,-0.3333333333333333,-0.0007012622720897616,0.5,-0.8333333333333333,23.834944500253073,GREEN,False
2026-06-01,H008,D008,89,6,0.06741573033707865,0.0,0.0,0.0,1.0,0.06741573033707865,0.0,1.0,73.08532133920711,ORANGE,True
2026-06-08,H008,D008,92,0,0.0,89.0,6.0,0.06741573033707865,-1.0,-0.06741573033707865,1.0,-2.0,16.406254991524605,GREEN,False
2026-06-15,H008,D008,104,6,0.057692307692307696,92.0,0.0,0.0,1.0,0.057692307692307696,-1.0,2.0,71.94168814506257,ORANGE,True
2026-06-22,H008,D008,102,1,0.00980392156862745,104.0,6.0,0.057692307692307696,-0.8333333333333334,-0.047888386123680245,1.0,-1.8333333333333335,18.491610490264296,GREEN,False
2026-06-29,H008,D008,98,4,0.04081632653061224,102.0,1.0,0.00980392156862745,3.0,0.03101240496198479,-0.8333333333333334,3.8333333333333335,68.77541161668684,ORANGE,True
2026-07-06,H008,D008,92,2,0.021739130434782608,98.0,4.0,0.04081632653061224,-0.5,-0.019077196095829634,3.0,-3.5,20.210602817611562,GREEN,False
2026-07-13,H008,D008,92,2,0.021739130434782608,92.0,2.0,0.021739130434782608,0.0,0.0,-0.5,0.5,40.21060281761156,YELLOW,True
2026-07-20,H008,D008,94,8,0.0851063829787234,92.0,2.0,0.021739130434782608,3.0,0.0633672525439408,0.0,3.0,76.37688795586206,RED,True
2026-07-27,H008,D008,93,3,0.03225806451612903,94.0,8.0,0.0851063829787234,-0.625,-0.05284831846259437,3.0,-3.625,22.09012908687717,GREEN,False
2026-08-03,H008,D008,120,3,0.025,93.0,3.0,0.03225806451612903,0.0,-0.00725806451612903,-0.625,0.625,41.73390468501685,YELLOW,True
2026-08-10,H008,D008,95,1,0.010526315789473684,120.0,3.0,0.025,-0.6666666666666666,-0.014473684210526317,0.0,-0.6666666666666666,18.363278248426443,GREEN,False
2026-08-17,H008,D008,94,9,0.09574468085106383,95.0,1.0,0.010526315789473684,8.0,0.08521836506159014,-0.6666666666666666,8.666666666666666,38.70525675018831,YELLOW,True
2026-08-24,H008,D008,74,1,0.013513513513513514,94.0,9.0,0.09574468085106383,-0.8888888888888888,-0.08223116733755031,8.0,-8.88888888888889,17.99249996047648,GREEN,False
2026-06-01,H009,D001,127,15,0.11811023622047244,0.0,0.0,0.0,1.0,0.11811023622047244,0.0,1.0,83.23176202603375,RED,True
2026-06-08,H009,D001,144,15,0.10416666666666667,127.0,15.0,0.11811023622047244,0.0,-0.013943569553805768,1.0,-1.0,36.24301565694535,YELLOW,True
2026-06-15,H009,D001,134,10,0.07462686567164178,144.0,15.0,0.10416666666666667,-0.3333333333333333,-0.029539800995024887,0.0,-0.3333333333333333,30.814896704494714,GREEN,False
2026-06-22,H009,D001,152,13,0.08552631578947369,134.0,10.0,0.07462686567164178,0.3,0.010899450117831902,-0.3333333333333333,0.6333333333333333,60.67534258526554,ORANGE,True
2026-06-29,H009,D001,130,9,0.06923076923076923,152.0,13.0,0.08552631578947369,-0.3076923076923077,-0.016295546558704452,0.3,-0.6076923076923078,29.761711086376845,GREEN,False
2026-07-06,H009,D001,131,7,0.05343511450381679,130.0,9.0,0.06923076923076923,-0.2222222222222222,-0.015795654726952442,-0.3076923076923077,0.0854700854700855,30.44380063298358,GREEN,False
2026-07-13,H009,D001,141,12,0.0851063829787234,131.0,7.0,0.05343511450381679,0.7142857142857143,0.03167126847490661,-0.2222222222222222,0.9365079365079365,70.68893476541784,ORANGE,True
2026-07-20,H009,D001,147,12,0.08163265306122448,141.0,12.0,0.0851063829787234,0.0,-0.003473729917498919,0.7142857142857143,-0.7142857142857143,32.37368762948627,GREEN,False
2026-07-27,H009,D001,116,15,0.12931034482758622,147.0,12.0,0.08163265306122448,0.25,0.04767769176636173,0.0,0.25,56.11653591622496,ORANGE,True
2026-08-03,H009,D001,125,8,0.064,116.0,15.0,0.12931034482758622,-0.4666666666666667,-0.06531034482758621,0.25,-0.7166666666666667,28.70546773351545,GREEN,False
2026-08-10,H009,D001,118,7,0.059322033898305086,125.0,8.0,0.064,-0.125,-0.004677966101694915,-0.4666666666666667,0.3416666666666667,41.34659900792902,YELLOW,True
2026-08-17,H009,D001,116,7,0.0603448275862069,118.0,7.0,0.059322033898305086,0.0,0.001022793687901813,-0.125,0.125,32.79757039898358,GREEN,False
2026-08-24,H009,D001,100,4,0.04,116.0,7.0,0.0603448275862069,-0.42857142857142855,-0.0203448275862069,0.0,-0.42857142857142855,23.704949142382652,GREEN,False
2026-06-01,H009,D002,99,7,0.0707070707070707,0.0,0.0,0.0,1.0,0.0707070707070707,0.0,1.0,74.04267017153151,ORANGE,True
2026-06-08,H009,D002,74,6,0.08108108108108109,99.0,7.0,0.0707070707070707,-0.14285714285714285,0.010374010374010381,1.0,-1.1428571428571428,29.816824284800802,GREEN,False
2026-06-15,H009,D002,87,9,0.10344827586206896,74.0,6.0,0.08108108108108109,0.5,0.02236719478098788,-0.14285714285714285,0.6428571428571428,66.80967377013523,ORANGE,True
2026-06-22,H009,D002,97,8,0.08247422680412371,87.0,9.0,0.10344827586206896,-0.1111111111111111,-0.020974049057945254,0.5,-0.6111111111111112,31.028796511188425,GREEN,False
2026-06-29,H009,D002,99,10,0.10101010101010101,97.0,8.0,0.08247422680412371,0.25,0.0185358742059773,-0.1111111111111111,0.3611111111111111,55.040144919006266,ORANGE,True
2026-07-06,H009,D002,84,10,0.11904761904761904,99.0,10.0,0.10101010101010101,0.0,0.018037518037518033,0.25,-0.25,36.91401053909519,YELLOW,True
2026-07-13,H009,D002,69,7,0.10144927536231885,84.0,10.0,0.11904761904761904,-0.3,-0.017598343685300194,0.0,-0.3,33.131530805575466,GREEN,False
2026-07-20,H009,D002,83,9,0.10843373493975904,69.0,7.0,0.10144927536231885,0.2857142857142857,0.006984459577440191,-0.3,0.5857142857142856,62.15660180909137,ORANGE,True
2026-07-27,H009,D002,85,5,0.058823529411764705,83.0,9.0,0.10843373493975904,-0.4444444444444444,-0.04961020552799433,0.2857142857142857,-0.7301587301587301,26.417129987666762,GREEN,False
2026-08-03,H009,D002,95,6,0.06315789473684211,85.0,5.0,0.058823529411764705,0.2,0.004334365325077402,-0.4444444444444444,0.6444444444444444,52.57380456421592,YELLOW,True
2026-08-10,H009,D002,99,12,0.12121212121212122,95.0,6.0,0.06315789473684211,1.0,0.05805422647527911,0.2,0.8,82.88105400991536,RED,True
2026-08-17,H009,D002,85,6,0.07058823529411765,99.0,12.0,0.12121212121212122,-0.5,-0.05062388591800357,1.0,-1.5,28.475953517078523,GREEN,False
2026-08-24,H009,D002,73,8,0.1095890410958904,85.0,6.0,0.07058823529411765,0.3333333333333333,0.03900080580177276,-0.5,0.8333333333333333,63.090464484964556,ORANGE,True
2026-06-01,H009,D003,21,1,0.047619047619047616,0.0,0.0,0.0,1.0,0.047619047619047616,0.0,1.0,64.52171005976334,ORANGE,True
2026-06-08,H009,D003,30,3,0.1,21.0,1.0,0.047619047619047616,2.0,0.05238095238095239,1.0,1.0,74.92970392586398,ORANGE,True
2026-06-15,H009,D003,28,0,0.0,30.0,3.0,0.1,-1.0,-0.1,2.0,-3.0,12.1883069753032,GREEN,False
2026-06-22,H009,D003,30,0,0.0,28.0,0.0,0.0,0.0,0.0,-1.0,1.0,32.42970392586397,GREEN,False
2026-06-29,H009,D003,31,1,0.03225806451612903,30.0,0.0,0.0,1.0,0.03225806451612903,0.0,1.0,63.189783209930496,ORANGE,True
2026-07-06,H009,D003,19,0,0.0,31.0,1.0,0.03225806451612903,-1.0,-0.03225806451612903,1.0,-2.0,10.843390782818654,GREEN,False
2026-07-13,H009,D003,25,2,0.08,19.0,0.0,0.0,1.0,0.08,-1.0,2.0,70.79304782399768,ORANGE,True
2026-07-20,H009,D003,19,0,0.0,25.0,2.0,0.08,-1.0,-0.08,1.0,-2.0,10.843390782818654,GREEN,False
2026-07-27,H009,D003,24,1,0.041666666666666664,19.0,0.0,0.0,1.0,0.041666666666666664,-1.0,2.0,63.942750696617644,ORANGE,True
2026-08-03,H009,D003,30,1,0.03333333333333333,24.0,1.0,0.041666666666666664,0.0,-0.008333333333333331,1.0,-1.0,18.263037259197297,GREEN,False
2026-08-10,H009,D003,26,2,0.07692307692307693,30.0,1.0,0.03333333333333333,1.0,0.043589743589743594,0.0,1.0,70.39119165852037,ORANGE,True
2026-08-17,H009,D003,25,2,0.08,26.0,2.0,0.07692307692307693,0.0,0.0030769230769230743,1.0,-1.0,25.793047823997675,GREEN,False
2026-08-24,H009,D003,20,4,0.2,25.0,2.0,0.08,1.0,0.12000000000000001,0.0,1.0,91.01999228393323,RED,True
2026-06-01,H009,D004,134,6,0.04477611940298507,0.0,0.0,0.0,1.0,0.04477611940298507,0.0,1.0,70.59101610747979,ORANGE,True
2026-06-08,H009,D004,139,7,0.050359712230215826,134.0,6.0,0.04477611940298507,0.16666666666666666,0.0055835928272307545,1.0,-0.8333333333333334,30.866448308045683,GREEN,False
2026-06-15,H009,D004,117,2,0.017094017094017096,139.0,7.0,0.050359712230215826,-0.7142857142857143,-0.03326569513619873,0.16666666666666666,-0.8809523809523809,20.25948396382531,GREEN,False
2026-06-22,H009,D004,146,5,0.03424657534246575,117.0,2.0,0.017094017094017096,1.5,0.017152558248448656,-0.7142857142857143,2.2142857142857144,69.05658418713733,ORANGE,True
2026-06-29,H009,D004,129,4,0.031007751937984496,146.0,5.0,0.03424657534246575,-0.2,-0.003238823404481256,1.5,-1.7,23.04494642812045,GREEN,False
2026-07-06,H009,D004,135,3,0.022222222222222223,129.0,4.0,0.031007751937984496,-0.25,-0.008785529715762273,-0.2,-0.04999999999999999,21.670797231440005,GREEN,False
2026-07-13,H009,D004,130,4,0.03076923076923077,135.0,3.0,0.022222222222222223,0.3333333333333333,0.008547008547008548,-0.25,0.5833333333333333,51.36427518894095,YELLOW,True
2026-07-20,H009,D004,157,9,0.05732484076433121,130.0,4.0,0.03076923076923077,1.25,0.02655560999510044,0.3333333333333333,0.9166666666666667,73.35648074767651,ORANGE,True
2026-07-27,H009,D004,134,5,0.03731343283582089,157.0,9.0,0.05732484076433121,-0.4444444444444444,-0.02001140792851032,1.25,-1.6944444444444444,24.285045958226057,GREEN,False
2026-08-03,H009,D004,146,7,0.04794520547945205,134.0,5.0,0.03731343283582089,0.4,0.01063177264363116,-0.4444444444444444,0.8444444444444444,56.45384446110994,ORANGE,True
2026-08-10,H009,D004,141,3,0.02127659574468085,146.0,7.0,0.04794520547945205,-0.5714285714285714,-0.0266686097347712,0.4,-0.9714285714285714,21.661579142317542,GREEN,False
2026-08-17,H009,D004,138,7,0.050724637681159424,141.0,3.0,0.02127659574468085,1.3333333333333333,0.029448041936478573,-0.5714285714285714,1.9047619047619047,71.73769643925976,ORANGE,True
2026-08-24,H009,D004,130,4,0.03076923076923077,138.0,7.0,0.050724637681159424,-0.42857142857142855,-0.019955406911928653,1.3333333333333333,-1.7619047619047619,23.030941855607615,GREEN,False
2026-06-01,H009,D005,94,7,0.07446808510638298,0.0,0.0,0.0,1.0,0.07446808510638298,0.0,1.0,74.51518582820249,ORANGE,True
2026-06-08,H009,D005,90,7,0.07777777777777778,94.0,7.0,0.07446808510638298,0.0,0.003309692671394804,1.0,-1.0,29.9386757694598,GREEN,False
2026-06-15,H009,D005,84,6,0.07142857142857142,90.0,7.0,0.07777777777777778,-0.14285714285714285,-0.006349206349206354,0.0,-0.14285714285714285,28.580677205761855,GREEN,False
2026-06-22,H009,D005,105,8,0.0761904761904762,84.0,6.0,0.07142857142857142,0.3333333333333333,0.004761904761904773,-0.14285714285714285,0.47619047619047616,57.5941293958241,ORANGE,True
2026-06-29,H009,D005,105,11,0.10476190476190476,105.0,8.0,0.0761904761904762,0.375,0.028571428571428567,0.3333333333333333,0.041666666666666685,46.25484368153838,YELLOW,True
2026-07-06,H009,D005,104,6,0.057692307692307696,105.0,11.0,0.10476190476190476,-0.45454545454545453,-0.04706959706959707,0.375,-0.8295454545454546,26.94168814506257,GREEN,False
2026-07-13,H009,D005,123,4,0.032520325203252036,104.0,6.0,0.057692307692307696,-0.3333333333333333,-0.02517198248905566,-0.45454545454545453,0.12121212121212122,27.987094452761088,GREEN,False
2026-07-20,H009,D005,106,9,0.08490566037735849,123.0,4.0,0.032520325203252036,1.25,0.05238533517410645,-0.3333333333333333,1.5833333333333333,76.77232147162192,RED,True
2026-07-27,H009,D005,93,4,0.043010752688172046,106.0,9.0,0.08490566037735849,-0.5555555555555556,-0.04189490768918644,1.25,-1.8055555555555556,23.971849516984697,GREEN,False
2026-08-03,H009,D005,99,8,0.08080808080808081,93.0,4.0,0.043010752688172046,1.0,0.03779732811990877,-0.5555555555555556,1.5555555555555556,75.81034693920829,RED,True
2026-08-10,H009,D005,103,4,0.038834951456310676,99.0,8.0,0.08080808080808081,-0.5,-0.04197312935177014,1.0,-1.5,23.60701309669521,GREEN,False
2026-08-17,H009,D005,103,5,0.04854368932038835,103.0,4.0,0.038834951456310676,0.25,0.009708737864077673,-0.5,0.75,51.5560422229088,YELLOW,True
2026-08-24,H009,D005,80,5,0.0625,103.0,5.0,0.04854368932038835,0.0,0.013956310679611651,0.25,-0.25,26.84370426264255,GREEN,False
2026-06-01,H009,D006,14,2,0.14285714285714285,0.0,0.0,0.0,1.0,0.14285714285714285,0.0,1.0,79.80209308063613,RED,True
2026-06-08,H009,D006,18,1,0.05555555555555555,14.0,2.0,0.14285714285714285,-0.5,-0.0873015873015873,1.0,-1.5,20.37995114183221,GREEN,False
2026-06-15,H009,D006,22,2,0.09090909090909091,18.0,1.0,0.05555555555555555,1.0,0.03535353535353536,-0.5,1.5,72.25836580282235,ORANGE,True
2026-06-22,H009,D006,21,3,0.14285714285714285,22.0,2.0,0.09090909090909091,0.5,0.05194805194805194,1.0,-0.5,48.68837672643,YELLOW,True
2026-06-29,H009,D006,23,5,0.21739130434782608,21.0,3.0,0.14285714285714285,0.6666666666666666,0.07453416149068323,0.5,0.16666666666666663,69.83665755075872,ORANGE,True
2026-07-06,H009,D006,20,2,0.1,23.0,5.0,0.21739130434782608,-0.6,-0.11739130434782608,0.6666666666666666,-1.2666666666666666,28.519992283933234,GREEN,False
2026-07-13,H009,D006,16,1,0.0625,20.0,2.0,0.1,-0.5,-0.037500000000000006,-0.6,0.09999999999999998,25.19263519078637,GREEN,False
2026-07-20,H009,D006,20,1,0.05,16.0,1.0,0.0625,0.0,-0.012499999999999997,-0.5,0.5,39.769992283933234,YELLOW,True
2026-07-27,H009,D006,20,3,0.15,20.0,1.0,0.05,2.0,0.09999999999999999,0.0,2.0,82.26999228393322,RED,True
2026-08-03,H009,D006,18,3,0.16666666666666666,20.0,3.0,0.15,0.0,0.016666666666666663,2.0,-2.0,39.82439558627665,YELLOW,True
2026-08-10,H009,D006,15,0,0.0,18.0,3.0,0.16666666666666666,-1.0,-0.16666666666666666,0.0,-1.0,10.035697535686332,GREEN,False
2026-08-17,H009,D006,16,1,0.0625,15.0,0.0,0.0,1.0,0.0625,-1.0,2.0,66.19263519078638,ORANGE,True
2026-08-24,H009,D006,18,1,0.05555555555555555,16.0,1.0,0.0625,0.0,-0.0069444444444444475,1.0,-1.0,20.37995114183221,GREEN,False
2026-06-01,H009,D007,39,6,0.15384615384615385,0.0,0.0,0.0,1.0,0.15384615384615385,0.0,1.0,85.27539208981716,RED,True
2026-06-08,H009,D007,42,4,0.09523809523809523,39.0,6.0,0.15384615384615385,-0.3333333333333333,-0.05860805860805862,1.0,-1.3333333333333333,30.28075462335302,GREEN,False
2026-06-15,H009,D007,46,2,0.043478260869565216,42.0,4.0,0.09523809523809523,-0.5,-0.05175983436853002,-0.3333333333333333,-0.16666666666666669,21.54473906480692,GREEN,False
2026-06-22,H009,D007,25,2,0.08,46.0,2.0,0.043478260869565216,0.0,0.036521739130434785,-0.5,0.5,45.793047823997675,YELLOW,True
2026-06-29,H009,D007,33,3,0.09090909090909091,25.0,2.0,0.08,0.5,0.01090909090909091,0.0,0.5,61.173150483798864,ORANGE,True
2026-07-06,H009,D007,32,2,0.0625,33.0,3.0,0.09090909090909091,-0.3333333333333333,-0.02840909090909091,0.5,-0.8333333333333333,23.593503408169063,GREEN,False
2026-07-13,H009,D007,33,1,0.030303030303030304,32.0,2.0,0.0625,-0.5,-0.032196969696969696,-0.3333333333333333,-0.16666666666666669,18.067089877738255,GREEN,False
2026-07-20,H009,D007,44,2,0.045454545454545456,33.0,1.0,0.030303030303030304,1.0,0.015151515151515152,-0.5,1.5,66.73318960084222,ORANGE,True
2026-07-27,H009,D007,34,3,0.08823529411764706,44.0,2.0,0.045454545454545456,0.5,0.04278074866310161,1.0,-0.5,40.81015970383632,YELLOW,True
2026-08-03,H009,D007,38,3,0.07894736842105263,34.0,3.0,0.08823529411764706,0.0,-0.009287925696594437,0.5,-0.5,27.076463979420936,GREEN,False
2026-08-10,H009,D007,36,2,0.05555555555555555,38.0,3.0,0.07894736842105263,-0.3333333333333333,-0.023391812865497075,0.0,-0.3333333333333333,22.792346798151044,GREEN,False
2026-08-17,H009,D007,33,2,0.06060606060606061,36.0,2.0,0.05555555555555555,0.0,0.005050505050505055,-0.3333333333333333,0.3333333333333333,36.703453514101895,YELLOW,True
2026-08-24,H009,D007,25,3,0.12,33.0,2.0,0.06060606060606061,0.5,0.05939393939393939,0.0,0.5,65.29304782399768,ORANGE,True
2026-06-01,H009,D008,86,0,0.0,0.0,0.0,0.0,0.0,0.0,0.0,0.0,16.164858040963836,GREEN,False
2026-06-08,H009,D008,90,3,0.03333333333333333,86.0,0.0,0.0,1.0,0.03333333333333333,0.0,1.0,67.16089799168202,ORANGE,True
2026-06-15,H009,D008,106,4,0.03773584905660377,90.0,3.0,0.03333333333333333,0.3333333333333333,0.004402515723270439,1.0,-0.6666666666666667,31.850937823823177,GREEN,False
2026-06-22,H009,D008,100,6,0.06,106.0,4.0,0.03773584905660377,0.5,0.022264150943396226,0.3333333333333333,0.16666666666666669,46.37161580904932,YELLOW,True
2026-06-29,H009,D008,84,1,0.011904761904761904,100.0,6.0,0.06,-0.8333333333333334,-0.048095238095238094,0.5,-1.3333333333333335,18.16401053909519,GREEN,False
2026-07-06,H009,D008,90,1,0.011111111111111112,84.0,1.0,0.011904761904761904,0.0,-0.0007936507936507926,-0.8333333333333334,0.8333333333333334,38.272009102793135,YELLOW,True
2026-07-13,H009,D008,95,4,0.042105263157894736,90.0,1.0,0.011111111111111112,3.0,0.030994152046783623,0.0,3.0,68.88959403790012,ORANGE,True
2026-07-20,H009,D008,88,3,0.03409090909090909,95.0,4.0,0.042105263157894736,-0.25,-0.008014354066985648,3.0,-3.25,22.213034599636856,GREEN,False
2026-07-27,H009,D008,100,5,0.05,88.0,3.0,0.03409090909090909,0.6666666666666666,0.015909090909090914,-0.25,0.9166666666666666,62.12161580904932,ORANGE,True
2026-08-03,H009,D008,90,3,0.03333333333333333,100.0,5.0,0.05,-0.4,-0.01666666666666667,0.6666666666666666,-1.0666666666666667,22.16089799168202,GREEN,False
2026-08-10,H009,D008,108,8,0.07407407407407407,90.0,3.0,0.03333333333333333,1.6666666666666667,0.04074074074074074,-0.4,2.066666666666667,74.94382565027162,ORANGE,True
2026-08-17,H009,D008,93,3,0.03225806451612903,108.0,8.0,0.07407407407407407,-0.625,-0.04181600955794504,1.6666666666666667,-2.291666666666667,22.09012908687717,GREEN,False
2026-08-24,H009,D008,83,7,0.08433734939759036,93.0,3.0,0.03225806451612903,1.3333333333333333,0.052079284881461324,-0.625,1.9583333333333333,75.7968771963547,RED,True
2026-06-01,H010,D001,214,16,0.07476635514018691,0.0,0.0,0.0,1.0,0.07476635514018691,0.0,1.0,77.52374212119454,RED,True
2026-06-08,H010,D001,195,23,0.11794871794871795,214.0,16.0,0.07476635514018691,0.4375,0.043182362808531036,1.0,-0.5625,50.68325684541399,YELLOW,True
2026-06-15,H010,D001,168,14,0.08333333333333333,195.0,23.0,0.11794871794871795,-0.391304347826087,-0.03461538461538462,0.4375,-0.8288043478260869,33.151580213485516,GREEN,False
2026-06-22,H010,D001,197,15,0.07614213197969544,168.0,14.0,0.08333333333333333,0.07142857142857142,-0.007191201353637891,-0.391304347826087,0.4627329192546584,52.761383010098605,YELLOW,True
2026-06-29,H010,D001,203,12,0.059113300492610835,197.0,15.0,0.07614213197969544,-0.2,-0.017028831487084603,0.07142857142857142,-0.27142857142857146,29.594362610497065,GREEN,False
2026-07-06,H010,D001,203,14,0.06896551724137931,203.0,12.0,0.059113300492610835,0.16666666666666666,0.009852216748768475,-0.2,0.3666666666666667,50.151833874864884,YELLOW,True
2026-07-13,H010,D001,224,16,0.07142857142857142,203.0,14.0,0.06896551724137931,0.14285714285714285,0.0024630541871921152,0.16666666666666666,-0.023809523809523808,35.67561473270082,YELLOW,True
2026-07-20,H010,D001,187,10,0.053475935828877004,224.0,16.0,0.07142857142857142,-0.375,-0.01795263559969442,0.14285714285714285,-0.5178571428571428,28.312180950529644,GREEN,False
2026-07-27,H010,D001,188,23,0.12234042553191489,187.0,10.0,0.053475935828877004,1.3,0.06886448970303788,-0.375,1.675,85.38266888333962,RED,True
2026-08-03,H010,D001,232,19,0.08189655172413793,188.0,23.0,0.12234042553191489,-0.17391304347826086,-0.04044387380777696,1.3,-1.473913043478261,34.06254492974552,GREEN,False
2026-08-10,H010,D001,199,14,0.07035175879396985,232.0,19.0,0.08189655172413793,-0.2631578947368421,-0.01154479293016808,-0.17391304347826086,-0.08924485125858123,31.489414970660448,GREEN,False
2026-08-17,H010,D001,221,17,0.07692307692307693,199.0,14.0,0.07035175879396985,0.21428571428571427,0.006571318129107079,-0.2631578947368421,0.47744360902255634,57.472025705094616,ORANGE,True
2026-08-24,H010,D001,167,11,0.0658682634730539,221.0,17.0,0.07692307692307693,-0.35294117647058826,-0.01105481345002303,0.21428571428571427,-0.5672268907563025,30.07371154348241,GREEN,False
2026-06-01,H010,D002,113,6,0.05309734513274336,0.0,0.0,0.0,1.0,0.05309734513274336,0.0,1.0,71.4352397674223,ORANGE,True
2026-06-08,H010,D002,112,13,0.11607142857142858,113.0,6.0,0.05309734513274336,1.1666666666666667,0.06297408343868521,1.0,0.16666666666666674,69.09047996817912,ORANGE,True
2026-06-15,H010,D002,121,7,0.05785123966942149,112.0,13.0,0.11607142857142858,-0.46153846153846156,-0.058220188902007086,1.1666666666666667,-1.6282051282051282,27.51266284691603,GREEN,False
2026-06-22,H010,D002,142,7,0.04929577464788732,121.0,7.0,0.05785123966942149,0.0,-0.008555465021534168,-0.46153846153846156,0.46153846153846156,45.05187480750326,YELLOW,True
2026-06-29,H010,D002,133,15,0.11278195488721804,142.0,7.0,0.04929577464788732,1.1428571428571428,0.06348618023933073,0.0,1.1428571428571428,82.46512557416737,RED,True
2026-07-06,H010,D002,137,10,0.072992700729927,133.0,15.0,0.11278195488721804,-0.3333333333333333,-0.03978925415729104,1.1428571428571428,-1.476190476190476,30.608472971050894,GREEN,False
2026-07-13,H010,D002,120,13,0.10833333333333334,137.0,10.0,0.072992700729927,0.3,0.035340632603406336,-0.3333333333333333,0.6333333333333333,63.81723801835018,ORANGE,True
2026-07-20,H010,D002,119,10,0.08403361344537816,120.0,13.0,0.10833333333333334,-0.23076923076923078,-0.02429971988795518,0.3,-0.5307692307692308,32.03474858534205,GREEN,False
2026-07-27,H010,D002,121,8,0.06611570247933884,119.0,10.0,0.08403361344537816,-0.2,-0.017917910966039313,-0.23076923076923078,0.03076923076923077,30.1897130694208,GREEN,False
2026-08-03,H010,D002,132,8,0.06060606060606061,121.0,8.0,0.06611570247933884,0.0,-0.005509641873278237,-0.2,0.2,36.30723074394319,YELLOW,True
2026-08-10,H010,D002,114,8,0.07017543859649122,132.0,8.0,0.06060606060606061,0.0,0.009569377990430616,0.0,0.0,29.455518663092903,GREEN,False
2026-08-17,H010,D002,94,8,0.0851063829787234,114.0,8.0,0.07017543859649122,0.0,0.014930944382232178,0.0,0.0,31.376887955862067,GREEN,False
2026-08-24,H010,D002,116,2,0.017241379310344827,94.0,8.0,0.0851063829787234,-0.75,-0.06786500366837858,0.0,-0.75,20.254466950707716,GREEN,False
2026-06-01,H010,D003,30,2,0.06666666666666667,0.0,0.0,0.0,1.0,0.06666666666666667,0.0,1.0,69.09637059253063,ORANGE,True
2026-06-08,H010,D003,35,4,0.11428571428571428,30.0,2.0,0.06666666666666667,1.0,0.047619047619047616,1.0,0.0,57.970950899164436,ORANGE,True
2026-06-15,H010,D003,32,1,0.03125,35.0,4.0,0.11428571428571428,-0.75,-0.08303571428571428,1.0,-1.75,18.124753408169063,GREEN,False
2026-06-22,H010,D003,34,4,0.11764705882352941,32.0,1.0,0.03125,3.0,0.08639705882352941,-0.75,3.75,78.45721852736573,RED,True
2026-06-29,H010,D003,36,1,0.027777777777777776,34.0,4.0,0.11764705882352941,-0.75,-0.08986928104575163,3.0,-3.75,17.931235687039937,GREEN,False
2026-07-06,H010,D003,43,1,0.023255813953488372,36.0,1.0,0.027777777777777776,0.0,-0.0045219638242894045,-0.75,0.75,37.76706855221205,YELLOW,True
2026-07-13,H010,D003,29,1,0.034482758620689655,43.0,1.0,0.023255813953488372,0.0,0.011226944667201283,0.0,0.0,18.345500223178398,GREEN,False
2026-07-20,H010,D003,38,4,0.10526315789473684,29.0,1.0,0.034482758620689655,3.0,0.07078039927404718,0.0,3.0,76.68172713731568,RED,True
2026-07-27,H010,D003,35,1,0.02857142857142857,38.0,4.0,0.10526315789473684,-0.75,-0.07669172932330827,3.0,-3.75,17.97095089916444,GREEN,False
2026-08-03,H010,D003,33,0,0.0,35.0,1.0,0.02857142857142857,-1.0,-0.02857142857142857,-0.75,-0.25,12.764059574707952,GREEN,False
2026-08-10,H010,D003,35,2,0.05714285714285714,33.0,0.0,0.0,1.0,0.05714285714285714,-1.0,2.0,67.97095089916444,ORANGE,True
2026-08-17,H010,D003,48,3,0.0625,35.0,2.0,0.05714285714285714,0.5,0.005357142857142859,1.0,-0.5,37.524382436545196,YELLOW,True
2026-08-24,H010,D003,30,0,0.0,48.0,3.0,0.0625,-1.0,-0.0625,0.5,-1.5,12.429703925863967,GREEN,False
2026-06-01,H010,D004,240,9,0.0375,0.0,0.0,0.0,1.0,0.0375,0.0,1.0,71.41534100294041,ORANGE,True
2026-06-08,H010,D004,272,6,0.022058823529411766,240.0,9.0,0.0375,-0.3333333333333333,-0.015441176470588232,1.0,-1.3333333333333333,23.860294117647058,GREEN,False
2026-06-15,H010,D004,267,6,0.02247191011235955,272.0,6.0,0.022058823529411766,0.0,0.0004130865829477838,-0.3333333333333333,0.3333333333333333,37.265917602996254,YELLOW,True
2026-06-22,H010,D004,238,12,0.05042016806722689,267.0,6.0,0.02247191011235955,1.0,0.027948257954867342,0.0,1.0,73.6462068004243,ORANGE,True
2026-06-29,H010,D004,269,8,0.02973977695167286,238.0,12.0,0.05042016806722689,-0.3333333333333333,-0.02068039111555403,1.0,-1.3333333333333333,25.20446096654275,GREEN,False
2026-07-06,H010,D004,236,7,0.029661016949152543,269.0,8.0,0.02973977695167286,-0.125,-7.876000252031792e-05,-0.3333333333333333,0.20833333333333331,33.31627159509264,GREEN,False
2026-07-13,H010,D004,237,8,0.03375527426160337,236.0,7.0,0.029661016949152543,0.14285714285714285,0.0040942573124508296,-0.125,0.26785714285714285,40.000388074475424,YELLOW,True
2026-07-20,H010,D004,251,7,0.027888446215139442,237.0,8.0,0.03375527426160337,-0.125,-0.005866828046463931,0.14285714285714285,-0.26785714285714285,24.8804780876494,GREEN,False
2026-07-27,H010,D004,249,11,0.04417670682730924,251.0,7.0,0.027888446215139442,0.5714285714285714,0.016288260612169796,-0.125,0.6964285714285714,62.00218840934145,ORANGE,True
2026-08-03,H010,D004,229,10,0.043668122270742356,249.0,11.0,0.04417670682730924,-0.09090909090909091,-0.0005085845565668823,0.5714285714285714,-0.6623376623376623,27.325662690008432,GREEN,False
2026-08-10,H010,D004,253,11,0.043478260869565216,229.0,10.0,0.043668122270742356,0.1,-0.00018986140117713962,-0.09090909090909091,0.19090909090909092,37.745059288537554,YELLOW,True
2026-08-17,H010,D004,273,12,0.04395604395604396,253.0,11.0,0.043478260869565216,0.09090909090909091,0.0004777830864787433,0.1,-0.009090909090909094,29.965034965034967,GREEN,False
2026-08-24,H010,D004,210,9,0.04285714285714286,273.0,12.0,0.04395604395604396,-0.25,-0.001098901098901102,0.09090909090909091,-0.34090909090909094,26.871654025224608,GREEN,False
2026-06-01,H010,D005,154,12,0.07792207792207792,0.0,0.0,0.0,1.0,0.07792207792207792,0.0,1.0,76.8916095772031,RED,True
2026-06-08,H010,D005,139,14,0.10071942446043165,154.0,12.0,0.07792207792207792,0.16666666666666666,0.022797346538353733,1.0,-0.8333333333333334,39.67939794833345,YELLOW,True
2026-06-15,H010,D005,136,5,0.03676470588235294,139.0,14.0,0.10071942446043165,-0.6428571428571429,-0.06395471857807872,0.16666666666666666,-0.8095238095238095,24.24224930020913,GREEN,False
2026-06-22,H010,D005,146,10,0.0684931506849315,136.0,5.0,0.03676470588235294,1.0,0.03172844480257856,-0.6428571428571429,1.6428571428571428,75.04973487206884,RED,True
2026-06-29,H010,D005,137,7,0.051094890510948905,146.0,10.0,0.0684931506849315,-0.3,-0.017398260173982598,1.0,-1.3,26.776356182729728,GREEN,False
2026-07-06,H010,D005,128,15,0.1171875,137.0,7.0,0.051094890510948905,1.1428571428571428,0.0660926094890511,-0.3,1.4428571428571428,83.09845152234699,RED,True
2026-07-13,H010,D005,127,9,0.07086614173228346,128.0,15.0,0.1171875,-0.4,-0.046321358267716536,1.1428571428571428,-1.5428571428571427,29.964045490600682,GREEN,False
2026-07-20,H010,D005,136,7,0.051470588235294115,127.0,9.0,0.07086614173228346,-0.2222222222222222,-0.01939555349698935,-0.4,0.1777777777777778,33.92688982308495,GREEN,False
2026-07-27,H010,D005,137,8,0.058394160583941604,136.0,7.0,0.051470588235294115,0.14285714285714285,0.006923572348647489,-0.2222222222222222,0.36507936507936506,46.228331620106616,YELLOW,True
2026-08-03,H010,D005,127,2,0.015748031496062992,137.0,8.0,0.058394160583941604,-0.75,-0.04264612908787861,0.14285714285714285,-0.8928571428571428,20.3183761992621,GREEN,False
2026-08-10,H010,D005,136,6,0.04411764705882353,127.0,2.0,0.015748031496062992,2.0,0.02836961556276054,-0.75,2.75,70.52901400609149,ORANGE,True
2026-08-17,H010,D005,139,10,0.07194244604316546,136.0,6.0,0.04411764705882353,0.6666666666666666,0.027824798984341932,2.0,-1.3333333333333335,47.14342672531187,YELLOW,True
2026-08-24,H010,D005,113,10,0.08849557522123894,139.0,10.0,0.07194244604316546,0.0,0.016553129178073472,0.6666666666666666,-0.6666666666666666,32.62993003290902,GREEN,False
2026-06-01,H010,D006,26,4,0.15384615384615385,0.0,0.0,0.0,1.0,0.15384615384615385,0.0,1.0,83.85273012005884,RED,True
2026-06-08,H010,D006,22,4,0.18181818181818182,26.0,4.0,0.15384615384615385,0.0,0.02797202797202797,1.0,-1.0,43.16745671191327,YELLOW,True
2026-06-15,H010,D006,41,9,0.21951219512195122,22.0,4.0,0.18181818181818182,1.25,0.0376940133037694,0.0,1.25,93.52891666785482,RED,True
2026-06-22,H010,D006,32,6,0.1875,41.0,9.0,0.21951219512195122,-0.3333333333333333,-0.03201219512195122,1.25,-1.5833333333333333,45.46850340816906,YELLOW,True
2026-06-29,H010,D006,36,6,0.16666666666666666,32.0,6.0,0.1875,0.0,-0.020833333333333343,-0.3333333333333333,0.3333333333333333,55.570124575928816,ORANGE,True
2026-07-06,H010,D006,31,5,0.16129032258064516,36.0,6.0,0.16666666666666666,-0.16666666666666666,-0.005376344086021501,0.0,-0.16666666666666666,40.77042837122082,YELLOW,True
2026-07-13,H010,D006,25,4,0.16,31.0,5.0,0.16129032258064516,-0.2,-0.0012903225806451535,-0.16666666666666666,-0.033333333333333354,39.793047823997675,YELLOW,True
2026-07-20,H010,D006,39,5,0.1282051282051282,25.0,4.0,0.16,0.25,-0.03179487179487181,-0.2,0.45,60.03821260263767,ORANGE,True
2026-07-27,H010,D006,33,3,0.09090909090909091,39.0,5.0,0.1282051282051282,-0.4,-0.03729603729603728,0.25,-0.65,28.67315048379886,GREEN,False
2026-08-03,H010,D006,32,6,0.1875,33.0,3.0,0.09090909090909091,1.0,0.09659090909090909,-0.4,1.4,90.46850340816906,RED,True
2026-08-10,H010,D006,18,1,0.05555555555555555,32.0,6.0,0.1875,-0.8333333333333334,-0.13194444444444445,1.0,-1.8333333333333335,20.37995114183221,GREEN,False
2026-08-17,H010,D006,31,4,0.12903225806451613,18.0,1.0,0.05555555555555555,3.0,0.07347670250896057,-0.8333333333333334,3.8333333333333335,80.12526708089823,RED,True
2026-08-24,H010,D006,25,2,0.08,31.0,4.0,0.12903225806451613,-0.5,-0.049032258064516124,3.0,-3.5,25.793047823997675,GREEN,False
2026-06-01,H010,D007,62,1,0.016129032258064516,0.0,0.0,0.0,1.0,0.016129032258064516,0.0,1.0,62.81912399475516,ORANGE,True
2026-06-08,H010,D007,57,5,0.08771929824561403,62.0,1.0,0.016129032258064516,4.0,0.07159026598754951,1.0,3.0,75.04810855220724,RED,True
2026-06-15,H010,D007,52,2,0.038461538461538464,57.0,5.0,0.08771929824561403,-0.6,-0.04925775978407557,4.0,-4.6,21.10168852838604,GREEN,False
2026-06-22,H010,D007,80,2,0.025,52.0,2.0,0.038461538461538464,0.0,-0.013461538461538462,-0.6,0.6,40.28120426264255,YELLOW,True
2026-06-29,H010,D007,49,4,0.08163265306122448,80.0,2.0,0.025,1.0,0.05663265306122448,0.0,1.0,73.44572269958684,ORANGE,True
2026-07-06,H010,D007,74,8,0.10810810810810811,49.0,4.0,0.08163265306122448,1.0,0.02647545504688363,1.0,0.0,59.546554014530535,ORANGE,True
2026-07-13,H010,D007,61,6,0.09836065573770492,74.0,8.0,0.10810810810810811,-0.25,-0.009747452370403198,1.0,-1.25,32.15174306388391,GREEN,False
2026-07-20,H010,D007,52,6,0.11538461538461539,61.0,6.0,0.09836065573770492,0.0,0.017023959646910475,-0.25,0.25,44.563226989924495,YELLOW,True
2026-07-27,H010,D007,66,5,0.07575757575757576,52.0,6.0,0.11538461538461539,-0.16666666666666666,-0.03962703962703963,0.0,-0.16666666666666666,28.476934842558393,GREEN,False
2026-08-03,H010,D007,66,4,0.06060606060606061,66.0,5.0,0.07575757575757576,-0.2,-0.015151515151515152,-0.16666666666666666,-0.033333333333333354,25.825419691043244,GREEN,False
2026-08-10,H010,D007,53,2,0.03773584905660377,66.0,4.0,0.06060606060606061,-0.5,-0.022870211549456836,-0.2,-0.3,21.042351165809155,GREEN,False
2026-08-17,H010,D007,62,8,0.12903225806451613,53.0,2.0,0.03773584905660377,3.0,0.09129640900791236,-0.5,3.5,82.57718851088418,RED,True
2026-08-24,H010,D007,53,2,0.03773584905660377,62.0,8.0,0.12903225806451613,-0.75,-0.09129640900791236,3.0,-3.75,21.042351165809155,GREEN,False
2026-06-01,H010,D008,147,1,0.006802721088435374,0.0,0.0,0.0,1.0,0.006802721088435374,0.0,1.0,64.27844953424818,ORANGE,True
2026-06-08,H010,D008,139,7,0.050359712230215826,147.0,1.0,0.006802721088435374,6.0,0.04355699114178045,1.0,5.0,48.19978164137902,YELLOW,True
2026-06-15,H010,D008,155,3,0.01935483870967742,139.0,7.0,0.050359712230215826,-0.5714285714285714,-0.031004873520538406,6.0,-6.571428571428571,21.665620047773444,GREEN,False
2026-06-22,H010,D008,166,8,0.04819277108433735,155.0,3.0,0.01935483870967742,1.6666666666666667,0.02883793237465993,-0.5714285714285714,2.238095238095238,71.95889068281365,ORANGE,True
2026-06-29,H010,D008,149,13,0.087248322147651,166.0,8.0,0.04819277108433735,0.625,0.039055551063313654,1.6666666666666667,-1.0416666666666667,49.03001585537212,YELLOW,True
2026-07-06,H010,D008,148,10,0.06756756756756757,149.0,13.0,0.087248322147651,-0.23076923076923078,-0.019680754580083434,0.625,-0.8557692307692308,29.93667225695093,GREEN,False
2026-07-13,H010,D008,140,7,0.05,148.0,10.0,0.06756756756756757,-0.3,-0.01756756756756757,-0.23076923076923078,-0.0692307692307692,26.662594478293645,GREEN,False
2026-07-20,H010,D008,164,8,0.04878048780487805,140.0,7.0,0.05,0.14285714285714285,-0.0012195121951219523,-0.3,0.44285714285714284,48.30384507471249,YELLOW,True
2026-07-27,H010,D008,148,3,0.02027027027027027,164.0,8.0,0.04878048780487805,-0.625,-0.02851021753460778,0.14285714285714285,-0.7678571428571428,21.659645229923907,GREEN,False
2026-08-03,H010,D008,170,6,0.03529411764705882,148.0,3.0,0.02027027027027027,1.0,0.015023847376788552,-0.625,1.625,69.78730163916656,ORANGE,True
2026-08-10,H010,D008,159,8,0.050314465408805034,170.0,6.0,0.03529411764705882,0.3333333333333333,0.015020347761746211,1.0,-0.6666666666666667,35.50852871445761,YELLOW,True
2026-08-17,H010,D008,153,7,0.0457516339869281,159.0,8.0,0.050314465408805034,-0.125,-0.0045628314218769325,0.3333333333333333,-0.4583333333333333,26.23835389241502,GREEN,False
2026-08-24,H010,D008,123,6,0.04878048780487805,153.0,7.0,0.0457516339869281,-0.14285714285714285,0.003028853817949949,-0.125,-0.01785714285714285,25.98413805956079,GREEN,False
