week,hospital_id,symptom_id,symptom_name,case_count,previous_cases,growth_rate,hospital_total_cases,incidence_proportion
2026-06-01,H001,S001,Fever,922,,,1065,0.8657276995305164
2026-06-01,H001,S002,Headache,489,,,1065,0.4591549295774648
2026-06-01,H001,S003,Fatigue,214,,,1065,0.20093896713615023
2026-06-01,H001,S004,Chills,147,,,1065,0.13802816901408452
2026-06-01,H001,S005,Sweating,147,,,1065,0.13802816901408452
2026-06-01,H001,S006,Dry Cough,469,,,1065,0.4403755868544601
2026-06-01,H001,S007,Persistent Cough,27,,,1065,0.02535211267605634
2026-06-01,H001,S008,Sore Throat,289,,,1065,0.27136150234741785
2026-06-01,H001,S009,Runny Nose,179,,,1065,0.168075117370892
2026-06-01,H001,S010,Breathlessness,18,,,1065,0.016901408450704224
2026-06-01,H001,S011,Chest Pain,3,,,1065,0.0028169014084507044
2026-06-01,H001,S012,Loss of Taste,34,,,1065,0.03192488262910798
2026-06-01,H001,S013,Loss of Smell,38,,,1065,0.03568075117370892
2026-06-01,H001,S014,Muscle Pain,422,,,1065,0.39624413145539905
2026-06-01,H001,S015,Joint Pain,175,,,1065,0.1643192488262911
2026-06-01,H001,S016,Retro-orbital Pain,118,,,1065,0.1107981220657277
2026-06-01,H001,S017,Rash,56,,,1065,0.05258215962441314
2026-06-01,H001,S018,Nausea,136,,,1065,0.12769953051643193
2026-06-01,H001,S019,Vomiting,183,,,1065,0.17183098591549295
2026-06-01,H001,S020,Diarrhoea,143,,,1065,0.13427230046948357
2026-06-01,H001,S021,Abdominal Pain,97,,,1065,0.09107981220657277
2026-06-01,H001,S022,Loss of Appetite,41,,,1065,0.038497652582159626
2026-06-01,H001,S023,Weight Loss,5,,,1065,0.004694835680751174
2026-06-01,H001,S024,Night Sweats,8,,,1065,0.007511737089201878
2026-06-01,H001,S025,Bleeding,4,,,1065,0.003755868544600939
2026-06-01,H001,S026,Anaemia,2,,,1065,0.0018779342723004694
2026-06-01,H001,S027,Dehydration,2,,,1065,0.0018779342723004694
2026-06-01,H002,S001,Fever,745,,,879,0.8475540386803185
2026-06-01,H002,S002,Headache,355,,,879,0.40386803185437997
2026-06-01,H002,S003,Fatigue,189,,,879,0.2150170648464164
2026-06-01,H002,S004,Chills,94,,,879,0.10693970420932879
2026-06-01,H002,S005,Sweating,94,,,879,0.10693970420932879
2026-06-01,H002,S006,Dry Cough,414,,,879,0.4709897610921502
2026-06-01,H002,S007,Persistent Cough,32,,,879,0.03640500568828214
2026-06-01,H002,S008,Sore Throat,284,,,879,0.323094425483504
2026-06-01,H002,S009,Runny Nose,158,,,879,0.17974971558589306
2026-06-01,H002,S010,Breathlessness,14,,,879,0.015927189988623434
2026-06-01,H002,S011,Chest Pain,2,,,879,0.0022753128555176336
2026-06-01,H002,S012,Loss of Taste,38,,,879,0.04323094425483504
2026-06-01,H002,S013,Loss of Smell,44,,,879,0.05005688282138794
2026-06-01,H002,S014,Muscle Pain,333,,,879,0.378839590443686
2026-06-01,H002,S015,Joint Pain,120,,,879,0.13651877133105803
2026-06-01,H002,S016,Retro-orbital Pain,93,,,879,0.10580204778156997
2026-06-01,H002,S017,Rash,40,,,879,0.04550625711035267
2026-06-01,H002,S018,Nausea,89,,,879,0.1012514220705347
2026-06-01,H002,S019,Vomiting,139,,,879,0.15813424345847554
2026-06-01,H002,S020,Diarrhoea,123,,,879,0.13993174061433447
2026-06-01,H002,S021,Abdominal Pain,83,,,879,0.09442548350398179
2026-06-01,H002,S022,Loss of Appetite,29,,,879,0.03299203640500569
2026-06-01,H002,S023,Weight Loss,3,,,879,0.0034129692832764505
2026-06-01,H002,S024,Night Sweats,9,,,879,0.010238907849829351
2026-06-01,H002,S025,Bleeding,2,,,879,0.0022753128555176336
2026-06-01,H002,S026,Anaemia,1,,,879,0.0011376564277588168
2026-06-01,H002,S027,Dehydration,2,,,879,0.0022753128555176336
2026-06-01,H003,S001,Fever,920,,,1070,0.8598130841121495
2026-06-01,H003,S002,Headache,487,,,1070,0.45514018691588787
2026-06-01,H003,S003,Fatigue,209,,,1070,0.19532710280373833
2026-06-01,H003,S004,Chills,146,,,1070,0.13644859813084112
2026-06-01,H003,S005,Sweating,146,,,1070,0.13644859813084112
2026-06-01,H003,S006,Dry Cough,394,,,1070,0.36822429906542054
2026-06-01,H003,S007,Persistent Cough,32,,,1070,0.029906542056074768
2026-06-01,H003,S008,Sore Throat,251,,,1070,0.23457943925233646
2026-06-01,H003,S009,Runny Nose,137,,,1070,0.1280373831775701
2026-06-01,H003,S010,Breathlessness,6,,,1070,0.005607476635514018
2026-06-01,H003,S012,Loss of Taste,19,,,1070,0.017757009345794394
2026-06-01,H003,S013,Loss of Smell,21,,,1070,0.019626168224299065
2026-06-01,H003,S014,Muscle Pain,456,,,1070,0.4261682242990654
2026-06-01,H003,S015,Joint Pain,215,,,1070,0.20093457943925233
2026-06-01,H003,S016,Retro-orbital Pain,159,,,1070,0.1485981308411215
2026-06-01,H003,S017,Rash,77,,,1070,0.07196261682242991
2026-06-01,H003,S018,Nausea,164,,,1070,0.15327102803738318
2026-06-01,H003,S019,Vomiting,204,,,1070,0.19065420560747665
2026-06-01,H003,S020,Diarrhoea,143,,,1070,0.1336448598130841
2026-06-01,H003,S021,Abdominal Pain,96,,,1070,0.08971962616822429
2026-06-01,H003,S022,Loss of Appetite,44,,,1070,0.041121495327102804
2026-06-01,H003,S023,Weight Loss,1,,,1070,0.0009345794392523365
2026-06-01,H003,S024,Night Sweats,6,,,1070,0.005607476635514018
2026-06-01,H003,S025,Bleeding,2,,,1070,0.001869158878504673
2026-06-01,H003,S026,Anaemia,2,,,1070,0.001869158878504673
2026-06-01,H003,S027,Dehydration,5,,,1070,0.004672897196261682
2026-06-01,H004,S001,Fever,884,,,1036,0.8532818532818532
2026-06-01,H004,S002,Headache,455,,,1036,0.4391891891891892
2026-06-01,H004,S003,Fatigue,226,,,1036,0.21814671814671815
2026-06-01,H004,S004,Chills,134,,,1036,0.12934362934362933
2026-06-01,H004,S005,Sweating,134,,,1036,0.12934362934362933
2026-06-01,H004,S006,Dry Cough,412,,,1036,0.39768339768339767
2026-06-01,H004,S007,Persistent Cough,36,,,1036,0.03474903474903475
2026-06-01,H004,S008,Sore Throat,261,,,1036,0.2519305019305019
2026-06-01,H004,S009,Runny Nose,159,,,1036,0.15347490347490347
2026-06-01,H004,S010,Breathlessness,10,,,1036,0.009652509652509652
2026-06-01,H004,S011,Chest Pain,4,,,1036,0.003861003861003861
2026-06-01,H004,S012,Loss of Taste,34,,,1036,0.032818532818532815
2026-06-01,H004,S013,Loss of Smell,34,,,1036,0.032818532818532815
2026-06-01,H004,S014,Muscle Pain,413,,,1036,0.39864864864864863
2026-06-01,H004,S015,Joint Pain,167,,,1036,0.1611969111969112
2026-06-01,H004,S016,Retro-orbital Pain,161,,,1036,0.1554054054054054
2026-06-01,H004,S017,Rash,51,,,1036,0.04922779922779923
2026-06-01,H004,S018,Nausea,138,,,1036,0.13320463320463322
2026-06-01,H004,S019,Vomiting,194,,,1036,0.18725868725868725
2026-06-01,H004,S020,Diarrhoea,150,,,1036,0.14478764478764478
2026-06-01,H004,S021,Abdominal Pain,106,,,1036,0.10231660231660232
2026-06-01,H004,S022,Loss of Appetite,36,,,1036,0.03474903474903475
2026-06-01,H004,S023,Weight Loss,6,,,1036,0.005791505791505791
2026-06-01,H004,S024,Night Sweats,12,,,1036,0.011583011583011582
2026-06-01,H004,S025,Bleeding,2,,,1036,0.0019305019305019305
2026-06-01,H004,S026,Anaemia,2,,,1036,0.0019305019305019305
2026-06-01,H004,S027,Dehydration,5,,,1036,0.004826254826254826
2026-06-01,H005,S001,Fever,786,,,936,0.8397435897435898
2026-06-01,H005,S002,Headache,462,,,936,0.4935897435897436
2026-06-01,H005,S003,Fatigue,166,,,936,0.17735042735042736
2026-06-01,H005,S004,Chills,114,,,936,0.12179487179487179
2026-06-01,H005,S005,Sweating,114,,,936,0.12179487179487179
2026-06-01,H005,S006,Dry Cough,355,,,936,0.37927350427350426
2026-06-01,H005,S007,Persistent Cough,21,,,936,0.022435897435897436
2026-06-01,H005,S008,Sore Throat,230,,,936,0.24572649572649571
2026-06-01,H005,S009,Runny Nose,160,,,936,0.17094017094017094
2026-06-01,H005,S010,Breathlessness,6,,,936,0.00641025641025641
2026-06-01,H005,S011,Chest Pain,1,,,936,0.0010683760683760685
2026-06-01,H005,S012,Loss of Taste,14,,,936,0.014957264957264958
2026-06-01,H005,S013,Loss of Smell,15,,,936,0.016025641025641024
2026-06-01,H005,S014,Muscle Pain,412,,,936,0.44017094017094016
2026-06-01,H005,S015,Joint Pain,161,,,936,0.172008547008547
2026-06-01,H005,S016,Retro-orbital Pain,147,,,936,0.15705128205128205
2026-06-01,H005,S017,Rash,63,,,936,0.0673076923076923
2026-06-01,H005,S018,Nausea,167,,,936,0.17841880341880342
2026-06-01,H005,S019,Vomiting,197,,,936,0.21047008547008547
2026-06-01,H005,S020,Diarrhoea,160,,,936,0.17094017094017094
2026-06-01,H005,S021,Abdominal Pain,108,,,936,0.11538461538461539
2026-06-01,H005,S022,Loss of Appetite,34,,,936,0.03632478632478633
2026-06-01,H005,S023,Weight Loss,5,,,936,0.005341880341880342
2026-06-01,H005,S024,Night Sweats,11,,,936,0.011752136752136752
2026-06-01,H005,S025,Bleeding,6,,,936,0.00641025641025641
2026-06-01,H005,S026,Anaemia,3,,,936,0.003205128205128205
2026-06-01,H005,S027,Dehydration,4,,,936,0.004273504273504274
2026-06-01,H006,S001,Fever,637,,,754,0.8448275862068966
2026-06-01,H006,S002,Headache,334,,,754,0.44297082228116713
2026-06-01,H006,S003,Fatigue,163,,,754,0.21618037135278514
2026-06-01,H006,S004,Chills,117,,,754,0.15517241379310345
2026-06-01,H006,S005,Sweating,117,,,754,0.15517241379310345
2026-06-01,H006,S006,Dry Cough,264,,,754,0.35013262599469497
2026-06-01,H006,S007,Persistent Cough,43,,,754,0.05702917771883289
2026-06-01,H006,S008,Sore Throat,179,,,754,0.23740053050397877
2026-06-01,H006,S009,Runny Nose,96,,,754,0.1273209549071618
2026-06-01,H006,S010,Breathlessness,8,,,754,0.010610079575596816
2026-06-01,H006,S011,Chest Pain,4,,,754,0.005305039787798408
2026-06-01,H006,S012,Loss of Taste,21,,,754,0.027851458885941646
2026-06-01,H006,S013,Loss of Smell,23,,,754,0.03050397877984085
2026-06-01,H006,S014,Muscle Pain,280,,,754,0.3713527851458886
2026-06-01,H006,S015,Joint Pain,139,,,754,0.1843501326259947
2026-06-01,H006,S016,Retro-orbital Pain,103,,,754,0.13660477453580902
2026-06-01,H006,S017,Rash,44,,,754,0.058355437665782495
2026-06-01,H006,S018,Nausea,100,,,754,0.13262599469496023
2026-06-01,H006,S019,Vomiting,138,,,754,0.1830238726790451
2026-06-01,H006,S020,Diarrhoea,105,,,754,0.13925729442970822
2026-06-01,H006,S021,Abdominal Pain,79,,,754,0.10477453580901856
2026-06-01,H006,S022,Loss of Appetite,26,,,754,0.034482758620689655
2026-06-01,H006,S023,Weight Loss,7,,,754,0.009283819628647215
2026-06-01,H006,S024,Night Sweats,11,,,754,0.014588859416445624
2026-06-01,H006,S025,Bleeding,1,,,754,0.001326259946949602
2026-06-01,H006,S026,Anaemia,3,,,754,0.003978779840848806
2026-06-01,H006,S027,Dehydration,1,,,754,0.001326259946949602
2026-06-01,H007,S001,Fever,576,,,668,0.8622754491017964
2026-06-01,H007,S002,Headache,292,,,668,0.437125748502994
2026-06-01,H007,S003,Fatigue,154,,,668,0.23053892215568864
2026-06-01,H007,S004,Chills,87,,,668,0.13023952095808383
2026-06-01,H007,S005,Sweating,87,,,668,0.13023952095808383
2026-06-01,H007,S006,Dry Cough,294,,,668,0.44011976047904194
2026-06-01,H007,S007,Persistent Cough,19,,,668,0.02844311377245509
2026-06-01,H007,S008,Sore Throat,187,,,668,0.27994011976047906
2026-06-01,H007,S009,Runny Nose,107,,,668,0.1601796407185629
2026-06-01,H007,S010,Breathlessness,9,,,668,0.01347305389221557
2026-06-01,H007,S011,Chest Pain,2,,,668,0.0029940119760479044
2026-06-01,H007,S012,Loss of Taste,23,,,668,0.0344311377245509
2026-06-01,H007,S013,Loss of Smell,27,,,668,0.040419161676646706
2026-06-01,H007,S014,Muscle Pain,244,,,668,0.3652694610778443
2026-06-01,H007,S015,Joint Pain,99,,,668,0.14820359281437126
2026-06-01,H007,S016,Retro-orbital Pain,81,,,668,0.12125748502994012
2026-06-01,H007,S017,Rash,32,,,668,0.04790419161676647
2026-06-01,H007,S018,Nausea,77,,,668,0.11526946107784432
2026-06-01,H007,S019,Vomiting,119,,,668,0.1781437125748503
2026-06-01,H007,S020,Diarrhoea,95,,,668,0.14221556886227546
2026-06-01,H007,S021,Abdominal Pain,73,,,668,0.1092814371257485
2026-06-01,H007,S022,Loss of Appetite,20,,,668,0.029940119760479042
2026-06-01,H007,S023,Weight Loss,6,,,668,0.008982035928143712
2026-06-01,H007,S024,Night Sweats,8,,,668,0.011976047904191617
2026-06-01,H007,S025,Bleeding,1,,,668,0.0014970059880239522
2026-06-01,H007,S026,Anaemia,2,,,668,0.0029940119760479044
2026-06-01,H007,S027,Dehydration,4,,,668,0.005988023952095809
2026-06-01,H008,S001,Fever,697,,,784,0.889030612244898
2026-06-01,H008,S002,Headache,345,,,784,0.44005102040816324
2026-06-01,H008,S003,Fatigue,165,,,784,0.21045918367346939
2026-06-01,H008,S004,Chills,103,,,784,0.13137755102040816
2026-06-01,H008,S005,Sweating,103,,,784,0.13137755102040816
2026-06-01,H008,S006,Dry Cough,333,,,784,0.4247448979591837
2026-06-01,H008,S007,Persistent Cough,19,,,784,0.02423469387755102
2026-06-01,H008,S008,Sore Throat,225,,,784,0.2869897959183674
2026-06-01,H008,S009,Runny Nose,124,,,784,0.15816326530612246
2026-06-01,H008,S010,Breathlessness,16,,,784,0.02040816326530612
2026-06-01,H008,S011,Chest Pain,1,,,784,0.0012755102040816326
2026-06-01,H008,S012,Loss of Taste,42,,,784,0.05357142857142857
2026-06-01,H008,S013,Loss of Smell,41,,,784,0.05229591836734694
2026-06-01,H008,S014,Muscle Pain,335,,,784,0.4272959183673469
2026-06-01,H008,S015,Joint Pain,130,,,784,0.16581632653061223
2026-06-01,H008,S016,Retro-orbital Pain,129,,,784,0.16454081632653061
2026-06-01,H008,S017,Rash,46,,,784,0.058673469387755105
2026-06-01,H008,S018,Nausea,108,,,784,0.1377551020408163
2026-06-01,H008,S019,Vomiting,135,,,784,0.17219387755102042
2026-06-01,H008,S020,Diarrhoea,97,,,784,0.12372448979591837
2026-06-01,H008,S021,Abdominal Pain,64,,,784,0.08163265306122448
2026-06-01,H008,S022,Loss of Appetite,23,,,784,0.029336734693877552
2026-06-01,H008,S023,Weight Loss,1,,,784,0.0012755102040816326
2026-06-01,H008,S024,Night Sweats,4,,,784,0.00510204081632653
2026-06-01,H008,S025,Bleeding,4,,,784,0.00510204081632653
2026-06-01,H008,S026,Anaemia,4,,,784,0.00510204081632653
2026-06-01,H008,S027,Dehydration,6,,,784,0.007653061224489796
2026-06-01,H009,S001,Fever,527,,,614,0.8583061889250815
2026-06-01,H009,S002,Headache,288,,,614,0.46905537459283386
2026-06-01,H009,S003,Fatigue,137,,,614,0.22312703583061888
2026-06-01,H009,S004,Chills,99,,,614,0.16123778501628663
2026-06-01,H009,S005,Sweating,99,,,614,0.16123778501628663
2026-06-01,H009,S006,Dry Cough,228,,,614,0.3713355048859935
2026-06-01,H009,S007,Persistent Cough,14,,,614,0.02280130293159609
2026-06-01,H009,S008,Sore Throat,139,,,614,0.2263843648208469
2026-06-01,H009,S009,Runny Nose,80,,,614,0.13029315960912052
2026-06-01,H009,S010,Breathlessness,7,,,614,0.011400651465798045
2026-06-01,H009,S011,Chest Pain,2,,,614,0.003257328990228013
2026-06-01,H009,S012,Loss of Taste,18,,,614,0.029315960912052116
2026-06-01,H009,S013,Loss of Smell,26,,,614,0.04234527687296417
2026-06-01,H009,S014,Muscle Pain,232,,,614,0.3778501628664495
2026-06-01,H009,S015,Joint Pain,113,,,614,0.18403908794788273
2026-06-01,H009,S016,Retro-orbital Pain,83,,,614,0.13517915309446255
2026-06-01,H009,S017,Rash,38,,,614,0.06188925081433225
2026-06-01,H009,S018,Nausea,89,,,614,0.1449511400651466
2026-06-01,H009,S019,Vomiting,126,,,614,0.20521172638436483
2026-06-01,H009,S020,Diarrhoea,93,,,614,0.15146579804560262
2026-06-01,H009,S021,Abdominal Pain,61,,,614,0.0993485342019544
2026-06-01,H009,S022,Loss of Appetite,29,,,614,0.04723127035830619
2026-06-01,H009,S023,Weight Loss,2,,,614,0.003257328990228013
2026-06-01,H009,S024,Night Sweats,5,,,614,0.008143322475570033
2026-06-01,H009,S025,Bleeding,1,,,614,0.0016286644951140066
2026-06-01,H009,S026,Anaemia,1,,,614,0.0016286644951140066
2026-06-01,H010,S001,Fever,840,,,986,0.8519269776876268
2026-06-01,H010,S002,Headache,425,,,986,0.43103448275862066
2026-06-01,H010,S003,Fatigue,199,,,986,0.20182555780933062
2026-06-01,H010,S004,Chills,113,,,986,0.11460446247464504
2026-06-01,H010,S005,Sweating,113,,,986,0.11460446247464504
2026-06-01,H010,S006,Dry Cough,394,,,986,0.3995943204868154
2026-06-01,H010,S007,Persistent Cough,26,,,986,0.02636916835699797
2026-06-01,H010,S008,Sore Throat,248,,,986,0.2515212981744422
2026-06-01,H010,S009,Runny Nose,148,,,986,0.15010141987829614
2026-06-01,H010,S010,Breathlessness,11,,,986,0.011156186612576065
2026-06-01,H010,S011,Chest Pain,1,,,986,0.0010141987829614604
2026-06-01,H010,S012,Loss of Taste,33,,,986,0.033468559837728194
2026-06-01,H010,S013,Loss of Smell,32,,,986,0.032454361054766734
2026-06-01,H010,S014,Muscle Pain,405,,,986,0.4107505070993915
2026-06-01,H010,S015,Joint Pain,170,,,986,0.1724137931034483
2026-06-01,H010,S016,Retro-orbital Pain,135,,,986,0.13691683569979715
2026-06-01,H010,S017,Rash,49,,,986,0.04969574036511156
2026-06-01,H010,S018,Nausea,146,,,986,0.14807302231237324
2026-06-01,H010,S019,Vomiting,187,,,986,0.1896551724137931
2026-06-01,H010,S020,Diarrhoea,157,,,986,0.1592292089249493
2026-06-01,H010,S021,Abdominal Pain,105,,,986,0.10649087221095335
2026-06-01,H010,S022,Loss of Appetite,34,,,986,0.034482758620689655
2026-06-01,H010,S023,Weight Loss,4,,,986,0.004056795131845842
2026-06-01,H010,S024,Night Sweats,17,,,986,0.017241379310344827
2026-06-01,H010,S025,Bleeding,3,,,986,0.0030425963488843813
2026-06-01,H010,S026,Anaemia,1,,,986,0.0010141987829614604
2026-06-01,H010,S027,Dehydration,1,,,986,0.0010141987829614604
2026-06-08,H001,S001,Fever,924,922.0,0.21691973969631237,1064,0.868421052631579
2026-06-08,H001,S002,Headache,463,489.0,-5.316973415132924,1064,0.4351503759398496
2026-06-08,H001,S003,Fatigue,218,214.0,1.8691588785046727,1064,0.20488721804511278
2026-06-08,H001,S004,Chills,138,147.0,-6.122448979591836,1064,0.12969924812030076
2026-06-08,H001,S005,Sweating,138,147.0,-6.122448979591836,1064,0.12969924812030076
2026-06-08,H001,S006,Dry Cough,474,469.0,1.0660980810234542,1064,0.44548872180451127
2026-06-08,H001,S007,Persistent Cough,35,27.0,29.629629629629626,1064,0.03289473684210526
2026-06-08,H001,S008,Sore Throat,313,289.0,8.304498269896193,1064,0.2941729323308271
2026-06-08,H001,S009,Runny Nose,171,179.0,-4.4692737430167595,1064,0.16071428571428573
2026-06-08,H001,S010,Breathlessness,13,18.0,-27.77777777777778,1064,0.012218045112781954
2026-06-08,H001,S011,Chest Pain,2,3.0,-33.33333333333333,1064,0.0018796992481203006
2026-06-08,H001,S012,Loss of Taste,37,34.0,8.823529411764707,1064,0.03477443609022556
2026-06-08,H001,S013,Loss of Smell,40,38.0,5.263157894736842,1064,0.03759398496240601
2026-06-08,H001,S014,Muscle Pain,410,422.0,-2.843601895734597,1064,0.38533834586466165
2026-06-08,H001,S015,Joint Pain,161,175.0,-8.0,1064,0.1513157894736842
2026-06-08,H001,S016,Retro-orbital Pain,109,118.0,-7.627118644067797,1064,0.10244360902255639
2026-06-08,H001,S017,Rash,43,56.0,-23.214285714285715,1064,0.040413533834586464
2026-06-08,H001,S018,Nausea,119,136.0,-12.5,1064,0.1118421052631579
2026-06-08,H001,S019,Vomiting,174,183.0,-4.918032786885246,1064,0.16353383458646617
2026-06-08,H001,S020,Diarrhoea,137,143.0,-4.195804195804196,1064,0.1287593984962406
2026-06-08,H001,S021,Abdominal Pain,103,97.0,6.185567010309279,1064,0.09680451127819549
2026-06-08,H001,S022,Loss of Appetite,43,41.0,4.878048780487805,1064,0.040413533834586464
2026-06-08,H001,S023,Weight Loss,2,5.0,-60.0,1064,0.0018796992481203006
2026-06-08,H001,S024,Night Sweats,8,8.0,0.0,1064,0.007518796992481203
2026-06-08,H001,S025,Bleeding,5,4.0,25.0,1064,0.004699248120300752
2026-06-08,H001,S026,Anaemia,3,2.0,50.0,1064,0.002819548872180451
2026-06-08,H001,S027,Dehydration,7,2.0,250.0,1064,0.006578947368421052
2026-06-08,H002,S001,Fever,769,745.0,3.2214765100671143,885,0.8689265536723164
2026-06-08,H002,S002,Headache,382,355.0,7.605633802816901,885,0.43163841807909603
2026-06-08,H002,S003,Fatigue,185,189.0,-2.1164021164021163,885,0.20903954802259886
2026-06-08,H002,S004,Chills,86,94.0,-8.51063829787234,885,0.09717514124293786
2026-06-08,H002,S005,Sweating,86,94.0,-8.51063829787234,885,0.09717514124293786
2026-06-08,H002,S006,Dry Cough,415,414.0,0.24154589371980675,885,0.4689265536723164
2026-06-08,H002,S007,Persistent Cough,29,32.0,-9.375,885,0.0327683615819209
2026-06-08,H002,S008,Sore Throat,256,284.0,-9.859154929577464,885,0.28926553672316385
2026-06-08,H002,S009,Runny Nose,165,158.0,4.430379746835443,885,0.1864406779661017
2026-06-08,H002,S010,Breathlessness,4,14.0,-71.42857142857143,885,0.004519774011299435
2026-06-08,H002,S011,Chest Pain,2,2.0,0.0,885,0.0022598870056497176
2026-06-08,H002,S012,Loss of Taste,28,38.0,-26.31578947368421,885,0.031638418079096044
2026-06-08,H002,S013,Loss of Smell,27,44.0,-38.63636363636363,885,0.030508474576271188
2026-06-08,H002,S014,Muscle Pain,355,333.0,6.606606606606606,885,0.4011299435028249
2026-06-08,H002,S015,Joint Pain,147,120.0,22.5,885,0.16610169491525423
2026-06-08,H002,S016,Retro-orbital Pain,114,93.0,22.58064516129032,885,0.1288135593220339
2026-06-08,H002,S017,Rash,43,40.0,7.5,885,0.04858757062146893
2026-06-08,H002,S018,Nausea,110,89.0,23.595505617977526,885,0.12429378531073447
2026-06-08,H002,S019,Vomiting,144,139.0,3.597122302158273,885,0.16271186440677965
2026-06-08,H002,S020,Diarrhoea,120,123.0,-2.4390243902439024,885,0.13559322033898305
2026-06-08,H002,S021,Abdominal Pain,84,83.0,1.2048192771084338,885,0.09491525423728814
2026-06-08,H002,S022,Loss of Appetite,41,29.0,41.37931034482759,885,0.04632768361581921
2026-06-08,H002,S023,Weight Loss,3,3.0,0.0,885,0.003389830508474576
2026-06-08,H002,S024,Night Sweats,10,9.0,11.11111111111111,885,0.011299435028248588
2026-06-08,H002,S025,Bleeding,5,2.0,150.0,885,0.005649717514124294
2026-06-08,H002,S026,Anaemia,1,1.0,0.0,885,0.0011299435028248588
2026-06-08,H002,S027,Dehydration,4,2.0,100.0,885,0.004519774011299435
2026-06-08,H003,S001,Fever,920,920.0,0.0,1069,0.8606173994387278
2026-06-08,H003,S002,Headache,460,487.0,-5.544147843942506,1069,0.4303086997193639
2026-06-08,H003,S003,Fatigue,192,209.0,-8.133971291866029,1069,0.1796071094480823
2026-06-08,H003,S004,Chills,150,146.0,2.73972602739726,1069,0.1403180542563143
2026-06-08,H003,S005,Sweating,150,146.0,2.73972602739726,1069,0.1403180542563143
2026-06-08,H003,S006,Dry Cough,415,394.0,5.32994923857868,1069,0.3882132834424696
2026-06-08,H003,S007,Persistent Cough,31,32.0,-3.125,1069,0.028999064546304958
2026-06-08,H003,S008,Sore Throat,263,251.0,4.780876494023905,1069,0.2460243217960711
2026-06-08,H003,S009,Runny Nose,169,137.0,23.357664233576642,1069,0.1580916744621141
2026-06-08,H003,S010,Breathlessness,12,6.0,100.0,1069,0.011225444340505144
2026-06-08,H003,S011,Chest Pain,3,,,1069,0.002806361085126286
2026-06-08,H003,S012,Loss of Taste,33,19.0,73.68421052631578,1069,0.03086997193638915
2026-06-08,H003,S013,Loss of Smell,32,21.0,52.38095238095239,1069,0.029934518241347054
2026-06-08,H003,S014,Muscle Pain,436,456.0,-4.385964912280701,1069,0.4078578110383536
2026-06-08,H003,S015,Joint Pain,196,215.0,-8.837209302325581,1069,0.1833489242282507
2026-06-08,H003,S016,Retro-orbital Pain,155,159.0,-2.515723270440252,1069,0.1449953227315248
2026-06-08,H003,S017,Rash,53,77.0,-31.16883116883117,1069,0.04957904583723106
2026-06-08,H003,S018,Nausea,135,164.0,-17.682926829268293,1069,0.12628624883068287
2026-06-08,H003,S019,Vomiting,187,204.0,-8.333333333333332,1069,0.17492984097287184
2026-06-08,H003,S020,Diarrhoea,154,143.0,7.6923076923076925,1069,0.14405986903648269
2026-06-08,H003,S021,Abdominal Pain,116,96.0,20.833333333333336,1069,0.10851262862488306
2026-06-08,H003,S022,Loss of Appetite,40,44.0,-9.090909090909092,1069,0.037418147801683815
2026-06-08,H003,S023,Weight Loss,6,1.0,500.0,1069,0.005612722170252572
2026-06-08,H003,S024,Night Sweats,11,6.0,83.33333333333334,1069,0.01028999064546305
2026-06-08,H003,S025,Bleeding,3,2.0,50.0,1069,0.002806361085126286
2026-06-08,H003,S026,Anaemia,3,2.0,50.0,1069,0.002806361085126286
2026-06-08,H003,S027,Dehydration,10,5.0,100.0,1069,0.009354536950420954
2026-06-08,H004,S001,Fever,890,884.0,0.6787330316742082,1047,0.8500477554918816
2026-06-08,H004,S002,Headache,429,455.0,-5.714285714285714,1047,0.40974212034383956
2026-06-08,H004,S003,Fatigue,211,226.0,-6.637168141592921,1047,0.20152817574021012
2026-06-08,H004,S004,Chills,127,134.0,-5.223880597014925,1047,0.12129894937917861
2026-06-08,H004,S005,Sweating,127,134.0,-5.223880597014925,1047,0.12129894937917861
2026-06-08,H004,S006,Dry Cough,454,412.0,10.194174757281553,1047,0.43361986628462273
2026-06-08,H004,S007,Persistent Cough,33,36.0,-8.333333333333332,1047,0.03151862464183381
2026-06-08,H004,S008,Sore Throat,295,261.0,13.026819923371647,1047,0.2817574021012416
2026-06-08,H004,S009,Runny Nose,175,159.0,10.062893081761008,1047,0.16714422158548234
2026-06-08,H004,S010,Breathlessness,11,10.0,10.0,1047,0.010506208213944603
2026-06-08,H004,S011,Chest Pain,4,4.0,0.0,1047,0.0038204393505253103
2026-06-08,H004,S012,Loss of Taste,28,34.0,-17.647058823529413,1047,0.026743075453677174
2026-06-08,H004,S013,Loss of Smell,31,34.0,-8.823529411764707,1047,0.029608404966571154
2026-06-08,H004,S014,Muscle Pain,398,413.0,-3.631961259079903,1047,0.38013371537726837
2026-06-08,H004,S015,Joint Pain,169,167.0,1.1976047904191618,1047,0.16141356255969436
2026-06-08,H004,S016,Retro-orbital Pain,126,161.0,-21.73913043478261,1047,0.12034383954154727
2026-06-08,H004,S017,Rash,57,51.0,11.76470588235294,1047,0.054441260744985676
2026-06-08,H004,S018,Nausea,157,138.0,13.768115942028986,1047,0.14995224450811842
2026-06-08,H004,S019,Vomiting,201,194.0,3.608247422680412,1047,0.19197707736389685
2026-06-08,H004,S020,Diarrhoea,159,150.0,6.0,1047,0.1518624641833811
2026-06-08,H004,S021,Abdominal Pain,93,106.0,-12.264150943396226,1047,0.08882521489971347
2026-06-08,H004,S022,Loss of Appetite,29,36.0,-19.444444444444446,1047,0.027698185291308502
2026-06-08,H004,S023,Weight Loss,9,6.0,50.0,1047,0.008595988538681949
2026-06-08,H004,S024,Night Sweats,14,12.0,16.666666666666664,1047,0.013371537726838587
2026-06-08,H004,S025,Bleeding,4,2.0,100.0,1047,0.0038204393505253103
2026-06-08,H004,S026,Anaemia,3,2.0,50.0,1047,0.0028653295128939827
2026-06-08,H004,S027,Dehydration,7,5.0,40.0,1047,0.0066857688634192934
2026-06-08,H005,S001,Fever,795,786.0,1.1450381679389312,939,0.8466453674121406
2026-06-08,H005,S002,Headache,412,462.0,-10.822510822510822,939,0.4387646432374867
2026-06-08,H005,S003,Fatigue,177,166.0,6.626506024096386,939,0.18849840255591055
2026-06-08,H005,S004,Chills,123,114.0,7.894736842105263,939,0.13099041533546327
2026-06-08,H005,S005,Sweating,123,114.0,7.894736842105263,939,0.13099041533546327
2026-06-08,H005,S006,Dry Cough,363,355.0,2.2535211267605635,939,0.3865814696485623
2026-06-08,H005,S007,Persistent Cough,29,21.0,38.095238095238095,939,0.0308839190628328
2026-06-08,H005,S008,Sore Throat,238,230.0,3.4782608695652173,939,0.2534611288604899
2026-06-08,H005,S009,Runny Nose,149,160.0,-6.875000000000001,939,0.15867944621938232
2026-06-08,H005,S010,Breathlessness,16,6.0,166.66666666666669,939,0.01703940362087327
2026-06-08,H005,S011,Chest Pain,2,1.0,100.0,939,0.002129925452609159
2026-06-08,H005,S012,Loss of Taste,30,14.0,114.28571428571428,939,0.03194888178913738
2026-06-08,H005,S013,Loss of Smell,34,15.0,126.66666666666666,939,0.0362087326943557
2026-06-08,H005,S014,Muscle Pain,366,412.0,-11.165048543689322,939,0.38977635782747605
2026-06-08,H005,S015,Joint Pain,159,161.0,-1.2422360248447204,939,0.16932907348242812
2026-06-08,H005,S016,Retro-orbital Pain,142,147.0,-3.4013605442176873,939,0.15122470713525027
2026-06-08,H005,S017,Rash,61,63.0,-3.1746031746031744,939,0.06496272630457935
2026-06-08,H005,S018,Nausea,142,167.0,-14.97005988023952,939,0.15122470713525027
2026-06-08,H005,S019,Vomiting,182,197.0,-7.614213197969544,939,0.19382321618743345
2026-06-08,H005,S020,Diarrhoea,149,160.0,-6.875000000000001,939,0.15867944621938232
2026-06-08,H005,S021,Abdominal Pain,90,108.0,-16.666666666666664,939,0.09584664536741214
2026-06-08,H005,S022,Loss of Appetite,38,34.0,11.76470588235294,939,0.04046858359957402
2026-06-08,H005,S023,Weight Loss,6,5.0,20.0,939,0.006389776357827476
2026-06-08,H005,S024,Night Sweats,12,11.0,9.090909090909092,939,0.012779552715654952
2026-06-08,H005,S025,Bleeding,3,6.0,-50.0,939,0.003194888178913738
2026-06-08,H005,S026,Anaemia,2,3.0,-33.33333333333333,939,0.002129925452609159
2026-06-08,H005,S027,Dehydration,3,4.0,-25.0,939,0.003194888178913738
2026-06-08,H006,S001,Fever,636,637.0,-0.15698587127158556,745,0.8536912751677852
2026-06-08,H006,S002,Headache,311,334.0,-6.88622754491018,745,0.4174496644295302
2026-06-08,H006,S003,Fatigue,164,163.0,0.6134969325153374,745,0.22013422818791947
2026-06-08,H006,S004,Chills,75,117.0,-35.8974358974359,745,0.10067114093959731
2026-06-08,H006,S005,Sweating,75,117.0,-35.8974358974359,745,0.10067114093959731
2026-06-08,H006,S006,Dry Cough,308,264.0,16.666666666666664,745,0.4134228187919463
2026-06-08,H006,S007,Persistent Cough,32,43.0,-25.581395348837212,745,0.042953020134228186
2026-06-08,H006,S008,Sore Throat,194,179.0,8.379888268156424,745,0.26040268456375837
2026-06-08,H006,S009,Runny Nose,109,96.0,13.541666666666666,745,0.14630872483221477
2026-06-08,H006,S010,Breathlessness,10,8.0,25.0,745,0.013422818791946308
2026-06-08,H006,S012,Loss of Taste,30,21.0,42.857142857142854,745,0.040268456375838924
2026-06-08,H006,S013,Loss of Smell,31,23.0,34.78260869565217,745,0.04161073825503356
2026-06-08,H006,S014,Muscle Pain,313,280.0,11.785714285714285,745,0.42013422818791946
2026-06-08,H006,S015,Joint Pain,143,139.0,2.877697841726619,745,0.1919463087248322
2026-06-08,H006,S016,Retro-orbital Pain,103,103.0,0.0,745,0.138255033557047
2026-06-08,H006,S017,Rash,44,44.0,0.0,745,0.05906040268456376
2026-06-08,H006,S018,Nausea,93,100.0,-7.000000000000001,745,0.12483221476510067
2026-06-08,H006,S019,Vomiting,131,138.0,-5.072463768115942,745,0.17583892617449665
2026-06-08,H006,S020,Diarrhoea,105,105.0,0.0,745,0.14093959731543623
2026-06-08,H006,S021,Abdominal Pain,69,79.0,-12.658227848101266,745,0.09261744966442953
2026-06-08,H006,S022,Loss of Appetite,26,26.0,0.0,745,0.0348993288590604
2026-06-08,H006,S023,Weight Loss,1,7.0,-85.71428571428571,745,0.0013422818791946308
2026-06-08,H006,S024,Night Sweats,8,11.0,-27.27272727272727,745,0.010738255033557046
2026-06-08,H006,S025,Bleeding,1,1.0,0.0,745,0.0013422818791946308
2026-06-08,H006,S026,Anaemia,3,3.0,0.0,745,0.004026845637583893
2026-06-08,H006,S027,Dehydration,8,1.0,700.0,745,0.010738255033557046
2026-06-08,H007,S001,Fever,585,576.0,1.5625,672,0.8705357142857143
2026-06-08,H007,S002,Headache,305,292.0,4.4520547945205475,672,0.4538690476190476
2026-06-08,H007,S003,Fatigue,138,154.0,-10.38961038961039,672,0.20535714285714285
2026-06-08,H007,S004,Chills,83,87.0,-4.597701149425287,672,0.12351190476190477
2026-06-08,H007,S005,Sweating,83,87.0,-4.597701149425287,672,0.12351190476190477
2026-06-08,H007,S006,Dry Cough,284,294.0,-3.4013605442176873,672,0.4226190476190476
2026-06-08,H007,S007,Persistent Cough,25,19.0,31.57894736842105,672,0.03720238095238095
2026-06-08,H007,S008,Sore Throat,181,187.0,-3.2085561497326207,672,0.2693452380952381
2026-06-08,H007,S009,Runny Nose,124,107.0,15.887850467289718,672,0.18452380952380953
2026-06-08,H007,S010,Breathlessness,8,9.0,-11.11111111111111,672,0.011904761904761904
2026-06-08,H007,S011,Chest Pain,4,2.0,100.0,672,0.005952380952380952
2026-06-08,H007,S012,Loss of Taste,15,23.0,-34.78260869565217,672,0.022321428571428572
2026-06-08,H007,S013,Loss of Smell,15,27.0,-44.44444444444444,672,0.022321428571428572
2026-06-08,H007,S014,Muscle Pain,270,244.0,10.655737704918032,672,0.4017857142857143
2026-06-08,H007,S015,Joint Pain,116,99.0,17.17171717171717,672,0.17261904761904762
2026-06-08,H007,S016,Retro-orbital Pain,78,81.0,-3.7037037037037033,672,0.11607142857142858
2026-06-08,H007,S017,Rash,33,32.0,3.125,672,0.049107142857142856
2026-06-08,H007,S018,Nausea,105,77.0,36.36363636363637,672,0.15625
2026-06-08,H007,S019,Vomiting,125,119.0,5.042016806722689,672,0.18601190476190477
2026-06-08,H007,S020,Diarrhoea,95,95.0,0.0,672,0.14136904761904762
2026-06-08,H007,S021,Abdominal Pain,73,73.0,0.0,672,0.10863095238095238
2026-06-08,H007,S022,Loss of Appetite,31,20.0,55.00000000000001,672,0.046130952380952384
2026-06-08,H007,S023,Weight Loss,5,6.0,-16.666666666666664,672,0.00744047619047619
2026-06-08,H007,S024,Night Sweats,13,8.0,62.5,672,0.019345238095238096
2026-06-08,H007,S025,Bleeding,1,1.0,0.0,672,0.001488095238095238
2026-06-08,H007,S026,Anaemia,3,2.0,50.0,672,0.004464285714285714
2026-06-08,H007,S027,Dehydration,1,4.0,-75.0,672,0.001488095238095238
2026-06-08,H008,S001,Fever,649,697.0,-6.886657101865136,749,0.8664886515353805
2026-06-08,H008,S002,Headache,310,345.0,-10.144927536231885,749,0.41388518024032045
2026-06-08,H008,S003,Fatigue,142,165.0,-13.939393939393941,749,0.18958611481975968
2026-06-08,H008,S004,Chills,100,103.0,-2.912621359223301,749,0.13351134846461948
2026-06-08,H008,S005,Sweating,100,103.0,-2.912621359223301,749,0.13351134846461948
2026-06-08,H008,S006,Dry Cough,304,333.0,-8.708708708708707,749,0.40587449933244324
2026-06-08,H008,S007,Persistent Cough,21,19.0,10.526315789473683,749,0.028037383177570093
2026-06-08,H008,S008,Sore Throat,188,225.0,-16.444444444444446,749,0.25100133511348466
2026-06-08,H008,S009,Runny Nose,120,124.0,-3.225806451612903,749,0.1602136181575434
2026-06-08,H008,S010,Breathlessness,6,16.0,-62.5,749,0.00801068090787717
2026-06-08,H008,S011,Chest Pain,1,1.0,0.0,749,0.0013351134846461949
2026-06-08,H008,S012,Loss of Taste,21,42.0,-50.0,749,0.028037383177570093
2026-06-08,H008,S013,Loss of Smell,22,41.0,-46.34146341463415,749,0.029372496662216287
2026-06-08,H008,S014,Muscle Pain,312,335.0,-6.865671641791045,749,0.4165554072096128
2026-06-08,H008,S015,Joint Pain,142,130.0,9.230769230769232,749,0.18958611481975968
2026-06-08,H008,S016,Retro-orbital Pain,111,129.0,-13.953488372093023,749,0.14819759679572764
2026-06-08,H008,S017,Rash,39,46.0,-15.217391304347828,749,0.0520694259012016
2026-06-08,H008,S018,Nausea,92,108.0,-14.814814814814813,749,0.12283044058744993
2026-06-08,H008,S019,Vomiting,132,135.0,-2.2222222222222223,749,0.17623497997329773
2026-06-08,H008,S020,Diarrhoea,95,97.0,-2.0618556701030926,749,0.1268357810413885
2026-06-08,H008,S021,Abdominal Pain,60,64.0,-6.25,749,0.0801068090787717
2026-06-08,H008,S022,Loss of Appetite,24,23.0,4.3478260869565215,749,0.03204272363150868
2026-06-08,H008,S023,Weight Loss,2,1.0,100.0,749,0.0026702269692923898
2026-06-08,H008,S024,Night Sweats,4,4.0,0.0,749,0.0053404539385847796
2026-06-08,H008,S025,Bleeding,1,4.0,-75.0,749,0.0013351134846461949
2026-06-08,H008,S026,Anaemia,1,4.0,-75.0,749,0.0013351134846461949
2026-06-08,H009,S001,Fever,528,527.0,0.18975332068311196,627,0.8421052631578947
2026-06-08,H009,S002,Headache,283,288.0,-1.7361111111111112,627,0.4513556618819777
2026-06-08,H009,S003,Fatigue,125,137.0,-8.75912408759124,627,0.19936204146730463
2026-06-08,H009,S004,Chills,74,99.0,-25.252525252525253,627,0.11802232854864433
2026-06-08,H009,S005,Sweating,74,99.0,-25.252525252525253,627,0.11802232854864433
2026-06-08,H009,S006,Dry Cough,229,228.0,0.43859649122807015,627,0.3652312599681021
2026-06-08,H009,S007,Persistent Cough,18,14.0,28.57142857142857,627,0.028708133971291867
2026-06-08,H009,S008,Sore Throat,146,139.0,5.0359712230215825,627,0.23285486443381181
2026-06-08,H009,S009,Runny Nose,80,80.0,0.0,627,0.12759170653907495
2026-06-08,H009,S010,Breathlessness,6,7.0,-14.285714285714285,627,0.009569377990430622
2026-06-08,H009,S012,Loss of Taste,12,18.0,-33.33333333333333,627,0.019138755980861243
2026-06-08,H009,S013,Loss of Smell,16,26.0,-38.46153846153847,627,0.025518341307814992
2026-06-08,H009,S014,Muscle Pain,268,232.0,15.517241379310345,627,0.4274322169059011
2026-06-08,H009,S015,Joint Pain,125,113.0,10.619469026548673,627,0.19936204146730463
2026-06-08,H009,S016,Retro-orbital Pain,92,83.0,10.843373493975903,627,0.1467304625199362
2026-06-08,H009,S017,Rash,42,38.0,10.526315789473683,627,0.06698564593301436
2026-06-08,H009,S018,Nausea,84,89.0,-5.617977528089887,627,0.1339712918660287
2026-06-08,H009,S019,Vomiting,113,126.0,-10.317460317460316,627,0.18022328548644337
2026-06-08,H009,S020,Diarrhoea,99,93.0,6.451612903225806,627,0.15789473684210525
2026-06-08,H009,S021,Abdominal Pain,68,61.0,11.475409836065573,627,0.10845295055821372
2026-06-08,H009,S022,Loss of Appetite,26,29.0,-10.344827586206897,627,0.04146730462519936
2026-06-08,H009,S023,Weight Loss,1,2.0,-50.0,627,0.001594896331738437
2026-06-08,H009,S024,Night Sweats,3,5.0,-40.0,627,0.004784688995215311
2026-06-08,H009,S025,Bleeding,4,1.0,300.0,627,0.006379585326953748
2026-06-08,H009,S026,Anaemia,2,1.0,100.0,627,0.003189792663476874
2026-06-08,H009,S027,Dehydration,3,,,627,0.004784688995215311
2026-06-08,H010,S001,Fever,832,840.0,-0.9523809523809524,971,0.8568486096807415
2026-06-08,H010,S002,Headache,416,425.0,-2.1176470588235294,971,0.42842430484037075
2026-06-08,H010,S003,Fatigue,167,199.0,-16.08040201005025,971,0.17198764160659114
2026-06-08,H010,S004,Chills,112,113.0,-0.8849557522123894,971,0.11534500514933059
2026-06-08,H010,S005,Sweating,112,113.0,-0.8849557522123894,971,0.11534500514933059
2026-06-08,H010,S006,Dry Cough,411,394.0,4.314720812182741,971,0.4232749742533471
2026-06-08,H010,S007,Persistent Cough,22,26.0,-15.384615384615385,971,0.02265705458290422
2026-06-08,H010,S008,Sore Throat,260,248.0,4.838709677419355,971,0.26776519052523173
2026-06-08,H010,S009,Runny Nose,180,148.0,21.62162162162162,971,0.18537590113285274
2026-06-08,H010,S010,Breathlessness,13,11.0,18.181818181818183,971,0.013388259526261586
2026-06-08,H010,S011,Chest Pain,1,1.0,0.0,971,0.0010298661174047373
2026-06-08,H010,S012,Loss of Taste,32,33.0,-3.0303030303030303,971,0.032955715756951595
2026-06-08,H010,S013,Loss of Smell,34,32.0,6.25,971,0.035015447991761074
2026-06-08,H010,S014,Muscle Pain,389,405.0,-3.950617283950617,971,0.40061791967044286
2026-06-08,H010,S015,Joint Pain,177,170.0,4.117647058823529,971,0.1822863027806385
2026-06-08,H010,S016,Retro-orbital Pain,123,135.0,-8.88888888888889,971,0.1266735324407827
2026-06-08,H010,S017,Rash,60,49.0,22.448979591836736,971,0.061791967044284246
2026-06-08,H010,S018,Nausea,132,146.0,-9.58904109589041,971,0.13594232749742532
2026-06-08,H010,S019,Vomiting,187,187.0,0.0,971,0.19258496395468588
2026-06-08,H010,S020,Diarrhoea,146,157.0,-7.006369426751593,971,0.15036045314109167
2026-06-08,H010,S021,Abdominal Pain,105,105.0,0.0,971,0.10813594232749743
2026-06-08,H010,S022,Loss of Appetite,38,34.0,11.76470588235294,971,0.03913491246138002
2026-06-08,H010,S023,Weight Loss,4,4.0,0.0,971,0.004119464469618949
2026-06-08,H010,S024,Night Sweats,10,17.0,-41.17647058823529,971,0.010298661174047374
2026-06-08,H010,S025,Bleeding,4,3.0,33.33333333333333,971,0.004119464469618949
2026-06-08,H010,S026,Anaemia,5,1.0,400.0,971,0.005149330587023687
2026-06-08,H010,S027,Dehydration,7,1.0,600.0,971,0.007209062821833162
2026-06-15,H001,S001,Fever,918,924.0,-0.6493506493506493,1062,0.864406779661017
2026-06-15,H001,S002,Headache,443,463.0,-4.319654427645788,1062,0.4171374764595104
2026-06-15,H001,S003,Fatigue,213,218.0,-2.293577981651376,1062,0.20056497175141244
2026-06-15,H001,S004,Chills,127,138.0,-7.971014492753622,1062,0.11958568738229755
2026-06-15,H001,S005,Sweating,127,138.0,-7.971014492753622,1062,0.11958568738229755
2026-06-15,H001,S006,Dry Cough,494,474.0,4.219409282700422,1062,0.4651600753295669
2026-06-15,H001,S007,Persistent Cough,31,35.0,-11.428571428571429,1062,0.02919020715630885
2026-06-15,H001,S008,Sore Throat,330,313.0,5.431309904153355,1062,0.3107344632768362
2026-06-15,H001,S009,Runny Nose,183,171.0,7.017543859649122,1062,0.17231638418079095
2026-06-15,H001,S010,Breathlessness,17,13.0,30.76923076923077,1062,0.0160075329566855
2026-06-15,H001,S011,Chest Pain,3,2.0,50.0,1062,0.002824858757062147
2026-06-15,H001,S012,Loss of Taste,44,37.0,18.91891891891892,1062,0.04143126177024482
2026-06-15,H001,S013,Loss of Smell,44,40.0,10.0,1062,0.04143126177024482
2026-06-15,H001,S014,Muscle Pain,405,410.0,-1.2195121951219512,1062,0.3813559322033898
2026-06-15,H001,S015,Joint Pain,154,161.0,-4.3478260869565215,1062,0.14500941619585686
2026-06-15,H001,S016,Retro-orbital Pain,110,109.0,0.9174311926605505,1062,0.10357815442561205
2026-06-15,H001,S017,Rash,51,43.0,18.6046511627907,1062,0.0480225988700565
2026-06-15,H001,S018,Nausea,137,119.0,15.126050420168067,1062,0.12900188323917136
2026-06-15,H001,S019,Vomiting,180,174.0,3.4482758620689653,1062,0.1694915254237288
2026-06-15,H001,S020,Diarrhoea,152,137.0,10.948905109489052,1062,0.1431261770244821
2026-06-15,H001,S021,Abdominal Pain,106,103.0,2.912621359223301,1062,0.09981167608286252
2026-06-15,H001,S022,Loss of Appetite,39,43.0,-9.30232558139535,1062,0.03672316384180791
2026-06-15,H001,S023,Weight Loss,4,2.0,100.0,1062,0.003766478342749529
2026-06-15,H001,S024,Night Sweats,13,8.0,62.5,1062,0.01224105461393597
2026-06-15,H001,S026,Anaemia,2,3.0,-33.33333333333333,1062,0.0018832391713747645
2026-06-15,H001,S027,Dehydration,4,7.0,-42.857142857142854,1062,0.003766478342749529
2026-06-15,H002,S001,Fever,765,769.0,-0.5201560468140443,900,0.85
2026-06-15,H002,S002,Headache,373,382.0,-2.356020942408377,900,0.41444444444444445
2026-06-15,H002,S003,Fatigue,177,185.0,-4.324324324324325,900,0.19666666666666666
2026-06-15,H002,S004,Chills,114,86.0,32.55813953488372,900,0.12666666666666668
2026-06-15,H002,S005,Sweating,114,86.0,32.55813953488372,900,0.12666666666666668
2026-06-15,H002,S006,Dry Cough,374,415.0,-9.879518072289157,900,0.41555555555555557
2026-06-15,H002,S007,Persistent Cough,34,29.0,17.24137931034483,900,0.03777777777777778
2026-06-15,H002,S008,Sore Throat,247,256.0,-3.515625,900,0.27444444444444444
2026-06-15,H002,S009,Runny Nose,137,165.0,-16.969696969696972,900,0.15222222222222223
2026-06-15,H002,S010,Breathlessness,10,4.0,150.0,900,0.011111111111111112
2026-06-15,H002,S011,Chest Pain,2,2.0,0.0,900,0.0022222222222222222
2026-06-15,H002,S012,Loss of Taste,29,28.0,3.571428571428571,900,0.03222222222222222
2026-06-15,H002,S013,Loss of Smell,26,27.0,-3.7037037037037033,900,0.028888888888888888
2026-06-15,H002,S014,Muscle Pain,347,355.0,-2.2535211267605635,900,0.38555555555555554
2026-06-15,H002,S015,Joint Pain,145,147.0,-1.3605442176870748,900,0.16111111111111112
2026-06-15,H002,S016,Retro-orbital Pain,112,114.0,-1.7543859649122806,900,0.12444444444444444
2026-06-15,H002,S017,Rash,56,43.0,30.23255813953488,900,0.06222222222222222
2026-06-15,H002,S018,Nausea,136,110.0,23.636363636363637,900,0.1511111111111111
2026-06-15,H002,S019,Vomiting,174,144.0,20.833333333333336,900,0.19333333333333333
2026-06-15,H002,S020,Diarrhoea,135,120.0,12.5,900,0.15
2026-06-15,H002,S021,Abdominal Pain,94,84.0,11.904761904761903,900,0.10444444444444445
2026-06-15,H002,S022,Loss of Appetite,33,41.0,-19.51219512195122,900,0.03666666666666667
2026-06-15,H002,S023,Weight Loss,9,3.0,200.0,900,0.01
2026-06-15,H002,S024,Night Sweats,14,10.0,40.0,900,0.015555555555555555
2026-06-15,H002,S025,Bleeding,3,5.0,-40.0,900,0.0033333333333333335
2026-06-15,H002,S026,Anaemia,2,1.0,100.0,900,0.0022222222222222222
2026-06-15,H002,S027,Dehydration,1,4.0,-75.0,900,0.0011111111111111111
2026-06-15,H003,S001,Fever,916,920.0,-0.43478260869565216,1061,0.8633364750235627
2026-06-15,H003,S002,Headache,501,460.0,8.91304347826087,1061,0.472196041470311
2026-06-15,H003,S003,Fatigue,202,192.0,5.208333333333334,1061,0.19038642789820923
2026-06-15,H003,S004,Chills,143,150.0,-4.666666666666667,1061,0.1347785108388313
2026-06-15,H003,S005,Sweating,143,150.0,-4.666666666666667,1061,0.1347785108388313
2026-06-15,H003,S006,Dry Cough,382,415.0,-7.951807228915662,1061,0.3600377002827521
2026-06-15,H003,S007,Persistent Cough,31,31.0,0.0,1061,0.029217719132893498
2026-06-15,H003,S008,Sore Throat,229,263.0,-12.927756653992395,1061,0.21583411875589067
2026-06-15,H003,S009,Runny Nose,150,169.0,-11.242603550295858,1061,0.1413760603204524
2026-06-15,H003,S010,Breathlessness,4,12.0,-66.66666666666666,1061,0.003770028275212064
2026-06-15,H003,S011,Chest Pain,4,3.0,33.33333333333333,1061,0.003770028275212064
2026-06-15,H003,S012,Loss of Taste,24,33.0,-27.27272727272727,1061,0.022620169651272386
2026-06-15,H003,S013,Loss of Smell,25,32.0,-21.875,1061,0.0235626767200754
2026-06-15,H003,S014,Muscle Pain,447,436.0,2.522935779816514,1061,0.4213006597549482
2026-06-15,H003,S015,Joint Pain,209,196.0,6.63265306122449,1061,0.19698397737983034
2026-06-15,H003,S016,Retro-orbital Pain,178,155.0,14.838709677419354,1061,0.16776625824693686
2026-06-15,H003,S017,Rash,70,53.0,32.075471698113205,1061,0.06597549481621112
2026-06-15,H003,S018,Nausea,157,135.0,16.296296296296298,1061,0.14797360980207352
2026-06-15,H003,S019,Vomiting,197,187.0,5.347593582887701,1061,0.18567389255419417
2026-06-15,H003,S020,Diarrhoea,151,154.0,-1.948051948051948,1061,0.1423185673892554
2026-06-15,H003,S021,Abdominal Pain,111,116.0,-4.310344827586207,1061,0.10461828463713478
2026-06-15,H003,S022,Loss of Appetite,39,40.0,-2.5,1061,0.036757775683317624
2026-06-15,H003,S023,Weight Loss,8,6.0,33.33333333333333,1061,0.007540056550424128
2026-06-15,H003,S024,Night Sweats,15,11.0,36.36363636363637,1061,0.01413760603204524
2026-06-15,H003,S025,Bleeding,5,3.0,66.66666666666666,1061,0.00471253534401508
2026-06-15,H003,S026,Anaemia,5,3.0,66.66666666666666,1061,0.00471253534401508
2026-06-15,H003,S027,Dehydration,8,10.0,-20.0,1061,0.007540056550424128
2026-06-15,H004,S001,Fever,873,890.0,-1.9101123595505618,1036,0.8426640926640927
2026-06-15,H004,S002,Headache,428,429.0,-0.2331002331002331,1036,0.41312741312741313
2026-06-15,H004,S003,Fatigue,213,211.0,0.9478672985781991,1036,0.2055984555984556
2026-06-15,H004,S004,Chills,120,127.0,-5.511811023622047,1036,0.11583011583011583
2026-06-15,H004,S005,Sweating,120,127.0,-5.511811023622047,1036,0.11583011583011583
2026-06-15,H004,S006,Dry Cough,453,454.0,-0.22026431718061676,1036,0.4372586872586873
2026-06-15,H004,S007,Persistent Cough,25,33.0,-24.242424242424242,1036,0.02413127413127413
2026-06-15,H004,S008,Sore Throat,285,295.0,-3.389830508474576,1036,0.2750965250965251
2026-06-15,H004,S009,Runny Nose,163,175.0,-6.857142857142858,1036,0.15733590733590733
2026-06-15,H004,S010,Breathlessness,9,11.0,-18.181818181818183,1036,0.008687258687258687
2026-06-15,H004,S011,Chest Pain,2,4.0,-50.0,1036,0.0019305019305019305
2026-06-15,H004,S012,Loss of Taste,32,28.0,14.285714285714285,1036,0.03088803088803089
2026-06-15,H004,S013,Loss of Smell,31,31.0,0.0,1036,0.029922779922779922
2026-06-15,H004,S014,Muscle Pain,381,398.0,-4.271356783919598,1036,0.36776061776061775
2026-06-15,H004,S015,Joint Pain,144,169.0,-14.792899408284024,1036,0.138996138996139
2026-06-15,H004,S016,Retro-orbital Pain,130,126.0,3.1746031746031744,1036,0.12548262548262548
2026-06-15,H004,S017,Rash,56,57.0,-1.7543859649122806,1036,0.05405405405405406
2026-06-15,H004,S018,Nausea,169,157.0,7.643312101910828,1036,0.16312741312741313
2026-06-15,H004,S019,Vomiting,215,201.0,6.965174129353234,1036,0.20752895752895753
2026-06-15,H004,S020,Diarrhoea,174,159.0,9.433962264150944,1036,0.16795366795366795
2026-06-15,H004,S021,Abdominal Pain,129,93.0,38.70967741935484,1036,0.12451737451737452
2026-06-15,H004,S022,Loss of Appetite,41,29.0,41.37931034482759,1036,0.03957528957528957
2026-06-15,H004,S023,Weight Loss,5,9.0,-44.44444444444444,1036,0.004826254826254826
2026-06-15,H004,S024,Night Sweats,10,14.0,-28.57142857142857,1036,0.009652509652509652
2026-06-15,H004,S026,Anaemia,5,3.0,66.66666666666666,1036,0.004826254826254826
2026-06-15,H004,S027,Dehydration,5,7.0,-28.57142857142857,1036,0.004826254826254826
2026-06-15,H005,S001,Fever,783,795.0,-1.509433962264151,925,0.8464864864864865
2026-06-15,H005,S002,Headache,389,412.0,-5.582524271844661,925,0.4205405405405405
2026-06-15,H005,S003,Fatigue,201,177.0,13.559322033898304,925,0.2172972972972973
2026-06-15,H005,S004,Chills,120,123.0,-2.4390243902439024,925,0.12972972972972974
2026-06-15,H005,S005,Sweating,120,123.0,-2.4390243902439024,925,0.12972972972972974
2026-06-15,H005,S006,Dry Cough,365,363.0,0.5509641873278237,925,0.3945945945945946
2026-06-15,H005,S007,Persistent Cough,33,29.0,13.793103448275861,925,0.03567567567567568
2026-06-15,H005,S008,Sore Throat,249,238.0,4.621848739495799,925,0.2691891891891892
2026-06-15,H005,S009,Runny Nose,140,149.0,-6.0402684563758395,925,0.15135135135135136
2026-06-15,H005,S010,Breathlessness,14,16.0,-12.5,925,0.015135135135135135
2026-06-15,H005,S011,Chest Pain,3,2.0,50.0,925,0.003243243243243243
2026-06-15,H005,S012,Loss of Taste,32,30.0,6.666666666666667,925,0.034594594594594595
2026-06-15,H005,S013,Loss of Smell,33,34.0,-2.941176470588235,925,0.03567567567567568
2026-06-15,H005,S014,Muscle Pain,336,366.0,-8.19672131147541,925,0.36324324324324325
2026-06-15,H005,S015,Joint Pain,131,159.0,-17.61006289308176,925,0.14162162162162162
2026-06-15,H005,S016,Retro-orbital Pain,122,142.0,-14.084507042253522,925,0.1318918918918919
2026-06-15,H005,S017,Rash,44,61.0,-27.86885245901639,925,0.04756756756756757
2026-06-15,H005,S018,Nausea,130,142.0,-8.450704225352112,925,0.14054054054054055
2026-06-15,H005,S019,Vomiting,181,182.0,-0.5494505494505495,925,0.19567567567567568
2026-06-15,H005,S020,Diarrhoea,149,149.0,0.0,925,0.16108108108108107
2026-06-15,H005,S021,Abdominal Pain,114,90.0,26.666666666666668,925,0.12324324324324325
2026-06-15,H005,S022,Loss of Appetite,44,38.0,15.789473684210526,925,0.04756756756756757
2026-06-15,H005,S023,Weight Loss,6,6.0,0.0,925,0.006486486486486486
2026-06-15,H005,S024,Night Sweats,12,12.0,0.0,925,0.012972972972972972
2026-06-15,H005,S025,Bleeding,5,3.0,66.66666666666666,925,0.005405405405405406
2026-06-15,H005,S026,Anaemia,4,2.0,100.0,925,0.004324324324324324
2026-06-15,H005,S027,Dehydration,12,3.0,300.0,925,0.012972972972972972
2026-06-15,H006,S001,Fever,633,636.0,-0.4716981132075472,745,0.8496644295302014
2026-06-15,H006,S002,Headache,341,311.0,9.646302250803858,745,0.4577181208053691
2026-06-15,H006,S003,Fatigue,135,164.0,-17.682926829268293,745,0.18120805369127516
2026-06-15,H006,S004,Chills,103,75.0,37.333333333333336,745,0.138255033557047
2026-06-15,H006,S005,Sweating,103,75.0,37.333333333333336,745,0.138255033557047
2026-06-15,H006,S006,Dry Cough,292,308.0,-5.194805194805195,745,0.3919463087248322
2026-06-15,H006,S007,Persistent Cough,27,32.0,-15.625,745,0.036241610738255034
2026-06-15,H006,S008,Sore Throat,170,194.0,-12.371134020618557,745,0.22818791946308725
2026-06-15,H006,S009,Runny Nose,110,109.0,0.9174311926605505,745,0.1476510067114094
2026-06-15,H006,S010,Breathlessness,7,10.0,-30.0,745,0.009395973154362415
2026-06-15,H006,S011,Chest Pain,2,4.0,-50.0,745,0.0026845637583892616
2026-06-15,H006,S012,Loss of Taste,13,30.0,-56.666666666666664,745,0.0174496644295302
2026-06-15,H006,S013,Loss of Smell,10,31.0,-67.74193548387096,745,0.013422818791946308
2026-06-15,H006,S014,Muscle Pain,292,313.0,-6.7092651757188495,745,0.3919463087248322
2026-06-15,H006,S015,Joint Pain,129,143.0,-9.79020979020979,745,0.17315436241610738
2026-06-15,H006,S016,Retro-orbital Pain,102,103.0,-0.9708737864077669,745,0.13691275167785236
2026-06-15,H006,S017,Rash,45,44.0,2.272727272727273,745,0.06040268456375839
2026-06-15,H006,S018,Nausea,101,93.0,8.60215053763441,745,0.13557046979865772
2026-06-15,H006,S019,Vomiting,135,131.0,3.0534351145038165,745,0.18120805369127516
2026-06-15,H006,S020,Diarrhoea,107,105.0,1.9047619047619049,745,0.1436241610738255
2026-06-15,H006,S021,Abdominal Pain,84,69.0,21.73913043478261,745,0.11275167785234899
2026-06-15,H006,S022,Loss of Appetite,30,26.0,15.384615384615385,745,0.040268456375838924
2026-06-15,H006,S023,Weight Loss,3,1.0,200.0,745,0.004026845637583893
2026-06-15,H006,S024,Night Sweats,9,8.0,12.5,745,0.012080536912751677
2026-06-15,H006,S025,Bleeding,4,1.0,300.0,745,0.005369127516778523
2026-06-15,H006,S027,Dehydration,3,8.0,-62.5,745,0.004026845637583893
2026-06-15,H007,S001,Fever,565,585.0,-3.418803418803419,665,0.849624060150376
2026-06-15,H007,S002,Headache,285,305.0,-6.557377049180328,665,0.42857142857142855
2026-06-15,H007,S003,Fatigue,129,138.0,-6.521739130434782,665,0.19398496240601504
2026-06-15,H007,S004,Chills,84,83.0,1.2048192771084338,665,0.12631578947368421
2026-06-15,H007,S005,Sweating,84,83.0,1.2048192771084338,665,0.12631578947368421
2026-06-15,H007,S006,Dry Cough,299,284.0,5.28169014084507,665,0.4496240601503759
2026-06-15,H007,S007,Persistent Cough,19,25.0,-24.0,665,0.02857142857142857
2026-06-15,H007,S008,Sore Throat,201,181.0,11.049723756906078,665,0.3022556390977444
2026-06-15,H007,S009,Runny Nose,121,124.0,-2.4193548387096775,665,0.18195488721804512
2026-06-15,H007,S010,Breathlessness,9,8.0,12.5,665,0.013533834586466165
2026-06-15,H007,S011,Chest Pain,2,4.0,-50.0,665,0.0030075187969924814
2026-06-15,H007,S012,Loss of Taste,24,15.0,60.0,665,0.03609022556390978
2026-06-15,H007,S013,Loss of Smell,20,15.0,33.33333333333333,665,0.03007518796992481
2026-06-15,H007,S014,Muscle Pain,269,270.0,-0.3703703703703704,665,0.4045112781954887
2026-06-15,H007,S015,Joint Pain,106,116.0,-8.620689655172415,665,0.1593984962406015
2026-06-15,H007,S016,Retro-orbital Pain,79,78.0,1.282051282051282,665,0.11879699248120301
2026-06-15,H007,S017,Rash,26,33.0,-21.21212121212121,665,0.039097744360902256
2026-06-15,H007,S018,Nausea,82,105.0,-21.904761904761905,665,0.12330827067669173
2026-06-15,H007,S019,Vomiting,113,125.0,-9.6,665,0.1699248120300752
2026-06-15,H007,S020,Diarrhoea,93,95.0,-2.1052631578947367,665,0.13984962406015036
2026-06-15,H007,S021,Abdominal Pain,61,73.0,-16.43835616438356,665,0.09172932330827067
2026-06-15,H007,S022,Loss of Appetite,24,31.0,-22.58064516129032,665,0.03609022556390978
2026-06-15,H007,S023,Weight Loss,2,5.0,-60.0,665,0.0030075187969924814
2026-06-15,H007,S024,Night Sweats,7,13.0,-46.15384615384615,665,0.010526315789473684
2026-06-15,H007,S025,Bleeding,2,1.0,100.0,665,0.0030075187969924814
2026-06-15,H007,S027,Dehydration,2,1.0,100.0,665,0.0030075187969924814
2026-06-15,H008,S001,Fever,649,649.0,0.0,762,0.8517060367454068
2026-06-15,H008,S002,Headache,328,310.0,5.806451612903226,762,0.4304461942257218
2026-06-15,H008,S003,Fatigue,182,142.0,28.169014084507044,762,0.2388451443569554
2026-06-15,H008,S004,Chills,92,100.0,-8.0,762,0.12073490813648294
2026-06-15,H008,S005,Sweating,92,100.0,-8.0,762,0.12073490813648294
2026-06-15,H008,S006,Dry Cough,323,304.0,6.25,762,0.4238845144356955
2026-06-15,H008,S007,Persistent Cough,27,21.0,28.57142857142857,762,0.03543307086614173
2026-06-15,H008,S008,Sore Throat,219,188.0,16.48936170212766,762,0.2874015748031496
2026-06-15,H008,S009,Runny Nose,120,120.0,0.0,762,0.15748031496062992
2026-06-15,H008,S010,Breathlessness,11,6.0,83.33333333333334,762,0.014435695538057743
2026-06-15,H008,S011,Chest Pain,2,1.0,100.0,762,0.0026246719160104987
2026-06-15,H008,S012,Loss of Taste,29,21.0,38.095238095238095,762,0.03805774278215223
2026-06-15,H008,S013,Loss of Smell,26,22.0,18.181818181818183,762,0.03412073490813648
2026-06-15,H008,S014,Muscle Pain,293,312.0,-6.089743589743589,762,0.38451443569553806
2026-06-15,H008,S015,Joint Pain,134,142.0,-5.633802816901409,762,0.17585301837270342
2026-06-15,H008,S016,Retro-orbital Pain,100,111.0,-9.90990990990991,762,0.13123359580052493
2026-06-15,H008,S017,Rash,54,39.0,38.46153846153847,762,0.07086614173228346
2026-06-15,H008,S018,Nausea,111,92.0,20.652173913043477,762,0.14566929133858267
2026-06-15,H008,S019,Vomiting,143,132.0,8.333333333333332,762,0.18766404199475065
2026-06-15,H008,S020,Diarrhoea,113,95.0,18.947368421052634,762,0.14829396325459318
2026-06-15,H008,S021,Abdominal Pain,82,60.0,36.666666666666664,762,0.10761154855643044
2026-06-15,H008,S022,Loss of Appetite,21,24.0,-12.5,762,0.027559055118110236
2026-06-15,H008,S023,Weight Loss,4,2.0,100.0,762,0.005249343832020997
2026-06-15,H008,S024,Night Sweats,6,4.0,50.0,762,0.007874015748031496
2026-06-15,H008,S026,Anaemia,1,1.0,0.0,762,0.0013123359580052493
2026-06-15,H008,S027,Dehydration,5,6.0,-16.666666666666664,762,0.006561679790026247
2026-06-15,H009,S001,Fever,515,528.0,-2.462121212121212,624,0.8253205128205128
2026-06-15,H009,S002,Headache,264,283.0,-6.713780918727916,624,0.4230769230769231
2026-06-15,H009,S003,Fatigue,108,125.0,-13.600000000000001,624,0.17307692307692307
2026-06-15,H009,S004,Chills,87,74.0,17.56756756756757,624,0.13942307692307693
2026-06-15,H009,S005,Sweating,87,74.0,17.56756756756757,624,0.13942307692307693
2026-06-15,H009,S006,Dry Cough,201,229.0,-12.22707423580786,624,0.32211538461538464
2026-06-15,H009,S007,Persistent Cough,22,18.0,22.22222222222222,624,0.035256410256410256
2026-06-15,H009,S008,Sore Throat,133,146.0,-8.904109589041095,624,0.21314102564102563
2026-06-15,H009,S009,Runny Nose,67,80.0,-16.25,624,0.10737179487179487
2026-06-15,H009,S010,Breathlessness,6,6.0,0.0,624,0.009615384615384616
2026-06-15,H009,S011,Chest Pain,1,2.0,-50.0,624,0.0016025641025641025
2026-06-15,H009,S012,Loss of Taste,14,12.0,16.666666666666664,624,0.022435897435897436
2026-06-15,H009,S013,Loss of Smell,17,16.0,6.25,624,0.027243589743589744
2026-06-15,H009,S014,Muscle Pain,237,268.0,-11.567164179104477,624,0.3798076923076923
2026-06-15,H009,S015,Joint Pain,111,125.0,-11.200000000000001,624,0.1778846153846154
2026-06-15,H009,S016,Retro-orbital Pain,89,92.0,-3.260869565217391,624,0.14262820512820512
2026-06-15,H009,S017,Rash,30,42.0,-28.57142857142857,624,0.04807692307692308
2026-06-15,H009,S018,Nausea,91,84.0,8.333333333333332,624,0.14583333333333334
2026-06-15,H009,S019,Vomiting,138,113.0,22.123893805309734,624,0.22115384615384615
2026-06-15,H009,S020,Diarrhoea,110,99.0,11.11111111111111,624,0.1762820512820513
2026-06-15,H009,S021,Abdominal Pain,84,68.0,23.52941176470588,624,0.1346153846153846
2026-06-15,H009,S022,Loss of Appetite,33,26.0,26.923076923076923,624,0.052884615384615384
2026-06-15,H009,S023,Weight Loss,2,1.0,100.0,624,0.003205128205128205
2026-06-15,H009,S024,Night Sweats,8,3.0,166.66666666666669,624,0.01282051282051282
2026-06-15,H009,S025,Bleeding,3,4.0,-25.0,624,0.004807692307692308
2026-06-15,H009,S026,Anaemia,1,2.0,-50.0,624,0.0016025641025641025
2026-06-15,H009,S027,Dehydration,4,3.0,33.33333333333333,624,0.00641025641025641
2026-06-15,H010,S001,Fever,799,832.0,-3.9663461538461537,972,0.8220164609053497
2026-06-15,H010,S002,Headache,407,416.0,-2.1634615384615383,972,0.41872427983539096
2026-06-15,H010,S003,Fatigue,177,167.0,5.9880239520958085,972,0.18209876543209877
2026-06-15,H010,S004,Chills,121,112.0,8.035714285714286,972,0.12448559670781893
2026-06-15,H010,S005,Sweating,121,112.0,8.035714285714286,972,0.12448559670781893
2026-06-15,H010,S006,Dry Cough,403,411.0,-1.9464720194647203,972,0.41460905349794236
2026-06-15,H010,S007,Persistent Cough,41,22.0,86.36363636363636,972,0.04218106995884774
2026-06-15,H010,S008,Sore Throat,251,260.0,-3.4615384615384617,972,0.25823045267489714
2026-06-15,H010,S009,Runny Nose,180,180.0,0.0,972,0.18518518518518517
2026-06-15,H010,S010,Breathlessness,5,13.0,-61.53846153846154,972,0.0051440329218107
2026-06-15,H010,S011,Chest Pain,6,1.0,500.0,972,0.006172839506172839
2026-06-15,H010,S012,Loss of Taste,21,32.0,-34.375,972,0.021604938271604937
2026-06-15,H010,S013,Loss of Smell,24,34.0,-29.411764705882355,972,0.024691358024691357
2026-06-15,H010,S014,Muscle Pain,377,389.0,-3.0848329048843186,972,0.38786008230452673
2026-06-15,H010,S015,Joint Pain,145,177.0,-18.07909604519774,972,0.14917695473251028
2026-06-15,H010,S016,Retro-orbital Pain,115,123.0,-6.504065040650407,972,0.1183127572016461
2026-06-15,H010,S017,Rash,51,60.0,-15.0,972,0.05246913580246913
2026-06-15,H010,S018,Nausea,149,132.0,12.878787878787879,972,0.15329218106995884
2026-06-15,H010,S019,Vomiting,202,187.0,8.02139037433155,972,0.20781893004115226
2026-06-15,H010,S020,Diarrhoea,162,146.0,10.95890410958904,972,0.16666666666666666
2026-06-15,H010,S021,Abdominal Pain,108,105.0,2.857142857142857,972,0.1111111111111111
2026-06-15,H010,S022,Loss of Appetite,39,38.0,2.631578947368421,972,0.040123456790123455
2026-06-15,H010,S023,Weight Loss,9,4.0,125.0,972,0.009259259259259259
2026-06-15,H010,S024,Night Sweats,14,10.0,40.0,972,0.01440329218106996
2026-06-15,H010,S025,Bleeding,5,4.0,25.0,972,0.0051440329218107
2026-06-15,H010,S026,Anaemia,3,5.0,-40.0,972,0.0030864197530864196
2026-06-15,H010,S027,Dehydration,3,7.0,-57.14285714285714,972,0.0030864197530864196
2026-06-22,H001,S001,Fever,943,918.0,2.7233115468409586,1068,0.8829588014981273
2026-06-22,H001,S002,Headache,485,443.0,9.480812641083523,1068,0.4541198501872659
2026-06-22,H001,S003,Fatigue,229,213.0,7.511737089201878,1068,0.2144194756554307
2026-06-22,H001,S004,Chills,128,127.0,0.7874015748031495,1068,0.1198501872659176
2026-06-22,H001,S005,Sweating,128,127.0,0.7874015748031495,1068,0.1198501872659176
2026-06-22,H001,S006,Dry Cough,493,494.0,-0.20242914979757085,1068,0.4616104868913858
2026-06-22,H001,S007,Persistent Cough,24,31.0,-22.58064516129032,1068,0.02247191011235955
2026-06-22,H001,S008,Sore Throat,303,330.0,-8.181818181818182,1068,0.28370786516853935
2026-06-22,H001,S009,Runny Nose,197,183.0,7.650273224043716,1068,0.18445692883895132
2026-06-22,H001,S010,Breathlessness,12,17.0,-29.411764705882355,1068,0.011235955056179775
2026-06-22,H001,S011,Chest Pain,3,3.0,0.0,1068,0.0028089887640449437
2026-06-22,H001,S012,Loss of Taste,41,44.0,-6.8181818181818175,1068,0.03838951310861423
2026-06-22,H001,S013,Loss of Smell,42,44.0,-4.545454545454546,1068,0.03932584269662921
2026-06-22,H001,S014,Muscle Pain,436,405.0,7.654320987654321,1068,0.40823970037453183
2026-06-22,H001,S015,Joint Pain,164,154.0,6.493506493506493,1068,0.15355805243445692
2026-06-22,H001,S016,Retro-orbital Pain,129,110.0,17.272727272727273,1068,0.12078651685393259
2026-06-22,H001,S017,Rash,50,51.0,-1.9607843137254901,1068,0.04681647940074907
2026-06-22,H001,S018,Nausea,116,137.0,-15.328467153284672,1068,0.10861423220973783
2026-06-22,H001,S019,Vomiting,168,180.0,-6.666666666666667,1068,0.15730337078651685
2026-06-22,H001,S020,Diarrhoea,132,152.0,-13.157894736842104,1068,0.12359550561797752
2026-06-22,H001,S021,Abdominal Pain,93,106.0,-12.264150943396226,1068,0.08707865168539326
2026-06-22,H001,S022,Loss of Appetite,38,39.0,-2.564102564102564,1068,0.035580524344569285
2026-06-22,H001,S023,Weight Loss,6,4.0,50.0,1068,0.0056179775280898875
2026-06-22,H001,S024,Night Sweats,8,13.0,-38.46153846153847,1068,0.00749063670411985
2026-06-22,H001,S025,Bleeding,3,5.0,-40.0,1068,0.0028089887640449437
2026-06-22,H001,S026,Anaemia,6,2.0,200.0,1068,0.0056179775280898875
2026-06-22,H001,S027,Dehydration,3,4.0,-25.0,1068,0.0028089887640449437
2026-06-22,H002,S001,Fever,782,765.0,2.2222222222222223,888,0.8806306306306306
2026-06-22,H002,S002,Headache,386,373.0,3.485254691689008,888,0.4346846846846847
2026-06-22,H002,S003,Fatigue,166,177.0,-6.214689265536723,888,0.18693693693693694
2026-06-22,H002,S004,Chills,104,114.0,-8.771929824561402,888,0.11711711711711711
2026-06-22,H002,S005,Sweating,104,114.0,-8.771929824561402,888,0.11711711711711711
2026-06-22,H002,S006,Dry Cough,420,374.0,12.299465240641712,888,0.47297297297297297
2026-06-22,H002,S007,Persistent Cough,20,34.0,-41.17647058823529,888,0.02252252252252252
2026-06-22,H002,S008,Sore Throat,288,247.0,16.599190283400812,888,0.32432432432432434
2026-06-22,H002,S009,Runny Nose,170,137.0,24.087591240875913,888,0.19144144144144143
2026-06-22,H002,S010,Breathlessness,17,10.0,70.0,888,0.019144144144144143
2026-06-22,H002,S012,Loss of Taste,31,29.0,6.896551724137931,888,0.03490990990990991
2026-06-22,H002,S013,Loss of Smell,35,26.0,34.61538461538461,888,0.039414414414414414
2026-06-22,H002,S014,Muscle Pain,383,347.0,10.37463976945245,888,0.4313063063063063
2026-06-22,H002,S015,Joint Pain,143,145.0,-1.3793103448275863,888,0.16103603603603603
2026-06-22,H002,S016,Retro-orbital Pain,116,112.0,3.571428571428571,888,0.13063063063063063
2026-06-22,H002,S017,Rash,36,56.0,-35.714285714285715,888,0.04054054054054054
2026-06-22,H002,S018,Nausea,94,136.0,-30.88235294117647,888,0.10585585585585586
2026-06-22,H002,S019,Vomiting,140,174.0,-19.54022988505747,888,0.15765765765765766
2026-06-22,H002,S020,Diarrhoea,102,135.0,-24.444444444444443,888,0.11486486486486487
2026-06-22,H002,S021,Abdominal Pain,71,94.0,-24.46808510638298,888,0.07995495495495496
2026-06-22,H002,S022,Loss of Appetite,24,33.0,-27.27272727272727,888,0.02702702702702703
2026-06-22,H002,S023,Weight Loss,1,9.0,-88.88888888888889,888,0.0011261261261261261
2026-06-22,H002,S024,Night Sweats,7,14.0,-50.0,888,0.007882882882882882
2026-06-22,H002,S025,Bleeding,1,3.0,-66.66666666666666,888,0.0011261261261261261
2026-06-22,H002,S027,Dehydration,4,1.0,300.0,888,0.0045045045045045045
2026-06-22,H003,S001,Fever,963,916.0,5.131004366812228,1095,0.8794520547945206
2026-06-22,H003,S002,Headache,496,501.0,-0.998003992015968,1095,0.4529680365296804
2026-06-22,H003,S003,Fatigue,220,202.0,8.91089108910891,1095,0.2009132420091324
2026-06-22,H003,S004,Chills,163,143.0,13.986013986013987,1095,0.14885844748858448
2026-06-22,H003,S005,Sweating,163,143.0,13.986013986013987,1095,0.14885844748858448
2026-06-22,H003,S006,Dry Cough,408,382.0,6.806282722513089,1095,0.3726027397260274
2026-06-22,H003,S007,Persistent Cough,24,31.0,-22.58064516129032,1095,0.021917808219178082
2026-06-22,H003,S008,Sore Throat,245,229.0,6.986899563318777,1095,0.2237442922374429
2026-06-22,H003,S009,Runny Nose,143,150.0,-4.666666666666667,1095,0.13059360730593608
2026-06-22,H003,S010,Breathlessness,9,4.0,125.0,1095,0.00821917808219178
2026-06-22,H003,S011,Chest Pain,1,4.0,-75.0,1095,0.0009132420091324201
2026-06-22,H003,S012,Loss of Taste,36,24.0,50.0,1095,0.03287671232876712
2026-06-22,H003,S013,Loss of Smell,38,25.0,52.0,1095,0.034703196347031964
2026-06-22,H003,S014,Muscle Pain,437,447.0,-2.237136465324385,1095,0.39908675799086757
2026-06-22,H003,S015,Joint Pain,229,209.0,9.569377990430622,1095,0.2091324200913242
2026-06-22,H003,S016,Retro-orbital Pain,171,178.0,-3.932584269662921,1095,0.15616438356164383
2026-06-22,H003,S017,Rash,71,70.0,1.4285714285714286,1095,0.06484018264840183
2026-06-22,H003,S018,Nausea,149,157.0,-5.095541401273886,1095,0.13607305936073058
2026-06-22,H003,S019,Vomiting,186,197.0,-5.583756345177665,1095,0.16986301369863013
2026-06-22,H003,S020,Diarrhoea,140,151.0,-7.28476821192053,1095,0.1278538812785388
2026-06-22,H003,S021,Abdominal Pain,98,111.0,-11.711711711711711,1095,0.08949771689497717
2026-06-22,H003,S022,Loss of Appetite,33,39.0,-15.384615384615385,1095,0.030136986301369864
2026-06-22,H003,S023,Weight Loss,2,8.0,-75.0,1095,0.0018264840182648401
2026-06-22,H003,S024,Night Sweats,10,15.0,-33.33333333333333,1095,0.0091324200913242
2026-06-22,H003,S025,Bleeding,7,5.0,40.0,1095,0.006392694063926941
2026-06-22,H003,S026,Anaemia,2,5.0,-60.0,1095,0.0018264840182648401
2026-06-22,H003,S027,Dehydration,5,8.0,-37.5,1095,0.0045662100456621
2026-06-22,H004,S001,Fever,898,873.0,2.86368843069874,1022,0.8786692759295499
2026-06-22,H004,S002,Headache,442,428.0,3.2710280373831773,1022,0.4324853228962818
2026-06-22,H004,S003,Fatigue,219,213.0,2.8169014084507045,1022,0.21428571428571427
2026-06-22,H004,S004,Chills,112,120.0,-6.666666666666667,1022,0.1095890410958904
2026-06-22,H004,S005,Sweating,112,120.0,-6.666666666666667,1022,0.1095890410958904
2026-06-22,H004,S006,Dry Cough,436,453.0,-3.7527593818984544,1022,0.42661448140900193
2026-06-22,H004,S007,Persistent Cough,22,25.0,-12.0,1022,0.021526418786692758
2026-06-22,H004,S008,Sore Throat,280,285.0,-1.7543859649122806,1022,0.273972602739726
2026-06-22,H004,S009,Runny Nose,171,163.0,4.9079754601226995,1022,0.16731898238747553
2026-06-22,H004,S010,Breathlessness,6,9.0,-33.33333333333333,1022,0.005870841487279843
2026-06-22,H004,S011,Chest Pain,4,2.0,100.0,1022,0.003913894324853229
2026-06-22,H004,S012,Loss of Taste,40,32.0,25.0,1022,0.03913894324853229
2026-06-22,H004,S013,Loss of Smell,32,31.0,3.225806451612903,1022,0.03131115459882583
2026-06-22,H004,S014,Muscle Pain,427,381.0,12.073490813648293,1022,0.4178082191780822
2026-06-22,H004,S015,Joint Pain,184,144.0,27.77777777777778,1022,0.18003913894324852
2026-06-22,H004,S016,Retro-orbital Pain,157,130.0,20.76923076923077,1022,0.15362035225048923
2026-06-22,H004,S017,Rash,66,56.0,17.857142857142858,1022,0.06457925636007827
2026-06-22,H004,S018,Nausea,149,169.0,-11.834319526627219,1022,0.14579256360078277
2026-06-22,H004,S019,Vomiting,190,215.0,-11.627906976744185,1022,0.18590998043052837
2026-06-22,H004,S020,Diarrhoea,149,174.0,-14.367816091954023,1022,0.14579256360078277
2026-06-22,H004,S021,Abdominal Pain,107,129.0,-17.05426356589147,1022,0.10469667318982387
2026-06-22,H004,S022,Loss of Appetite,31,41.0,-24.390243902439025,1022,0.030332681017612523
2026-06-22,H004,S023,Weight Loss,5,5.0,0.0,1022,0.004892367906066536
2026-06-22,H004,S024,Night Sweats,10,10.0,0.0,1022,0.009784735812133072
2026-06-22,H004,S025,Bleeding,4,4.0,0.0,1022,0.003913894324853229
2026-06-22,H004,S026,Anaemia,2,5.0,-60.0,1022,0.0019569471624266144
2026-06-22,H004,S027,Dehydration,11,5.0,120.0,1022,0.010763209393346379
2026-06-22,H005,S001,Fever,797,783.0,1.7879948914431671,946,0.8424947145877378
2026-06-22,H005,S002,Headache,400,389.0,2.827763496143959,946,0.42283298097251587
2026-06-22,H005,S003,Fatigue,198,201.0,-1.4925373134328357,946,0.20930232558139536
2026-06-22,H005,S004,Chills,109,120.0,-9.166666666666666,946,0.11522198731501057
2026-06-22,H005,S005,Sweating,109,120.0,-9.166666666666666,946,0.11522198731501057
2026-06-22,H005,S006,Dry Cough,398,365.0,9.04109589041096,946,0.42071881606765327
2026-06-22,H005,S007,Persistent Cough,29,33.0,-12.121212121212121,946,0.0306553911205074
2026-06-22,H005,S008,Sore Throat,258,249.0,3.614457831325301,946,0.2727272727272727
2026-06-22,H005,S009,Runny Nose,148,140.0,5.714285714285714,946,0.15644820295983086
2026-06-22,H005,S010,Breathlessness,11,14.0,-21.428571428571427,946,0.011627906976744186
2026-06-22,H005,S011,Chest Pain,3,3.0,0.0,946,0.003171247357293869
2026-06-22,H005,S012,Loss of Taste,34,32.0,6.25,946,0.035940803382663845
2026-06-22,H005,S013,Loss of Smell,34,33.0,3.0303030303030303,946,0.035940803382663845
2026-06-22,H005,S014,Muscle Pain,359,336.0,6.845238095238096,946,0.379492600422833
2026-06-22,H005,S015,Joint Pain,149,131.0,13.740458015267176,946,0.15750528541226216
2026-06-22,H005,S016,Retro-orbital Pain,117,122.0,-4.098360655737705,946,0.12367864693446089
2026-06-22,H005,S017,Rash,53,44.0,20.454545454545457,946,0.056025369978858354
2026-06-22,H005,S018,Nausea,141,130.0,8.461538461538462,946,0.14904862579281183
2026-06-22,H005,S019,Vomiting,185,181.0,2.209944751381215,946,0.19556025369978858
2026-06-22,H005,S020,Diarrhoea,162,149.0,8.724832214765101,946,0.17124735729386892
2026-06-22,H005,S021,Abdominal Pain,112,114.0,-1.7543859649122806,946,0.11839323467230443
2026-06-22,H005,S022,Loss of Appetite,42,44.0,-4.545454545454546,946,0.04439746300211417
2026-06-22,H005,S023,Weight Loss,4,6.0,-33.33333333333333,946,0.004228329809725159
2026-06-22,H005,S024,Night Sweats,11,12.0,-8.333333333333332,946,0.011627906976744186
2026-06-22,H005,S025,Bleeding,4,5.0,-20.0,946,0.004228329809725159
2026-06-22,H005,S027,Dehydration,8,12.0,-33.33333333333333,946,0.008456659619450317
2026-06-22,H006,S001,Fever,645,633.0,1.8957345971563981,772,0.8354922279792746
2026-06-22,H006,S002,Headache,326,341.0,-4.398826979472141,772,0.422279792746114
2026-06-22,H006,S003,Fatigue,161,135.0,19.25925925925926,772,0.20854922279792745
2026-06-22,H006,S004,Chills,98,103.0,-4.854368932038835,772,0.12694300518134716
2026-06-22,H006,S005,Sweating,98,103.0,-4.854368932038835,772,0.12694300518134716
2026-06-22,H006,S006,Dry Cough,301,292.0,3.0821917808219177,772,0.3898963730569948
2026-06-22,H006,S007,Persistent Cough,33,27.0,22.22222222222222,772,0.042746113989637305
2026-06-22,H006,S008,Sore Throat,198,170.0,16.470588235294116,772,0.25647668393782386
2026-06-22,H006,S009,Runny Nose,116,110.0,5.454545454545454,772,0.15025906735751296
2026-06-22,H006,S010,Breathlessness,7,7.0,0.0,772,0.009067357512953367
2026-06-22,H006,S011,Chest Pain,2,2.0,0.0,772,0.0025906735751295338
2026-06-22,H006,S012,Loss of Taste,26,13.0,100.0,772,0.03367875647668394
2026-06-22,H006,S013,Loss of Smell,22,10.0,120.0,772,0.02849740932642487
2026-06-22,H006,S014,Muscle Pain,301,292.0,3.0821917808219177,772,0.3898963730569948
2026-06-22,H006,S015,Joint Pain,136,129.0,5.426356589147287,772,0.17616580310880828
2026-06-22,H006,S016,Retro-orbital Pain,108,102.0,5.88235294117647,772,0.13989637305699482
2026-06-22,H006,S017,Rash,44,45.0,-2.2222222222222223,772,0.05699481865284974
2026-06-22,H006,S018,Nausea,108,101.0,6.9306930693069315,772,0.13989637305699482
2026-06-22,H006,S019,Vomiting,153,135.0,13.333333333333334,772,0.19818652849740934
2026-06-22,H006,S020,Diarrhoea,119,107.0,11.214953271028037,772,0.15414507772020725
2026-06-22,H006,S021,Abdominal Pain,89,84.0,5.952380952380952,772,0.11528497409326424
2026-06-22,H006,S022,Loss of Appetite,26,30.0,-13.333333333333334,772,0.03367875647668394
2026-06-22,H006,S023,Weight Loss,2,3.0,-33.33333333333333,772,0.0025906735751295338
2026-06-22,H006,S024,Night Sweats,10,9.0,11.11111111111111,772,0.012953367875647668
2026-06-22,H006,S025,Bleeding,5,4.0,25.0,772,0.006476683937823834
2026-06-22,H006,S026,Anaemia,6,3.0,100.0,772,0.007772020725388601
2026-06-22,H006,S027,Dehydration,9,3.0,200.0,772,0.011658031088082901
2026-06-22,H007,S001,Fever,561,565.0,-0.7079646017699115,655,0.8564885496183207
2026-06-22,H007,S002,Headache,285,285.0,0.0,655,0.4351145038167939
2026-06-22,H007,S003,Fatigue,145,129.0,12.4031007751938,655,0.22137404580152673
2026-06-22,H007,S004,Chills,63,84.0,-25.0,655,0.09618320610687023
2026-06-22,H007,S005,Sweating,63,84.0,-25.0,655,0.09618320610687023
2026-06-22,H007,S006,Dry Cough,280,299.0,-6.354515050167224,655,0.42748091603053434
2026-06-22,H007,S007,Persistent Cough,30,19.0,57.89473684210527,655,0.04580152671755725
2026-06-22,H007,S008,Sore Throat,181,201.0,-9.950248756218906,655,0.27633587786259545
2026-06-22,H007,S009,Runny Nose,117,121.0,-3.3057851239669422,655,0.17862595419847327
2026-06-22,H007,S010,Breathlessness,11,9.0,22.22222222222222,655,0.016793893129770993
2026-06-22,H007,S011,Chest Pain,3,2.0,50.0,655,0.004580152671755725
2026-06-22,H007,S012,Loss of Taste,26,24.0,8.333333333333332,655,0.03969465648854962
2026-06-22,H007,S013,Loss of Smell,29,20.0,45.0,655,0.044274809160305344
2026-06-22,H007,S014,Muscle Pain,278,269.0,3.3457249070631967,655,0.42442748091603055
2026-06-22,H007,S015,Joint Pain,106,106.0,0.0,655,0.1618320610687023
2026-06-22,H007,S016,Retro-orbital Pain,91,79.0,15.18987341772152,655,0.13893129770992366
2026-06-22,H007,S017,Rash,46,26.0,76.92307692307693,655,0.07022900763358779
2026-06-22,H007,S018,Nausea,74,82.0,-9.75609756097561,655,0.11297709923664122
2026-06-22,H007,S019,Vomiting,123,113.0,8.849557522123893,655,0.18778625954198475
2026-06-22,H007,S020,Diarrhoea,89,93.0,-4.301075268817205,655,0.13587786259541984
2026-06-22,H007,S021,Abdominal Pain,65,61.0,6.557377049180328,655,0.09923664122137404
2026-06-22,H007,S022,Loss of Appetite,25,24.0,4.166666666666666,655,0.03816793893129771
2026-06-22,H007,S023,Weight Loss,9,2.0,350.0,655,0.013740458015267175
2026-06-22,H007,S024,Night Sweats,15,7.0,114.28571428571428,655,0.022900763358778626
2026-06-22,H007,S025,Bleeding,1,2.0,-50.0,655,0.0015267175572519084
2026-06-22,H007,S026,Anaemia,1,3.0,-66.66666666666666,655,0.0015267175572519084
2026-06-22,H007,S027,Dehydration,2,2.0,0.0,655,0.0030534351145038168
2026-06-22,H008,S001,Fever,680,649.0,4.776579352850539,791,0.8596713021491783
2026-06-22,H008,S002,Headache,338,328.0,3.048780487804878,791,0.427307206068268
2026-06-22,H008,S003,Fatigue,178,182.0,-2.197802197802198,791,0.225031605562579
2026-06-22,H008,S004,Chills,102,92.0,10.869565217391305,791,0.12895069532237674
2026-06-22,H008,S005,Sweating,102,92.0,10.869565217391305,791,0.12895069532237674
2026-06-22,H008,S006,Dry Cough,325,323.0,0.6191950464396285,791,0.4108723135271808
2026-06-22,H008,S007,Persistent Cough,35,27.0,29.629629629629626,791,0.04424778761061947
2026-06-22,H008,S008,Sore Throat,207,219.0,-5.47945205479452,791,0.26169405815423513
2026-06-22,H008,S009,Runny Nose,105,120.0,-12.5,791,0.13274336283185842
2026-06-22,H008,S010,Breathlessness,10,11.0,-9.090909090909092,791,0.012642225031605562
2026-06-22,H008,S011,Chest Pain,5,2.0,150.0,791,0.006321112515802781
2026-06-22,H008,S012,Loss of Taste,30,29.0,3.4482758620689653,791,0.03792667509481669
2026-06-22,H008,S013,Loss of Smell,29,26.0,11.538461538461538,791,0.03666245259165613
2026-06-22,H008,S014,Muscle Pain,287,293.0,-2.04778156996587,791,0.36283185840707965
2026-06-22,H008,S015,Joint Pain,132,134.0,-1.4925373134328357,791,0.16687737041719342
2026-06-22,H008,S016,Retro-orbital Pain,113,100.0,13.0,791,0.14285714285714285
2026-06-22,H008,S017,Rash,41,54.0,-24.074074074074073,791,0.051833122629582805
2026-06-22,H008,S018,Nausea,101,111.0,-9.00900900900901,791,0.1276864728192162
2026-06-22,H008,S019,Vomiting,142,143.0,-0.6993006993006993,791,0.179519595448799
2026-06-22,H008,S020,Diarrhoea,107,113.0,-5.3097345132743365,791,0.13527180783817952
2026-06-22,H008,S021,Abdominal Pain,74,82.0,-9.75609756097561,791,0.09355246523388117
2026-06-22,H008,S022,Loss of Appetite,31,21.0,47.61904761904761,791,0.039190897597977246
2026-06-22,H008,S023,Weight Loss,8,4.0,100.0,791,0.010113780025284451
2026-06-22,H008,S024,Night Sweats,11,6.0,83.33333333333334,791,0.01390644753476612
2026-06-22,H008,S025,Bleeding,4,1.0,300.0,791,0.0050568900126422255
2026-06-22,H008,S026,Anaemia,2,1.0,100.0,791,0.0025284450063211127
2026-06-22,H008,S027,Dehydration,1,5.0,-80.0,791,0.0012642225031605564
2026-06-22,H009,S001,Fever,577,515.0,12.03883495145631,676,0.8535502958579881
2026-06-22,H009,S002,Headache,289,264.0,9.469696969696969,676,0.4275147928994083
2026-06-22,H009,S003,Fatigue,125,108.0,15.74074074074074,676,0.1849112426035503
2026-06-22,H009,S004,Chills,97,87.0,11.494252873563218,676,0.14349112426035504
2026-06-22,H009,S005,Sweating,97,87.0,11.494252873563218,676,0.14349112426035504
2026-06-22,H009,S006,Dry Cough,251,201.0,24.875621890547265,676,0.371301775147929
2026-06-22,H009,S007,Persistent Cough,21,22.0,-4.545454545454546,676,0.03106508875739645
2026-06-22,H009,S008,Sore Throat,162,133.0,21.804511278195488,676,0.23964497041420119
2026-06-22,H009,S009,Runny Nose,89,67.0,32.83582089552239,676,0.13165680473372782
2026-06-22,H009,S010,Breathlessness,8,6.0,33.33333333333333,676,0.011834319526627219
2026-06-22,H009,S011,Chest Pain,2,1.0,100.0,676,0.0029585798816568047
2026-06-22,H009,S012,Loss of Taste,23,14.0,64.28571428571429,676,0.034023668639053255
2026-06-22,H009,S013,Loss of Smell,16,17.0,-5.88235294117647,676,0.023668639053254437
2026-06-22,H009,S014,Muscle Pain,281,237.0,18.565400843881857,676,0.4156804733727811
2026-06-22,H009,S015,Joint Pain,127,111.0,14.414414414414415,676,0.1878698224852071
2026-06-22,H009,S016,Retro-orbital Pain,103,89.0,15.730337078651685,676,0.15236686390532544
2026-06-22,H009,S017,Rash,45,30.0,50.0,676,0.06656804733727811
2026-06-22,H009,S018,Nausea,111,91.0,21.978021978021978,676,0.16420118343195267
2026-06-22,H009,S019,Vomiting,140,138.0,1.4492753623188406,676,0.20710059171597633
2026-06-22,H009,S020,Diarrhoea,102,110.0,-7.2727272727272725,676,0.15088757396449703
2026-06-22,H009,S021,Abdominal Pain,69,84.0,-17.857142857142858,676,0.10207100591715976
2026-06-22,H009,S022,Loss of Appetite,16,33.0,-51.515151515151516,676,0.023668639053254437
2026-06-22,H009,S023,Weight Loss,3,2.0,50.0,676,0.004437869822485207
2026-06-22,H009,S024,Night Sweats,9,8.0,12.5,676,0.013313609467455622
2026-06-22,H009,S025,Bleeding,2,3.0,-33.33333333333333,676,0.0029585798816568047
2026-06-22,H009,S027,Dehydration,5,4.0,25.0,676,0.0073964497041420114
2026-06-22,H010,S001,Fever,866,799.0,8.385481852315396,1035,0.8367149758454107
2026-06-22,H010,S002,Headache,456,407.0,12.039312039312039,1035,0.4405797101449275
2026-06-22,H010,S003,Fatigue,204,177.0,15.254237288135593,1035,0.19710144927536233
2026-06-22,H010,S004,Chills,142,121.0,17.355371900826448,1035,0.13719806763285025
2026-06-22,H010,S005,Sweating,142,121.0,17.355371900826448,1035,0.13719806763285025
2026-06-22,H010,S006,Dry Cough,384,403.0,-4.714640198511166,1035,0.3710144927536232
2026-06-22,H010,S007,Persistent Cough,32,41.0,-21.951219512195124,1035,0.030917874396135265
2026-06-22,H010,S008,Sore Throat,247,251.0,-1.593625498007968,1035,0.23864734299516907
2026-06-22,H010,S009,Runny Nose,146,180.0,-18.88888888888889,1035,0.14106280193236714
2026-06-22,H010,S010,Breathlessness,8,5.0,60.0,1035,0.007729468599033816
2026-06-22,H010,S011,Chest Pain,3,6.0,-50.0,1035,0.002898550724637681
2026-06-22,H010,S012,Loss of Taste,34,21.0,61.904761904761905,1035,0.03285024154589372
2026-06-22,H010,S013,Loss of Smell,30,24.0,25.0,1035,0.028985507246376812
2026-06-22,H010,S014,Muscle Pain,382,377.0,1.3262599469496021,1035,0.3690821256038647
2026-06-22,H010,S015,Joint Pain,159,145.0,9.655172413793103,1035,0.1536231884057971
2026-06-22,H010,S016,Retro-orbital Pain,121,115.0,5.217391304347826,1035,0.11690821256038647
2026-06-22,H010,S017,Rash,43,51.0,-15.686274509803921,1035,0.04154589371980676
2026-06-22,H010,S018,Nausea,134,149.0,-10.06711409395973,1035,0.1294685990338164
2026-06-22,H010,S019,Vomiting,210,202.0,3.9603960396039604,1035,0.2028985507246377
2026-06-22,H010,S020,Diarrhoea,173,162.0,6.790123456790123,1035,0.1671497584541063
2026-06-22,H010,S021,Abdominal Pain,128,108.0,18.51851851851852,1035,0.12367149758454106
2026-06-22,H010,S022,Loss of Appetite,49,39.0,25.64102564102564,1035,0.04734299516908213
2026-06-22,H010,S023,Weight Loss,6,9.0,-33.33333333333333,1035,0.005797101449275362
2026-06-22,H010,S024,Night Sweats,11,14.0,-21.428571428571427,1035,0.010628019323671498
2026-06-22,H010,S025,Bleeding,4,5.0,-20.0,1035,0.003864734299516908
2026-06-22,H010,S026,Anaemia,1,3.0,-66.66666666666666,1035,0.000966183574879227
2026-06-22,H010,S027,Dehydration,8,3.0,166.66666666666669,1035,0.007729468599033816
2026-06-29,H001,S001,Fever,943,943.0,0.0,1084,0.8699261992619927
2026-06-29,H001,S002,Headache,470,485.0,-3.0927835051546393,1084,0.43357933579335795
2026-06-29,H001,S003,Fatigue,232,229.0,1.3100436681222707,1084,0.2140221402214022
2026-06-29,H001,S004,Chills,127,128.0,-0.78125,1084,0.11715867158671586
2026-06-29,H001,S005,Sweating,127,128.0,-0.78125,1084,0.11715867158671586
2026-06-29,H001,S006,Dry Cough,495,493.0,0.4056795131845842,1084,0.4566420664206642
2026-06-29,H001,S007,Persistent Cough,34,24.0,41.66666666666667,1084,0.03136531365313653
2026-06-29,H001,S008,Sore Throat,318,303.0,4.9504950495049505,1084,0.2933579335793358
2026-06-29,H001,S009,Runny Nose,196,197.0,-0.5076142131979695,1084,0.18081180811808117
2026-06-29,H001,S010,Breathlessness,11,12.0,-8.333333333333332,1084,0.01014760147601476
2026-06-29,H001,S011,Chest Pain,4,3.0,33.33333333333333,1084,0.0036900369003690036
2026-06-29,H001,S012,Loss of Taste,34,41.0,-17.073170731707318,1084,0.03136531365313653
2026-06-29,H001,S013,Loss of Smell,37,42.0,-11.904761904761903,1084,0.03413284132841329
2026-06-29,H001,S014,Muscle Pain,405,436.0,-7.110091743119266,1084,0.3736162361623616
2026-06-29,H001,S015,Joint Pain,155,164.0,-5.487804878048781,1084,0.1429889298892989
2026-06-29,H001,S016,Retro-orbital Pain,110,129.0,-14.728682170542637,1084,0.1014760147601476
2026-06-29,H001,S017,Rash,56,50.0,12.0,1084,0.05166051660516605
2026-06-29,H001,S018,Nausea,120,116.0,3.4482758620689653,1084,0.11070110701107011
2026-06-29,H001,S019,Vomiting,184,168.0,9.523809523809524,1084,0.16974169741697417
2026-06-29,H001,S020,Diarrhoea,148,132.0,12.121212121212121,1084,0.13653136531365315
2026-06-29,H001,S021,Abdominal Pain,104,93.0,11.827956989247312,1084,0.0959409594095941
2026-06-29,H001,S022,Loss of Appetite,56,38.0,47.368421052631575,1084,0.05166051660516605
2026-06-29,H001,S023,Weight Loss,6,6.0,0.0,1084,0.005535055350553505
2026-06-29,H001,S024,Night Sweats,12,8.0,50.0,1084,0.01107011070110701
2026-06-29,H001,S025,Bleeding,2,3.0,-33.33333333333333,1084,0.0018450184501845018
2026-06-29,H001,S026,Anaemia,3,6.0,-50.0,1084,0.0027675276752767526
2026-06-29,H001,S027,Dehydration,6,3.0,100.0,1084,0.005535055350553505
2026-06-29,H002,S001,Fever,749,782.0,-4.219948849104859,863,0.8679026651216686
2026-06-29,H002,S002,Headache,373,386.0,-3.3678756476683938,863,0.4322132097334878
2026-06-29,H002,S003,Fatigue,172,166.0,3.614457831325301,863,0.1993047508690614
2026-06-29,H002,S004,Chills,107,104.0,2.8846153846153846,863,0.12398609501738123
2026-06-29,H002,S005,Sweating,107,104.0,2.8846153846153846,863,0.12398609501738123
2026-06-29,H002,S006,Dry Cough,384,420.0,-8.571428571428571,863,0.44495944380069524
2026-06-29,H002,S007,Persistent Cough,35,20.0,75.0,863,0.04055619930475087
2026-06-29,H002,S008,Sore Throat,255,288.0,-11.458333333333332,863,0.2954808806488992
2026-06-29,H002,S009,Runny Nose,131,170.0,-22.941176470588236,863,0.15179606025492468
2026-06-29,H002,S010,Breathlessness,9,17.0,-47.05882352941176,863,0.010428736964078795
2026-06-29,H002,S011,Chest Pain,3,2.0,50.0,863,0.0034762456546929316
2026-06-29,H002,S012,Loss of Taste,35,31.0,12.903225806451612,863,0.04055619930475087
2026-06-29,H002,S013,Loss of Smell,38,35.0,8.571428571428571,863,0.0440324449594438
2026-06-29,H002,S014,Muscle Pain,348,383.0,-9.138381201044385,863,0.40324449594438005
2026-06-29,H002,S015,Joint Pain,140,143.0,-2.097902097902098,863,0.16222479721900349
2026-06-29,H002,S016,Retro-orbital Pain,109,116.0,-6.0344827586206895,863,0.12630359212050984
2026-06-29,H002,S017,Rash,55,36.0,52.77777777777778,863,0.06373117033603708
2026-06-29,H002,S018,Nausea,123,94.0,30.851063829787233,863,0.1425260718424102
2026-06-29,H002,S019,Vomiting,141,140.0,0.7142857142857143,863,0.1633835457705678
2026-06-29,H002,S020,Diarrhoea,110,102.0,7.8431372549019605,863,0.12746234067207415
2026-06-29,H002,S021,Abdominal Pain,67,71.0,-5.633802816901409,863,0.0776361529548088
2026-06-29,H002,S022,Loss of Appetite,19,24.0,-20.833333333333336,863,0.0220162224797219
2026-06-29,H002,S023,Weight Loss,8,1.0,700.0,863,0.009269988412514484
2026-06-29,H002,S024,Night Sweats,14,7.0,100.0,863,0.016222479721900347
2026-06-29,H002,S025,Bleeding,3,1.0,200.0,863,0.0034762456546929316
2026-06-29,H002,S026,Anaemia,1,2.0,-50.0,863,0.0011587485515643105
2026-06-29,H002,S027,Dehydration,4,4.0,0.0,863,0.004634994206257242
2026-06-29,H003,S001,Fever,911,963.0,-5.399792315680166,1055,0.8635071090047394
2026-06-29,H003,S002,Headache,473,496.0,-4.637096774193548,1055,0.4483412322274882
2026-06-29,H003,S003,Fatigue,221,220.0,0.45454545454545453,1055,0.209478672985782
2026-06-29,H003,S004,Chills,153,163.0,-6.134969325153374,1055,0.14502369668246445
2026-06-29,H003,S005,Sweating,153,163.0,-6.134969325153374,1055,0.14502369668246445
2026-06-29,H003,S006,Dry Cough,377,408.0,-7.598039215686274,1055,0.35734597156398107
2026-06-29,H003,S007,Persistent Cough,30,24.0,25.0,1055,0.02843601895734597
2026-06-29,H003,S008,Sore Throat,246,245.0,0.40816326530612246,1055,0.23317535545023696
2026-06-29,H003,S009,Runny Nose,135,143.0,-5.594405594405594,1055,0.12796208530805686
2026-06-29,H003,S010,Breathlessness,8,9.0,-11.11111111111111,1055,0.007582938388625593
2026-06-29,H003,S011,Chest Pain,2,1.0,100.0,1055,0.0018957345971563982
2026-06-29,H003,S012,Loss of Taste,26,36.0,-27.77777777777778,1055,0.024644549763033177
2026-06-29,H003,S013,Loss of Smell,31,38.0,-18.421052631578945,1055,0.029383886255924172
2026-06-29,H003,S014,Muscle Pain,421,437.0,-3.6613272311212817,1055,0.3990521327014218
2026-06-29,H003,S015,Joint Pain,205,229.0,-10.480349344978166,1055,0.1943127962085308
2026-06-29,H003,S016,Retro-orbital Pain,171,171.0,0.0,1055,0.16208530805687205
2026-06-29,H003,S017,Rash,66,71.0,-7.042253521126761,1055,0.06255924170616113
2026-06-29,H003,S018,Nausea,140,149.0,-6.0402684563758395,1055,0.13270142180094788
2026-06-29,H003,S019,Vomiting,194,186.0,4.301075268817205,1055,0.18388625592417063
2026-06-29,H003,S020,Diarrhoea,146,140.0,4.285714285714286,1055,0.13838862559241707
2026-06-29,H003,S021,Abdominal Pain,111,98.0,13.26530612244898,1055,0.1052132701421801
2026-06-29,H003,S022,Loss of Appetite,47,33.0,42.42424242424242,1055,0.04454976303317536
2026-06-29,H003,S023,Weight Loss,3,2.0,50.0,1055,0.002843601895734597
2026-06-29,H003,S024,Night Sweats,10,10.0,0.0,1055,0.009478672985781991
2026-06-29,H003,S025,Bleeding,5,7.0,-28.57142857142857,1055,0.004739336492890996
2026-06-29,H003,S026,Anaemia,4,2.0,100.0,1055,0.0037914691943127963
2026-06-29,H003,S027,Dehydration,4,5.0,-20.0,1055,0.0037914691943127963
2026-06-29,H004,S001,Fever,872,898.0,-2.89532293986637,994,0.8772635814889336
2026-06-29,H004,S002,Headache,405,442.0,-8.3710407239819,994,0.4074446680080483
2026-06-29,H004,S003,Fatigue,182,219.0,-16.894977168949772,994,0.18309859154929578
2026-06-29,H004,S004,Chills,114,112.0,1.7857142857142856,994,0.11468812877263582
2026-06-29,H004,S005,Sweating,114,112.0,1.7857142857142856,994,0.11468812877263582
2026-06-29,H004,S006,Dry Cough,418,436.0,-4.128440366972478,994,0.42052313883299797
2026-06-29,H004,S007,Persistent Cough,23,22.0,4.545454545454546,994,0.023138832997987926
2026-06-29,H004,S008,Sore Throat,286,280.0,2.142857142857143,994,0.28772635814889336
2026-06-29,H004,S009,Runny Nose,152,171.0,-11.11111111111111,994,0.1529175050301811
2026-06-29,H004,S010,Breathlessness,7,6.0,16.666666666666664,994,0.007042253521126761
2026-06-29,H004,S011,Chest Pain,2,4.0,-50.0,994,0.002012072434607646
2026-06-29,H004,S012,Loss of Taste,30,40.0,-25.0,994,0.030181086519114688
2026-06-29,H004,S013,Loss of Smell,30,32.0,-6.25,994,0.030181086519114688
2026-06-29,H004,S014,Muscle Pain,404,427.0,-5.386416861826698,994,0.40643863179074446
2026-06-29,H004,S015,Joint Pain,168,184.0,-8.695652173913043,994,0.16901408450704225
2026-06-29,H004,S016,Retro-orbital Pain,143,157.0,-8.9171974522293,994,0.14386317907444668
2026-06-29,H004,S017,Rash,61,66.0,-7.575757575757576,994,0.0613682092555332
2026-06-29,H004,S018,Nausea,124,149.0,-16.778523489932887,994,0.12474849094567404
2026-06-29,H004,S019,Vomiting,174,190.0,-8.421052631578947,994,0.1750503018108652
2026-06-29,H004,S020,Diarrhoea,137,149.0,-8.053691275167784,994,0.13782696177062373
2026-06-29,H004,S021,Abdominal Pain,94,107.0,-12.149532710280374,994,0.09456740442655935
2026-06-29,H004,S022,Loss of Appetite,45,31.0,45.16129032258064,994,0.04527162977867203
2026-06-29,H004,S023,Weight Loss,7,5.0,40.0,994,0.007042253521126761
2026-06-29,H004,S024,Night Sweats,10,10.0,0.0,994,0.01006036217303823
2026-06-29,H004,S025,Bleeding,3,4.0,-25.0,994,0.0030181086519114686
2026-06-29,H004,S026,Anaemia,1,2.0,-50.0,994,0.001006036217303823
2026-06-29,H004,S027,Dehydration,6,11.0,-45.45454545454545,994,0.006036217303822937
2026-06-29,H005,S001,Fever,802,797.0,0.6273525721455459,933,0.8595927116827439
2026-06-29,H005,S002,Headache,413,400.0,3.25,933,0.44265809217577706
2026-06-29,H005,S003,Fatigue,180,198.0,-9.090909090909092,933,0.19292604501607716
2026-06-29,H005,S004,Chills,121,109.0,11.009174311926607,933,0.12968917470525188
2026-06-29,H005,S005,Sweating,121,109.0,11.009174311926607,933,0.12968917470525188
2026-06-29,H005,S006,Dry Cough,367,398.0,-7.788944723618091,933,0.3933547695605573
2026-06-29,H005,S007,Persistent Cough,29,29.0,0.0,933,0.031082529474812434
2026-06-29,H005,S008,Sore Throat,241,258.0,-6.5891472868217065,933,0.2583065380493033
2026-06-29,H005,S009,Runny Nose,143,148.0,-3.3783783783783785,933,0.1532690246516613
2026-06-29,H005,S010,Breathlessness,7,11.0,-36.36363636363637,933,0.007502679528403001
2026-06-29,H005,S011,Chest Pain,1,3.0,-66.66666666666666,933,0.0010718113612004287
2026-06-29,H005,S012,Loss of Taste,27,34.0,-20.588235294117645,933,0.028938906752411574
2026-06-29,H005,S013,Loss of Smell,27,34.0,-20.588235294117645,933,0.028938906752411574
2026-06-29,H005,S014,Muscle Pain,363,359.0,1.1142061281337048,933,0.3890675241157556
2026-06-29,H005,S015,Joint Pain,160,149.0,7.38255033557047,933,0.1714898177920686
2026-06-29,H005,S016,Retro-orbital Pain,136,117.0,16.23931623931624,933,0.1457663451232583
2026-06-29,H005,S017,Rash,54,53.0,1.8867924528301887,933,0.05787781350482315
2026-06-29,H005,S018,Nausea,129,141.0,-8.51063829787234,933,0.1382636655948553
2026-06-29,H005,S019,Vomiting,185,185.0,0.0,933,0.1982851018220793
2026-06-29,H005,S020,Diarrhoea,149,162.0,-8.024691358024691,933,0.15969989281886388
2026-06-29,H005,S021,Abdominal Pain,106,112.0,-5.357142857142857,933,0.11361200428724544
2026-06-29,H005,S022,Loss of Appetite,34,42.0,-19.047619047619047,933,0.03644158628081458
2026-06-29,H005,S023,Weight Loss,2,4.0,-50.0,933,0.0021436227224008574
2026-06-29,H005,S024,Night Sweats,13,11.0,18.181818181818183,933,0.013933547695605574
2026-06-29,H005,S025,Bleeding,8,4.0,100.0,933,0.00857449088960343
2026-06-29,H005,S026,Anaemia,3,4.0,-25.0,933,0.003215434083601286
2026-06-29,H005,S027,Dehydration,9,8.0,12.5,933,0.00964630225080386
2026-06-29,H006,S001,Fever,645,645.0,0.0,759,0.849802371541502
2026-06-29,H006,S002,Headache,321,326.0,-1.5337423312883436,759,0.42292490118577075
2026-06-29,H006,S003,Fatigue,160,161.0,-0.6211180124223602,759,0.21080368906455862
2026-06-29,H006,S004,Chills,107,98.0,9.183673469387756,759,0.14097496706192358
2026-06-29,H006,S005,Sweating,107,98.0,9.183673469387756,759,0.14097496706192358
2026-06-29,H006,S006,Dry Cough,296,301.0,-1.6611295681063125,759,0.38998682476943347
2026-06-29,H006,S007,Persistent Cough,41,33.0,24.242424242424242,759,0.05401844532279315
2026-06-29,H006,S008,Sore Throat,184,198.0,-7.07070707070707,759,0.24242424242424243
2026-06-29,H006,S009,Runny Nose,98,116.0,-15.517241379310345,759,0.12911725955204217
2026-06-29,H006,S010,Breathlessness,14,7.0,100.0,759,0.01844532279314888
2026-06-29,H006,S011,Chest Pain,2,2.0,0.0,759,0.002635046113306983
2026-06-29,H006,S012,Loss of Taste,31,26.0,19.230769230769234,759,0.04084321475625823
2026-06-29,H006,S013,Loss of Smell,28,22.0,27.27272727272727,759,0.03689064558629776
2026-06-29,H006,S014,Muscle Pain,282,301.0,-6.312292358803987,759,0.3715415019762846
2026-06-29,H006,S015,Joint Pain,117,136.0,-13.970588235294118,759,0.1541501976284585
2026-06-29,H006,S016,Retro-orbital Pain,95,108.0,-12.037037037037036,759,0.1251646903820817
2026-06-29,H006,S017,Rash,29,44.0,-34.090909090909086,759,0.03820816864295125
2026-06-29,H006,S018,Nausea,91,108.0,-15.74074074074074,759,0.11989459815546773
2026-06-29,H006,S019,Vomiting,131,153.0,-14.37908496732026,759,0.1725955204216074
2026-06-29,H006,S020,Diarrhoea,103,119.0,-13.445378151260504,759,0.13570487483530963
2026-06-29,H006,S021,Abdominal Pain,63,89.0,-29.213483146067414,759,0.08300395256916997
2026-06-29,H006,S022,Loss of Appetite,28,26.0,7.6923076923076925,759,0.03689064558629776
2026-06-29,H006,S023,Weight Loss,4,2.0,100.0,759,0.005270092226613966
2026-06-29,H006,S024,Night Sweats,9,10.0,-10.0,759,0.011857707509881422
2026-06-29,H006,S025,Bleeding,3,5.0,-40.0,759,0.003952569169960474
2026-06-29,H006,S026,Anaemia,1,6.0,-83.33333333333334,759,0.0013175230566534915
2026-06-29,H006,S027,Dehydration,3,9.0,-66.66666666666666,759,0.003952569169960474
2026-06-29,H007,S001,Fever,576,561.0,2.6737967914438503,663,0.8687782805429864
2026-06-29,H007,S002,Headache,268,285.0,-5.964912280701754,663,0.4042232277526395
2026-06-29,H007,S003,Fatigue,142,145.0,-2.0689655172413794,663,0.21417797888386123
2026-06-29,H007,S004,Chills,86,63.0,36.507936507936506,663,0.1297134238310709
2026-06-29,H007,S005,Sweating,86,63.0,36.507936507936506,663,0.1297134238310709
2026-06-29,H007,S006,Dry Cough,309,280.0,10.357142857142858,663,0.4660633484162896
2026-06-29,H007,S007,Persistent Cough,24,30.0,-20.0,663,0.03619909502262444
2026-06-29,H007,S008,Sore Throat,200,181.0,10.497237569060774,663,0.30165912518853694
2026-06-29,H007,S009,Runny Nose,112,117.0,-4.273504273504273,663,0.1689291101055807
2026-06-29,H007,S010,Breathlessness,11,11.0,0.0,663,0.016591251885369532
2026-06-29,H007,S011,Chest Pain,2,3.0,-33.33333333333333,663,0.0030165912518853697
2026-06-29,H007,S012,Loss of Taste,23,26.0,-11.538461538461538,663,0.03469079939668175
2026-06-29,H007,S013,Loss of Smell,25,29.0,-13.793103448275861,663,0.03770739064856712
2026-06-29,H007,S014,Muscle Pain,253,278.0,-8.992805755395683,663,0.3815987933634992
2026-06-29,H007,S015,Joint Pain,105,106.0,-0.9433962264150944,663,0.1583710407239819
2026-06-29,H007,S016,Retro-orbital Pain,82,91.0,-9.89010989010989,663,0.12368024132730016
2026-06-29,H007,S017,Rash,30,46.0,-34.78260869565217,663,0.04524886877828054
2026-06-29,H007,S018,Nausea,76,74.0,2.7027027027027026,663,0.11463046757164404
2026-06-29,H007,S019,Vomiting,100,123.0,-18.69918699186992,663,0.15082956259426847
2026-06-29,H007,S020,Diarrhoea,79,89.0,-11.235955056179774,663,0.1191553544494721
2026-06-29,H007,S021,Abdominal Pain,47,65.0,-27.692307692307693,663,0.07088989441930618
2026-06-29,H007,S022,Loss of Appetite,22,25.0,-12.0,663,0.033182503770739065
2026-06-29,H007,S023,Weight Loss,2,9.0,-77.77777777777779,663,0.0030165912518853697
2026-06-29,H007,S024,Night Sweats,7,15.0,-53.333333333333336,663,0.010558069381598794
2026-06-29,H007,S025,Bleeding,6,1.0,500.0,663,0.00904977375565611
2026-06-29,H007,S026,Anaemia,2,1.0,100.0,663,0.0030165912518853697
2026-06-29,H007,S027,Dehydration,2,2.0,0.0,663,0.0030165912518853697
2026-06-29,H008,S001,Fever,698,680.0,2.6470588235294117,798,0.87468671679198
2026-06-29,H008,S002,Headache,362,338.0,7.100591715976331,798,0.45363408521303256
2026-06-29,H008,S003,Fatigue,178,178.0,0.0,798,0.22305764411027568
2026-06-29,H008,S004,Chills,99,102.0,-2.941176470588235,798,0.12406015037593984
2026-06-29,H008,S005,Sweating,99,102.0,-2.941176470588235,798,0.12406015037593984
2026-06-29,H008,S006,Dry Cough,328,325.0,0.9230769230769231,798,0.41102756892230574
2026-06-29,H008,S007,Persistent Cough,26,35.0,-25.71428571428571,798,0.03258145363408521
2026-06-29,H008,S008,Sore Throat,214,207.0,3.3816425120772946,798,0.2681704260651629
2026-06-29,H008,S009,Runny Nose,124,105.0,18.095238095238095,798,0.15538847117794485
2026-06-29,H008,S010,Breathlessness,7,10.0,-30.0,798,0.008771929824561403
2026-06-29,H008,S011,Chest Pain,2,5.0,-60.0,798,0.002506265664160401
2026-06-29,H008,S012,Loss of Taste,20,30.0,-33.33333333333333,798,0.02506265664160401
2026-06-29,H008,S013,Loss of Smell,21,29.0,-27.586206896551722,798,0.02631578947368421
2026-06-29,H008,S014,Muscle Pain,331,287.0,15.33101045296167,798,0.41478696741854637
2026-06-29,H008,S015,Joint Pain,153,132.0,15.909090909090908,798,0.19172932330827067
2026-06-29,H008,S016,Retro-orbital Pain,121,113.0,7.079646017699115,798,0.15162907268170425
2026-06-29,H008,S017,Rash,42,41.0,2.4390243902439024,798,0.05263157894736842
2026-06-29,H008,S018,Nausea,97,101.0,-3.9603960396039604,798,0.12155388471177944
2026-06-29,H008,S019,Vomiting,143,142.0,0.7042253521126761,798,0.17919799498746866
2026-06-29,H008,S020,Diarrhoea,105,107.0,-1.8691588785046727,798,0.13157894736842105
2026-06-29,H008,S021,Abdominal Pain,72,74.0,-2.7027027027027026,798,0.09022556390977443
2026-06-29,H008,S022,Loss of Appetite,24,31.0,-22.58064516129032,798,0.03007518796992481
2026-06-29,H008,S023,Weight Loss,4,8.0,-50.0,798,0.005012531328320802
2026-06-29,H008,S024,Night Sweats,12,11.0,9.090909090909092,798,0.015037593984962405
2026-06-29,H008,S025,Bleeding,4,4.0,0.0,798,0.005012531328320802
2026-06-29,H008,S026,Anaemia,1,2.0,-50.0,798,0.0012531328320802004
2026-06-29,H008,S027,Dehydration,3,1.0,200.0,798,0.0037593984962406013
2026-06-29,H009,S001,Fever,539,577.0,-6.5857885615251295,634,0.8501577287066246
2026-06-29,H009,S002,Headache,276,289.0,-4.498269896193772,634,0.4353312302839117
2026-06-29,H009,S003,Fatigue,146,125.0,16.8,634,0.2302839116719243
2026-06-29,H009,S004,Chills,99,97.0,2.0618556701030926,634,0.15615141955835962
2026-06-29,H009,S005,Sweating,99,97.0,2.0618556701030926,634,0.15615141955835962
2026-06-29,H009,S006,Dry Cough,234,251.0,-6.772908366533864,634,0.36908517350157727
2026-06-29,H009,S007,Persistent Cough,23,21.0,9.523809523809524,634,0.03627760252365931
2026-06-29,H009,S008,Sore Throat,168,162.0,3.7037037037037033,634,0.26498422712933756
2026-06-29,H009,S009,Runny Nose,94,89.0,5.617977528089887,634,0.14826498422712933
2026-06-29,H009,S010,Breathlessness,11,8.0,37.5,634,0.017350157728706624
2026-06-29,H009,S011,Chest Pain,4,2.0,100.0,634,0.006309148264984227
2026-06-29,H009,S012,Loss of Taste,27,23.0,17.391304347826086,634,0.04258675078864353
2026-06-29,H009,S013,Loss of Smell,23,16.0,43.75,634,0.03627760252365931
2026-06-29,H009,S014,Muscle Pain,236,281.0,-16.014234875444842,634,0.3722397476340694
2026-06-29,H009,S015,Joint Pain,117,127.0,-7.874015748031496,634,0.18454258675078863
2026-06-29,H009,S016,Retro-orbital Pain,81,103.0,-21.35922330097087,634,0.1277602523659306
2026-06-29,H009,S017,Rash,43,45.0,-4.444444444444445,634,0.06782334384858044
2026-06-29,H009,S018,Nausea,93,111.0,-16.216216216216218,634,0.14668769716088328
2026-06-29,H009,S019,Vomiting,116,140.0,-17.142857142857142,634,0.1829652996845426
2026-06-29,H009,S020,Diarrhoea,89,102.0,-12.745098039215685,634,0.14037854889589904
2026-06-29,H009,S021,Abdominal Pain,63,69.0,-8.695652173913043,634,0.09936908517350158
2026-06-29,H009,S022,Loss of Appetite,23,16.0,43.75,634,0.03627760252365931
2026-06-29,H009,S023,Weight Loss,5,3.0,66.66666666666666,634,0.007886435331230283
2026-06-29,H009,S024,Night Sweats,8,9.0,-11.11111111111111,634,0.012618296529968454
2026-06-29,H009,S025,Bleeding,2,2.0,0.0,634,0.0031545741324921135
2026-06-29,H009,S026,Anaemia,3,1.0,200.0,634,0.00473186119873817
2026-06-29,H009,S027,Dehydration,1,5.0,-80.0,634,0.0015772870662460567
2026-06-29,H010,S001,Fever,864,866.0,-0.23094688221709006,1012,0.8537549407114624
2026-06-29,H010,S002,Headache,451,456.0,-1.0964912280701753,1012,0.44565217391304346
2026-06-29,H010,S003,Fatigue,202,204.0,-0.9803921568627451,1012,0.19960474308300397
2026-06-29,H010,S004,Chills,133,142.0,-6.338028169014084,1012,0.13142292490118576
2026-06-29,H010,S005,Sweating,133,142.0,-6.338028169014084,1012,0.13142292490118576
2026-06-29,H010,S006,Dry Cough,406,384.0,5.729166666666666,1012,0.40118577075098816
2026-06-29,H010,S007,Persistent Cough,36,32.0,12.5,1012,0.03557312252964427
2026-06-29,H010,S008,Sore Throat,253,247.0,2.42914979757085,1012,0.25
2026-06-29,H010,S009,Runny Nose,174,146.0,19.17808219178082,1012,0.17193675889328064
2026-06-29,H010,S010,Breathlessness,7,8.0,-12.5,1012,0.00691699604743083
2026-06-29,H010,S011,Chest Pain,3,3.0,0.0,1012,0.0029644268774703555
2026-06-29,H010,S012,Loss of Taste,26,34.0,-23.52941176470588,1012,0.025691699604743084
2026-06-29,H010,S013,Loss of Smell,29,30.0,-3.3333333333333335,1012,0.02865612648221344
2026-06-29,H010,S014,Muscle Pain,416,382.0,8.900523560209423,1012,0.41106719367588934
2026-06-29,H010,S015,Joint Pain,173,159.0,8.80503144654088,1012,0.17094861660079053
2026-06-29,H010,S016,Retro-orbital Pain,134,121.0,10.743801652892563,1012,0.1324110671936759
2026-06-29,H010,S017,Rash,53,43.0,23.25581395348837,1012,0.05237154150197629
2026-06-29,H010,S018,Nausea,144,134.0,7.462686567164178,1012,0.1422924901185771
2026-06-29,H010,S019,Vomiting,209,210.0,-0.4761904761904762,1012,0.20652173913043478
2026-06-29,H010,S020,Diarrhoea,154,173.0,-10.982658959537572,1012,0.15217391304347827
2026-06-29,H010,S021,Abdominal Pain,108,128.0,-15.625,1012,0.1067193675889328
2026-06-29,H010,S022,Loss of Appetite,37,49.0,-24.489795918367346,1012,0.036561264822134384
2026-06-29,H010,S023,Weight Loss,6,6.0,0.0,1012,0.005928853754940711
2026-06-29,H010,S024,Night Sweats,14,11.0,27.27272727272727,1012,0.01383399209486166
2026-06-29,H010,S025,Bleeding,3,4.0,-25.0,1012,0.0029644268774703555
2026-06-29,H010,S026,Anaemia,5,1.0,400.0,1012,0.004940711462450593
2026-06-29,H010,S027,Dehydration,11,8.0,37.5,1012,0.010869565217391304
2026-07-06,H001,S001,Fever,907,943.0,-3.8176033934252387,1050,0.8638095238095238
2026-07-06,H001,S002,Headache,459,470.0,-2.3404255319148937,1050,0.43714285714285717
2026-07-06,H001,S003,Fatigue,203,232.0,-12.5,1050,0.19333333333333333
2026-07-06,H001,S004,Chills,146,127.0,14.960629921259844,1050,0.13904761904761906
2026-07-06,H001,S005,Sweating,146,127.0,14.960629921259844,1050,0.13904761904761906
2026-07-06,H001,S006,Dry Cough,457,495.0,-7.6767676767676765,1050,0.43523809523809526
2026-07-06,H001,S007,Persistent Cough,45,34.0,32.35294117647059,1050,0.04285714285714286
2026-07-06,H001,S008,Sore Throat,298,318.0,-6.289308176100629,1050,0.2838095238095238
2026-07-06,H001,S009,Runny Nose,202,196.0,3.061224489795918,1050,0.19238095238095237
2026-07-06,H001,S010,Breathlessness,14,11.0,27.27272727272727,1050,0.013333333333333334
2026-07-06,H001,S011,Chest Pain,2,4.0,-50.0,1050,0.0019047619047619048
2026-07-06,H001,S012,Loss of Taste,31,34.0,-8.823529411764707,1050,0.029523809523809525
2026-07-06,H001,S013,Loss of Smell,36,37.0,-2.7027027027027026,1050,0.03428571428571429
2026-07-06,H001,S014,Muscle Pain,409,405.0,0.9876543209876543,1050,0.38952380952380955
2026-07-06,H001,S015,Joint Pain,160,155.0,3.225806451612903,1050,0.1523809523809524
2026-07-06,H001,S016,Retro-orbital Pain,120,110.0,9.090909090909092,1050,0.11428571428571428
2026-07-06,H001,S017,Rash,56,56.0,0.0,1050,0.05333333333333334
2026-07-06,H001,S018,Nausea,132,120.0,10.0,1050,0.12571428571428572
2026-07-06,H001,S019,Vomiting,171,184.0,-7.065217391304348,1050,0.16285714285714287
2026-07-06,H001,S020,Diarrhoea,129,148.0,-12.837837837837837,1050,0.12285714285714286
2026-07-06,H001,S021,Abdominal Pain,96,104.0,-7.6923076923076925,1050,0.09142857142857143
2026-07-06,H001,S022,Loss of Appetite,39,56.0,-30.357142857142854,1050,0.037142857142857144
2026-07-06,H001,S023,Weight Loss,3,6.0,-50.0,1050,0.002857142857142857
2026-07-06,H001,S024,Night Sweats,14,12.0,16.666666666666664,1050,0.013333333333333334
2026-07-06,H001,S025,Bleeding,6,2.0,200.0,1050,0.005714285714285714
2026-07-06,H001,S026,Anaemia,2,3.0,-33.33333333333333,1050,0.0019047619047619048
2026-07-06,H001,S027,Dehydration,4,6.0,-33.33333333333333,1050,0.0038095238095238095
2026-07-06,H002,S001,Fever,744,749.0,-0.6675567423230975,859,0.8661233993015134
2026-07-06,H002,S002,Headache,381,373.0,2.1447721179624666,859,0.4435389988358556
2026-07-06,H002,S003,Fatigue,172,172.0,0.0,859,0.20023282887077998
2026-07-06,H002,S004,Chills,115,107.0,7.476635514018691,859,0.13387660069848661
2026-07-06,H002,S005,Sweating,115,107.0,7.476635514018691,859,0.13387660069848661
2026-07-06,H002,S006,Dry Cough,380,384.0,-1.0416666666666665,859,0.44237485448195574
2026-07-06,H002,S007,Persistent Cough,24,35.0,-31.428571428571427,859,0.027939464493597205
2026-07-06,H002,S008,Sore Throat,249,255.0,-2.3529411764705883,859,0.28987194412107103
2026-07-06,H002,S009,Runny Nose,153,131.0,16.793893129770993,859,0.1781140861466822
2026-07-06,H002,S010,Breathlessness,11,9.0,22.22222222222222,859,0.012805587892898719
2026-07-06,H002,S011,Chest Pain,4,3.0,33.33333333333333,859,0.004656577415599534
2026-07-06,H002,S012,Loss of Taste,34,35.0,-2.857142857142857,859,0.03958090803259604
2026-07-06,H002,S013,Loss of Smell,33,38.0,-13.157894736842104,859,0.03841676367869616
2026-07-06,H002,S014,Muscle Pain,346,348.0,-0.5747126436781609,859,0.40279394644935973
2026-07-06,H002,S015,Joint Pain,137,140.0,-2.142857142857143,859,0.15948777648428406
2026-07-06,H002,S016,Retro-orbital Pain,109,109.0,0.0,859,0.12689173457508732
2026-07-06,H002,S017,Rash,40,55.0,-27.27272727272727,859,0.046565774155995346
2026-07-06,H002,S018,Nausea,117,123.0,-4.878048780487805,859,0.1362048894062864
2026-07-06,H002,S019,Vomiting,145,141.0,2.8368794326241136,859,0.16880093131548313
2026-07-06,H002,S020,Diarrhoea,108,110.0,-1.8181818181818181,859,0.12572759022118743
2026-07-06,H002,S021,Abdominal Pain,77,67.0,14.925373134328357,859,0.08963911525029103
2026-07-06,H002,S022,Loss of Appetite,27,19.0,42.10526315789473,859,0.03143189755529686
2026-07-06,H002,S023,Weight Loss,4,8.0,-50.0,859,0.004656577415599534
2026-07-06,H002,S024,Night Sweats,6,14.0,-57.14285714285714,859,0.006984866123399301
2026-07-06,H002,S025,Bleeding,5,3.0,66.66666666666666,859,0.005820721769499418
2026-07-06,H002,S026,Anaemia,1,1.0,0.0,859,0.0011641443538998836
2026-07-06,H002,S027,Dehydration,2,4.0,-50.0,859,0.002328288707799767
2026-07-06,H003,S001,Fever,940,911.0,3.1833150384193196,1075,0.8744186046511628
2026-07-06,H003,S002,Headache,485,473.0,2.536997885835095,1075,0.4511627906976744
2026-07-06,H003,S003,Fatigue,208,221.0,-5.88235294117647,1075,0.19348837209302325
2026-07-06,H003,S004,Chills,152,153.0,-0.6535947712418301,1075,0.1413953488372093
2026-07-06,H003,S005,Sweating,152,153.0,-0.6535947712418301,1075,0.1413953488372093
2026-07-06,H003,S006,Dry Cough,409,377.0,8.488063660477453,1075,0.38046511627906976
2026-07-06,H003,S007,Persistent Cough,21,30.0,-30.0,1075,0.01953488372093023
2026-07-06,H003,S008,Sore Throat,264,246.0,7.317073170731707,1075,0.24558139534883722
2026-07-06,H003,S009,Runny Nose,156,135.0,15.555555555555555,1075,0.14511627906976743
2026-07-06,H003,S010,Breathlessness,13,8.0,62.5,1075,0.012093023255813953
2026-07-06,H003,S011,Chest Pain,2,2.0,0.0,1075,0.0018604651162790699
2026-07-06,H003,S012,Loss of Taste,44,26.0,69.23076923076923,1075,0.04093023255813953
2026-07-06,H003,S013,Loss of Smell,39,31.0,25.806451612903224,1075,0.03627906976744186
2026-07-06,H003,S014,Muscle Pain,463,421.0,9.97624703087886,1075,0.4306976744186046
2026-07-06,H003,S015,Joint Pain,217,205.0,5.853658536585367,1075,0.20186046511627906
2026-07-06,H003,S016,Retro-orbital Pain,171,171.0,0.0,1075,0.15906976744186047
2026-07-06,H003,S017,Rash,66,66.0,0.0,1075,0.061395348837209304
2026-07-06,H003,S018,Nausea,140,140.0,0.0,1075,0.13023255813953488
2026-07-06,H003,S019,Vomiting,184,194.0,-5.154639175257731,1075,0.17116279069767443
2026-07-06,H003,S020,Diarrhoea,136,146.0,-6.8493150684931505,1075,0.12651162790697673
2026-07-06,H003,S021,Abdominal Pain,90,111.0,-18.91891891891892,1075,0.08372093023255814
2026-07-06,H003,S022,Loss of Appetite,40,47.0,-14.893617021276595,1075,0.037209302325581395
2026-07-06,H003,S023,Weight Loss,2,3.0,-33.33333333333333,1075,0.0018604651162790699
2026-07-06,H003,S024,Night Sweats,3,10.0,-70.0,1075,0.0027906976744186047
2026-07-06,H003,S025,Bleeding,2,5.0,-60.0,1075,0.0018604651162790699
2026-07-06,H003,S026,Anaemia,1,4.0,-75.0,1075,0.0009302325581395349
2026-07-06,H003,S027,Dehydration,6,4.0,50.0,1075,0.005581395348837209
2026-07-06,H004,S001,Fever,842,872.0,-3.4403669724770642,970,0.8680412371134021
2026-07-06,H004,S002,Headache,426,405.0,5.185185185185185,970,0.43917525773195876
2026-07-06,H004,S003,Fatigue,201,182.0,10.43956043956044,970,0.20721649484536084
2026-07-06,H004,S004,Chills,136,114.0,19.298245614035086,970,0.1402061855670103
2026-07-06,H004,S005,Sweating,136,114.0,19.298245614035086,970,0.1402061855670103
2026-07-06,H004,S006,Dry Cough,436,418.0,4.30622009569378,970,0.44948453608247424
2026-07-06,H004,S007,Persistent Cough,21,23.0,-8.695652173913043,970,0.021649484536082474
2026-07-06,H004,S008,Sore Throat,285,286.0,-0.34965034965034963,970,0.29381443298969073
2026-07-06,H004,S009,Runny Nose,166,152.0,9.210526315789473,970,0.1711340206185567
2026-07-06,H004,S010,Breathlessness,11,7.0,57.14285714285714,970,0.01134020618556701
2026-07-06,H004,S011,Chest Pain,1,2.0,-50.0,970,0.0010309278350515464
2026-07-06,H004,S012,Loss of Taste,38,30.0,26.666666666666668,970,0.03917525773195876
2026-07-06,H004,S013,Loss of Smell,42,30.0,40.0,970,0.04329896907216495
2026-07-06,H004,S014,Muscle Pain,365,404.0,-9.653465346534654,970,0.37628865979381443
2026-07-06,H004,S015,Joint Pain,138,168.0,-17.857142857142858,970,0.1422680412371134
2026-07-06,H004,S016,Retro-orbital Pain,102,143.0,-28.671328671328673,970,0.10515463917525773
2026-07-06,H004,S017,Rash,50,61.0,-18.0327868852459,970,0.05154639175257732
2026-07-06,H004,S018,Nausea,139,124.0,12.096774193548388,970,0.14329896907216494
2026-07-06,H004,S019,Vomiting,181,174.0,4.022988505747127,970,0.1865979381443299
2026-07-06,H004,S020,Diarrhoea,144,137.0,5.109489051094891,970,0.14845360824742268
2026-07-06,H004,S021,Abdominal Pain,100,94.0,6.382978723404255,970,0.10309278350515463
2026-07-06,H004,S022,Loss of Appetite,39,45.0,-13.333333333333334,970,0.04020618556701031
2026-07-06,H004,S023,Weight Loss,3,7.0,-57.14285714285714,970,0.003092783505154639
2026-07-06,H004,S024,Night Sweats,10,10.0,0.0,970,0.010309278350515464
2026-07-06,H004,S025,Bleeding,5,3.0,66.66666666666666,970,0.005154639175257732
2026-07-06,H004,S026,Anaemia,1,1.0,0.0,970,0.0010309278350515464
2026-07-06,H004,S027,Dehydration,3,6.0,-50.0,970,0.003092783505154639
2026-07-06,H005,S001,Fever,806,802.0,0.4987531172069825,944,0.8538135593220338
2026-07-06,H005,S002,Headache,442,413.0,7.021791767554479,944,0.4682203389830508
2026-07-06,H005,S003,Fatigue,179,180.0,-0.5555555555555556,944,0.1896186440677966
2026-07-06,H005,S004,Chills,120,121.0,-0.8264462809917356,944,0.1271186440677966
2026-07-06,H005,S005,Sweating,120,121.0,-0.8264462809917356,944,0.1271186440677966
2026-07-06,H005,S006,Dry Cough,375,367.0,2.17983651226158,944,0.3972457627118644
2026-07-06,H005,S007,Persistent Cough,26,29.0,-10.344827586206897,944,0.02754237288135593
2026-07-06,H005,S008,Sore Throat,237,241.0,-1.6597510373443984,944,0.2510593220338983
2026-07-06,H005,S009,Runny Nose,174,143.0,21.678321678321677,944,0.1843220338983051
2026-07-06,H005,S010,Breathlessness,9,7.0,28.57142857142857,944,0.009533898305084746
2026-07-06,H005,S011,Chest Pain,4,1.0,300.0,944,0.00423728813559322
2026-07-06,H005,S012,Loss of Taste,24,27.0,-11.11111111111111,944,0.025423728813559324
2026-07-06,H005,S013,Loss of Smell,24,27.0,-11.11111111111111,944,0.025423728813559324
2026-07-06,H005,S014,Muscle Pain,378,363.0,4.132231404958678,944,0.4004237288135593
2026-07-06,H005,S015,Joint Pain,158,160.0,-1.25,944,0.1673728813559322
2026-07-06,H005,S016,Retro-orbital Pain,115,136.0,-15.441176470588236,944,0.12182203389830508
2026-07-06,H005,S017,Rash,52,54.0,-3.7037037037037033,944,0.05508474576271186
2026-07-06,H005,S018,Nausea,138,129.0,6.976744186046512,944,0.1461864406779661
2026-07-06,H005,S019,Vomiting,182,185.0,-1.6216216216216217,944,0.19279661016949154
2026-07-06,H005,S020,Diarrhoea,150,149.0,0.6711409395973155,944,0.15889830508474576
2026-07-06,H005,S021,Abdominal Pain,102,106.0,-3.7735849056603774,944,0.10805084745762712
2026-07-06,H005,S022,Loss of Appetite,39,34.0,14.705882352941178,944,0.0413135593220339
2026-07-06,H005,S023,Weight Loss,5,2.0,150.0,944,0.005296610169491525
2026-07-06,H005,S024,Night Sweats,8,13.0,-38.46153846153847,944,0.00847457627118644
2026-07-06,H005,S025,Bleeding,3,8.0,-62.5,944,0.0031779661016949155
2026-07-06,H005,S027,Dehydration,3,9.0,-66.66666666666666,944,0.0031779661016949155
2026-07-06,H006,S001,Fever,644,645.0,-0.15503875968992248,765,0.8418300653594771
2026-07-06,H006,S002,Headache,337,321.0,4.984423676012461,765,0.44052287581699345
2026-07-06,H006,S003,Fatigue,159,160.0,-0.625,765,0.20784313725490197
2026-07-06,H006,S004,Chills,97,107.0,-9.345794392523365,765,0.12679738562091503
2026-07-06,H006,S005,Sweating,97,107.0,-9.345794392523365,765,0.12679738562091503
2026-07-06,H006,S006,Dry Cough,311,296.0,5.0675675675675675,765,0.4065359477124183
2026-07-06,H006,S007,Persistent Cough,39,41.0,-4.878048780487805,765,0.050980392156862744
2026-07-06,H006,S008,Sore Throat,203,184.0,10.326086956521738,765,0.265359477124183
2026-07-06,H006,S009,Runny Nose,119,98.0,21.428571428571427,765,0.15555555555555556
2026-07-06,H006,S010,Breathlessness,7,14.0,-50.0,765,0.009150326797385621
2026-07-06,H006,S011,Chest Pain,4,2.0,100.0,765,0.00522875816993464
2026-07-06,H006,S012,Loss of Taste,20,31.0,-35.483870967741936,765,0.026143790849673203
2026-07-06,H006,S013,Loss of Smell,23,28.0,-17.857142857142858,765,0.030065359477124184
2026-07-06,H006,S014,Muscle Pain,282,282.0,0.0,765,0.3686274509803922
2026-07-06,H006,S015,Joint Pain,126,117.0,7.6923076923076925,765,0.16470588235294117
2026-07-06,H006,S016,Retro-orbital Pain,102,95.0,7.368421052631578,765,0.13333333333333333
2026-07-06,H006,S017,Rash,42,29.0,44.827586206896555,765,0.054901960784313725
2026-07-06,H006,S018,Nausea,109,91.0,19.78021978021978,765,0.14248366013071895
2026-07-06,H006,S019,Vomiting,143,131.0,9.16030534351145,765,0.1869281045751634
2026-07-06,H006,S020,Diarrhoea,111,103.0,7.766990291262135,765,0.1450980392156863
2026-07-06,H006,S021,Abdominal Pain,80,63.0,26.984126984126984,765,0.10457516339869281
2026-07-06,H006,S022,Loss of Appetite,27,28.0,-3.571428571428571,765,0.03529411764705882
2026-07-06,H006,S023,Weight Loss,6,4.0,50.0,765,0.00784313725490196
2026-07-06,H006,S024,Night Sweats,14,9.0,55.55555555555556,765,0.018300653594771243
2026-07-06,H006,S025,Bleeding,2,3.0,-33.33333333333333,765,0.00261437908496732
2026-07-06,H006,S026,Anaemia,2,1.0,100.0,765,0.00261437908496732
2026-07-06,H006,S027,Dehydration,2,3.0,-33.33333333333333,765,0.00261437908496732
2026-07-06,H007,S001,Fever,568,576.0,-1.3888888888888888,658,0.8632218844984803
2026-07-06,H007,S002,Headache,293,268.0,9.328358208955224,658,0.4452887537993921
2026-07-06,H007,S003,Fatigue,149,142.0,4.929577464788732,658,0.22644376899696048
2026-07-06,H007,S004,Chills,80,86.0,-6.976744186046512,658,0.12158054711246201
2026-07-06,H007,S005,Sweating,80,86.0,-6.976744186046512,658,0.12158054711246201
2026-07-06,H007,S006,Dry Cough,295,309.0,-4.53074433656958,658,0.44832826747720367
2026-07-06,H007,S007,Persistent Cough,18,24.0,-25.0,658,0.02735562310030395
2026-07-06,H007,S008,Sore Throat,189,200.0,-5.5,658,0.2872340425531915
2026-07-06,H007,S009,Runny Nose,125,112.0,11.607142857142858,658,0.1899696048632219
2026-07-06,H007,S010,Breathlessness,5,11.0,-54.54545454545454,658,0.007598784194528876
2026-07-06,H007,S012,Loss of Taste,19,23.0,-17.391304347826086,658,0.028875379939209727
2026-07-06,H007,S013,Loss of Smell,23,25.0,-8.0,658,0.034954407294832825
2026-07-06,H007,S014,Muscle Pain,266,253.0,5.138339920948617,658,0.40425531914893614
2026-07-06,H007,S015,Joint Pain,94,105.0,-10.476190476190476,658,0.14285714285714285
2026-07-06,H007,S016,Retro-orbital Pain,76,82.0,-7.317073170731707,658,0.11550151975683891
2026-07-06,H007,S017,Rash,39,30.0,30.0,658,0.05927051671732523
2026-07-06,H007,S018,Nausea,86,76.0,13.157894736842104,658,0.13069908814589665
2026-07-06,H007,S019,Vomiting,116,100.0,16.0,658,0.1762917933130699
2026-07-06,H007,S020,Diarrhoea,86,79.0,8.860759493670885,658,0.13069908814589665
2026-07-06,H007,S021,Abdominal Pain,59,47.0,25.53191489361702,658,0.08966565349544073
2026-07-06,H007,S022,Loss of Appetite,28,22.0,27.27272727272727,658,0.0425531914893617
2026-07-06,H007,S023,Weight Loss,2,2.0,0.0,658,0.00303951367781155
2026-07-06,H007,S024,Night Sweats,7,7.0,0.0,658,0.010638297872340425
2026-07-06,H007,S025,Bleeding,2,6.0,-66.66666666666666,658,0.00303951367781155
2026-07-06,H007,S027,Dehydration,3,2.0,50.0,658,0.004559270516717325
2026-07-06,H008,S001,Fever,703,698.0,0.7163323782234957,801,0.8776529338327091
2026-07-06,H008,S002,Headache,359,362.0,-0.8287292817679558,801,0.44818976279650435
2026-07-06,H008,S003,Fatigue,170,178.0,-4.49438202247191,801,0.21223470661672908
2026-07-06,H008,S004,Chills,115,99.0,16.161616161616163,801,0.14357053682896379
2026-07-06,H008,S005,Sweating,115,99.0,16.161616161616163,801,0.14357053682896379
2026-07-06,H008,S006,Dry Cough,333,328.0,1.524390243902439,801,0.4157303370786517
2026-07-06,H008,S007,Persistent Cough,24,26.0,-7.6923076923076925,801,0.0299625468164794
2026-07-06,H008,S008,Sore Throat,202,214.0,-5.607476635514018,801,0.25218476903870163
2026-07-06,H008,S009,Runny Nose,110,124.0,-11.29032258064516,801,0.1373283395755306
2026-07-06,H008,S010,Breathlessness,11,7.0,57.14285714285714,801,0.01373283395755306
2026-07-06,H008,S011,Chest Pain,1,2.0,-50.0,801,0.0012484394506866417
2026-07-06,H008,S012,Loss of Taste,37,20.0,85.0,801,0.046192259675405745
2026-07-06,H008,S013,Loss of Smell,31,21.0,47.61904761904761,801,0.03870162297128589
2026-07-06,H008,S014,Muscle Pain,310,331.0,-6.3444108761329305,801,0.38701622971285893
2026-07-06,H008,S015,Joint Pain,135,153.0,-11.76470588235294,801,0.16853932584269662
2026-07-06,H008,S016,Retro-orbital Pain,114,121.0,-5.785123966942149,801,0.14232209737827714
2026-07-06,H008,S017,Rash,34,42.0,-19.047619047619047,801,0.04244694132334582
2026-07-06,H008,S018,Nausea,91,97.0,-6.185567010309279,801,0.1136079900124844
2026-07-06,H008,S019,Vomiting,125,143.0,-12.587412587412588,801,0.1560549313358302
2026-07-06,H008,S020,Diarrhoea,96,105.0,-8.571428571428571,801,0.1198501872659176
2026-07-06,H008,S021,Abdominal Pain,68,72.0,-5.555555555555555,801,0.08489388264669163
2026-07-06,H008,S022,Loss of Appetite,27,24.0,12.5,801,0.033707865168539325
2026-07-06,H008,S023,Weight Loss,2,4.0,-50.0,801,0.0024968789013732834
2026-07-06,H008,S024,Night Sweats,7,12.0,-41.66666666666667,801,0.008739076154806492
2026-07-06,H008,S025,Bleeding,8,4.0,100.0,801,0.009987515605493134
2026-07-06,H008,S026,Anaemia,3,1.0,200.0,801,0.003745318352059925
2026-07-06,H008,S027,Dehydration,2,3.0,-33.33333333333333,801,0.0024968789013732834
2026-07-06,H009,S001,Fever,519,539.0,-3.710575139146568,615,0.8439024390243902
2026-07-06,H009,S002,Headache,278,276.0,0.7246376811594203,615,0.45203252032520325
2026-07-06,H009,S003,Fatigue,123,146.0,-15.753424657534246,615,0.2
2026-07-06,H009,S004,Chills,84,99.0,-15.151515151515152,615,0.13658536585365855
2026-07-06,H009,S005,Sweating,84,99.0,-15.151515151515152,615,0.13658536585365855
2026-07-06,H009,S006,Dry Cough,239,234.0,2.1367521367521367,615,0.3886178861788618
2026-07-06,H009,S007,Persistent Cough,20,23.0,-13.043478260869565,615,0.032520325203252036
2026-07-06,H009,S008,Sore Throat,149,168.0,-11.30952380952381,615,0.24227642276422764
2026-07-06,H009,S009,Runny Nose,92,94.0,-2.127659574468085,615,0.14959349593495935
2026-07-06,H009,S010,Breathlessness,6,11.0,-45.45454545454545,615,0.00975609756097561
2026-07-06,H009,S012,Loss of Taste,21,27.0,-22.22222222222222,615,0.03414634146341464
2026-07-06,H009,S013,Loss of Smell,22,23.0,-4.3478260869565215,615,0.03577235772357724
2026-07-06,H009,S014,Muscle Pain,224,236.0,-5.084745762711865,615,0.3642276422764228
2026-07-06,H009,S015,Joint Pain,99,117.0,-15.384615384615385,615,0.16097560975609757
2026-07-06,H009,S016,Retro-orbital Pain,80,81.0,-1.2345679012345678,615,0.13008130081300814
2026-07-06,H009,S017,Rash,31,43.0,-27.906976744186046,615,0.05040650406504065
2026-07-06,H009,S018,Nausea,92,93.0,-1.0752688172043012,615,0.14959349593495935
2026-07-06,H009,S019,Vomiting,121,116.0,4.310344827586207,615,0.1967479674796748
2026-07-06,H009,S020,Diarrhoea,93,89.0,4.49438202247191,615,0.15121951219512195
2026-07-06,H009,S021,Abdominal Pain,59,63.0,-6.349206349206349,615,0.0959349593495935
2026-07-06,H009,S022,Loss of Appetite,25,23.0,8.695652173913043,615,0.04065040650406504
2026-07-06,H009,S023,Weight Loss,2,5.0,-60.0,615,0.0032520325203252032
2026-07-06,H009,S024,Night Sweats,7,8.0,-12.5,615,0.011382113821138212
2026-07-06,H009,S025,Bleeding,3,2.0,50.0,615,0.004878048780487805
2026-07-06,H009,S026,Anaemia,2,3.0,-33.33333333333333,615,0.0032520325203252032
2026-07-06,H009,S027,Dehydration,1,1.0,0.0,615,0.0016260162601626016
2026-07-06,H010,S001,Fever,848,864.0,-1.8518518518518516,1000,0.848
2026-07-06,H010,S002,Headache,454,451.0,0.6651884700665188,1000,0.454
2026-07-06,H010,S003,Fatigue,194,202.0,-3.9603960396039604,1000,0.194
2026-07-06,H010,S004,Chills,137,133.0,3.007518796992481,1000,0.137
2026-07-06,H010,S005,Sweating,137,133.0,3.007518796992481,1000,0.137
2026-07-06,H010,S006,Dry Cough,364,406.0,-10.344827586206897,1000,0.364
2026-07-06,H010,S007,Persistent Cough,31,36.0,-13.88888888888889,1000,0.031
2026-07-06,H010,S008,Sore Throat,220,253.0,-13.043478260869565,1000,0.22
2026-07-06,H010,S009,Runny Nose,161,174.0,-7.471264367816093,1000,0.161
2026-07-06,H010,S010,Breathlessness,14,7.0,100.0,1000,0.014
2026-07-06,H010,S011,Chest Pain,4,3.0,33.33333333333333,1000,0.004
2026-07-06,H010,S012,Loss of Taste,36,26.0,38.46153846153847,1000,0.036
2026-07-06,H010,S013,Loss of Smell,31,29.0,6.896551724137931,1000,0.031
2026-07-06,H010,S014,Muscle Pain,392,416.0,-5.769230769230769,1000,0.392
2026-07-06,H010,S015,Joint Pain,183,173.0,5.780346820809249,1000,0.183
2026-07-06,H010,S016,Retro-orbital Pain,130,134.0,-2.9850746268656714,1000,0.13
2026-07-06,H010,S017,Rash,49,53.0,-7.547169811320755,1000,0.049
2026-07-06,H010,S018,Nausea,128,144.0,-11.11111111111111,1000,0.128
2026-07-06,H010,S019,Vomiting,181,209.0,-13.397129186602871,1000,0.181
2026-07-06,H010,S020,Diarrhoea,161,154.0,4.545454545454546,1000,0.161
2026-07-06,H010,S021,Abdominal Pain,114,108.0,5.555555555555555,1000,0.114
2026-07-06,H010,S022,Loss of Appetite,47,37.0,27.027027027027028,1000,0.047
2026-07-06,H010,S023,Weight Loss,5,6.0,-16.666666666666664,1000,0.005
2026-07-06,H010,S024,Night Sweats,12,14.0,-14.285714285714285,1000,0.012
2026-07-06,H010,S025,Bleeding,4,3.0,33.33333333333333,1000,0.004
2026-07-06,H010,S026,Anaemia,1,5.0,-80.0,1000,0.001
2026-07-06,H010,S027,Dehydration,7,11.0,-36.36363636363637,1000,0.007
2026-07-13,H001,S001,Fever,950,907.0,4.740904079382579,1087,0.8739650413983441
2026-07-13,H001,S002,Headache,487,459.0,6.1002178649237475,1087,0.44802207911683534
2026-07-13,H001,S003,Fatigue,224,203.0,10.344827586206897,1087,0.20607175712971482
2026-07-13,H001,S004,Chills,125,146.0,-14.383561643835616,1087,0.11499540018399264
2026-07-13,H001,S005,Sweating,125,146.0,-14.383561643835616,1087,0.11499540018399264
2026-07-13,H001,S006,Dry Cough,501,457.0,9.62800875273523,1087,0.4609015639374425
2026-07-13,H001,S007,Persistent Cough,28,45.0,-37.77777777777778,1087,0.025758969641214352
2026-07-13,H001,S008,Sore Throat,325,298.0,9.060402684563758,1087,0.29898804047838085
2026-07-13,H001,S009,Runny Nose,210,202.0,3.9603960396039604,1087,0.19319227230910763
2026-07-13,H001,S010,Breathlessness,7,14.0,-50.0,1087,0.006439742410303588
2026-07-13,H001,S012,Loss of Taste,30,31.0,-3.225806451612903,1087,0.027598896044158234
2026-07-13,H001,S013,Loss of Smell,28,36.0,-22.22222222222222,1087,0.025758969641214352
2026-07-13,H001,S014,Muscle Pain,449,409.0,9.7799511002445,1087,0.41306347746090155
2026-07-13,H001,S015,Joint Pain,176,160.0,10.0,1087,0.16191352345906163
2026-07-13,H001,S016,Retro-orbital Pain,128,120.0,6.666666666666667,1087,0.11775528978840846
2026-07-13,H001,S017,Rash,55,56.0,-1.7857142857142856,1087,0.050597976080956765
2026-07-13,H001,S018,Nausea,132,132.0,0.0,1087,0.12143514259429623
2026-07-13,H001,S019,Vomiting,173,171.0,1.1695906432748537,1087,0.15915363385464582
2026-07-13,H001,S020,Diarrhoea,142,129.0,10.077519379844961,1087,0.13063477460901565
2026-07-13,H001,S021,Abdominal Pain,101,96.0,5.208333333333334,1087,0.09291628334866606
2026-07-13,H001,S022,Loss of Appetite,41,39.0,5.128205128205128,1087,0.03771849126034959
2026-07-13,H001,S024,Night Sweats,8,14.0,-42.857142857142854,1087,0.007359705611775529
2026-07-13,H001,S025,Bleeding,4,6.0,-33.33333333333333,1087,0.0036798528058877645
2026-07-13,H001,S026,Anaemia,2,2.0,0.0,1087,0.0018399264029438822
2026-07-13,H001,S027,Dehydration,6,4.0,50.0,1087,0.005519779208831647
2026-07-13,H002,S001,Fever,762,744.0,2.4193548387096775,886,0.8600451467268623
2026-07-13,H002,S002,Headache,407,381.0,6.824146981627297,886,0.45936794582392776
2026-07-13,H002,S003,Fatigue,172,172.0,0.0,886,0.19413092550790068
2026-07-13,H002,S004,Chills,94,115.0,-18.26086956521739,886,0.10609480812641084
2026-07-13,H002,S005,Sweating,94,115.0,-18.26086956521739,886,0.10609480812641084
2026-07-13,H002,S006,Dry Cough,403,380.0,6.052631578947368,886,0.4548532731376975
2026-07-13,H002,S007,Persistent Cough,29,24.0,20.833333333333336,886,0.0327313769751693
2026-07-13,H002,S008,Sore Throat,265,249.0,6.425702811244979,886,0.29909706546275394
2026-07-13,H002,S009,Runny Nose,175,153.0,14.37908496732026,886,0.19751693002257337
2026-07-13,H002,S010,Breathlessness,11,11.0,0.0,886,0.012415349887133182
2026-07-13,H002,S011,Chest Pain,1,4.0,-75.0,886,0.001128668171557562
2026-07-13,H002,S012,Loss of Taste,21,34.0,-38.23529411764706,886,0.023702031602708805
2026-07-13,H002,S013,Loss of Smell,26,33.0,-21.21212121212121,886,0.029345372460496615
2026-07-13,H002,S014,Muscle Pain,358,346.0,3.4682080924855487,886,0.4040632054176072
2026-07-13,H002,S015,Joint Pain,132,137.0,-3.64963503649635,886,0.1489841986455982
2026-07-13,H002,S016,Retro-orbital Pain,95,109.0,-12.844036697247708,886,0.1072234762979684
2026-07-13,H002,S017,Rash,44,40.0,10.0,886,0.04966139954853273
2026-07-13,H002,S018,Nausea,107,117.0,-8.547008547008547,886,0.12076749435665914
2026-07-13,H002,S019,Vomiting,161,145.0,11.03448275862069,886,0.18171557562076748
2026-07-13,H002,S020,Diarrhoea,123,108.0,13.88888888888889,886,0.13882618510158012
2026-07-13,H002,S021,Abdominal Pain,81,77.0,5.194805194805195,886,0.09142212189616253
2026-07-13,H002,S022,Loss of Appetite,29,27.0,7.4074074074074066,886,0.0327313769751693
2026-07-13,H002,S023,Weight Loss,1,4.0,-75.0,886,0.001128668171557562
2026-07-13,H002,S024,Night Sweats,10,6.0,66.66666666666666,886,0.011286681715575621
2026-07-13,H002,S025,Bleeding,1,5.0,-80.0,886,0.001128668171557562
2026-07-13,H002,S026,Anaemia,1,1.0,0.0,886,0.001128668171557562
2026-07-13,H002,S027,Dehydration,7,2.0,250.0,886,0.007900677200902935
2026-07-13,H003,S001,Fever,926,940.0,-1.4893617021276597,1063,0.8711194731890874
2026-07-13,H003,S002,Headache,477,485.0,-1.6494845360824744,1063,0.4487300094073377
2026-07-13,H003,S003,Fatigue,222,208.0,6.730769230769231,1063,0.20884289746001883
2026-07-13,H003,S004,Chills,167,152.0,9.868421052631579,1063,0.1571025399811853
2026-07-13,H003,S005,Sweating,167,152.0,9.868421052631579,1063,0.1571025399811853
2026-07-13,H003,S006,Dry Cough,396,409.0,-3.1784841075794623,1063,0.37253057384760113
2026-07-13,H003,S007,Persistent Cough,27,21.0,28.57142857142857,1063,0.02539981185324553
2026-07-13,H003,S008,Sore Throat,232,264.0,-12.121212121212121,1063,0.21825023518344308
2026-07-13,H003,S009,Runny Nose,147,156.0,-5.769230769230769,1063,0.13828786453433678
2026-07-13,H003,S010,Breathlessness,11,13.0,-15.384615384615385,1063,0.010348071495766699
2026-07-13,H003,S011,Chest Pain,2,2.0,0.0,1063,0.0018814675446848542
2026-07-13,H003,S012,Loss of Taste,33,44.0,-25.0,1063,0.031044214487300093
2026-07-13,H003,S013,Loss of Smell,35,39.0,-10.256410256410255,1063,0.03292568203198495
2026-07-13,H003,S014,Muscle Pain,425,463.0,-8.207343412526997,1063,0.39981185324553153
2026-07-13,H003,S015,Joint Pain,181,217.0,-16.589861751152075,1063,0.1702728127939793
2026-07-13,H003,S016,Retro-orbital Pain,162,171.0,-5.263157894736842,1063,0.1523988711194732
2026-07-13,H003,S017,Rash,50,66.0,-24.242424242424242,1063,0.047036688617121354
2026-07-13,H003,S018,Nausea,146,140.0,4.285714285714286,1063,0.13734713076199437
2026-07-13,H003,S019,Vomiting,194,184.0,5.434782608695652,1063,0.18250235183443086
2026-07-13,H003,S020,Diarrhoea,146,136.0,7.352941176470589,1063,0.13734713076199437
2026-07-13,H003,S021,Abdominal Pain,93,90.0,3.3333333333333335,1063,0.08748824082784572
2026-07-13,H003,S022,Loss of Appetite,36,40.0,-10.0,1063,0.03386641580432737
2026-07-13,H003,S023,Weight Loss,2,2.0,0.0,1063,0.0018814675446848542
2026-07-13,H003,S024,Night Sweats,11,3.0,266.66666666666663,1063,0.010348071495766699
2026-07-13,H003,S025,Bleeding,4,2.0,100.0,1063,0.0037629350893697085
2026-07-13,H003,S026,Anaemia,5,1.0,400.0,1063,0.004703668861712135
2026-07-13,H003,S027,Dehydration,5,6.0,-16.666666666666664,1063,0.004703668861712135
2026-07-13,H004,S001,Fever,889,842.0,5.581947743467933,1041,0.8539865513928915
2026-07-13,H004,S002,Headache,428,426.0,0.4694835680751174,1041,0.4111431316042267
2026-07-13,H004,S003,Fatigue,204,201.0,1.4925373134328357,1041,0.19596541786743515
2026-07-13,H004,S004,Chills,133,136.0,-2.2058823529411766,1041,0.12776176753121998
2026-07-13,H004,S005,Sweating,133,136.0,-2.2058823529411766,1041,0.12776176753121998
2026-07-13,H004,S006,Dry Cough,422,436.0,-3.211009174311927,1041,0.4053794428434198
2026-07-13,H004,S007,Persistent Cough,26,21.0,23.809523809523807,1041,0.024975984630163303
2026-07-13,H004,S008,Sore Throat,277,285.0,-2.807017543859649,1041,0.26609029779058596
2026-07-13,H004,S009,Runny Nose,153,166.0,-7.83132530120482,1041,0.14697406340057637
2026-07-13,H004,S010,Breathlessness,12,11.0,9.090909090909092,1041,0.011527377521613832
2026-07-13,H004,S011,Chest Pain,3,1.0,200.0,1041,0.002881844380403458
2026-07-13,H004,S012,Loss of Taste,32,38.0,-15.789473684210526,1041,0.03073967339097022
2026-07-13,H004,S013,Loss of Smell,33,42.0,-21.428571428571427,1041,0.03170028818443804
2026-07-13,H004,S014,Muscle Pain,403,365.0,10.41095890410959,1041,0.3871277617675312
2026-07-13,H004,S015,Joint Pain,177,138.0,28.26086956521739,1041,0.17002881844380405
2026-07-13,H004,S016,Retro-orbital Pain,125,102.0,22.54901960784314,1041,0.12007684918347743
2026-07-13,H004,S017,Rash,59,50.0,18.0,1041,0.056676272814601344
2026-07-13,H004,S018,Nausea,146,139.0,5.0359712230215825,1041,0.14024975984630164
2026-07-13,H004,S019,Vomiting,201,181.0,11.049723756906078,1041,0.1930835734870317
2026-07-13,H004,S020,Diarrhoea,170,144.0,18.055555555555554,1041,0.1633045148895293
2026-07-13,H004,S021,Abdominal Pain,131,100.0,31.0,1041,0.12584053794428435
2026-07-13,H004,S022,Loss of Appetite,48,39.0,23.076923076923077,1041,0.04610951008645533
2026-07-13,H004,S023,Weight Loss,4,3.0,33.33333333333333,1041,0.0038424591738712775
2026-07-13,H004,S024,Night Sweats,10,10.0,0.0,1041,0.009606147934678195
2026-07-13,H004,S025,Bleeding,3,5.0,-40.0,1041,0.002881844380403458
2026-07-13,H004,S027,Dehydration,6,3.0,100.0,1041,0.005763688760806916
2026-07-13,H005,S001,Fever,808,806.0,0.24813895781637718,961,0.8407908428720083
2026-07-13,H005,S002,Headache,414,442.0,-6.334841628959276,961,0.4308012486992716
2026-07-13,H005,S003,Fatigue,166,179.0,-7.262569832402235,961,0.17273673257023933
2026-07-13,H005,S004,Chills,105,120.0,-12.5,961,0.10926118626430802
2026-07-13,H005,S005,Sweating,105,120.0,-12.5,961,0.10926118626430802
2026-07-13,H005,S006,Dry Cough,379,375.0,1.0666666666666667,961,0.39438085327783556
2026-07-13,H005,S007,Persistent Cough,27,26.0,3.8461538461538463,961,0.02809573361082206
2026-07-13,H005,S008,Sore Throat,254,237.0,7.172995780590717,961,0.2643080124869927
2026-07-13,H005,S009,Runny Nose,157,174.0,-9.770114942528735,961,0.16337148803329865
2026-07-13,H005,S010,Breathlessness,4,9.0,-55.55555555555556,961,0.004162330905306972
2026-07-13,H005,S011,Chest Pain,1,4.0,-75.0,961,0.001040582726326743
2026-07-13,H005,S012,Loss of Taste,18,24.0,-25.0,961,0.018730489073881373
2026-07-13,H005,S013,Loss of Smell,17,24.0,-29.166666666666668,961,0.01768990634755463
2026-07-13,H005,S014,Muscle Pain,397,378.0,5.026455026455026,961,0.413111342351717
2026-07-13,H005,S015,Joint Pain,173,158.0,9.49367088607595,961,0.18002081165452655
2026-07-13,H005,S016,Retro-orbital Pain,147,115.0,27.82608695652174,961,0.1529656607700312
2026-07-13,H005,S017,Rash,46,52.0,-11.538461538461538,961,0.047866805411030174
2026-07-13,H005,S018,Nausea,130,138.0,-5.797101449275362,961,0.13527575442247658
2026-07-13,H005,S019,Vomiting,198,182.0,8.791208791208792,961,0.2060353798126951
2026-07-13,H005,S020,Diarrhoea,155,150.0,3.3333333333333335,961,0.16129032258064516
2026-07-13,H005,S021,Abdominal Pain,109,102.0,6.862745098039216,961,0.11342351716961499
2026-07-13,H005,S022,Loss of Appetite,40,39.0,2.564102564102564,961,0.04162330905306972
2026-07-13,H005,S023,Weight Loss,2,5.0,-60.0,961,0.002081165452653486
2026-07-13,H005,S024,Night Sweats,8,8.0,0.0,961,0.008324661810613945
2026-07-13,H005,S025,Bleeding,3,3.0,0.0,961,0.003121748178980229
2026-07-13,H005,S026,Anaemia,2,3.0,-33.33333333333333,961,0.002081165452653486
2026-07-13,H005,S027,Dehydration,3,3.0,0.0,961,0.003121748178980229
2026-07-13,H006,S001,Fever,627,644.0,-2.639751552795031,735,0.8530612244897959
2026-07-13,H006,S002,Headache,314,337.0,-6.824925816023739,735,0.4272108843537415
2026-07-13,H006,S003,Fatigue,143,159.0,-10.062893081761008,735,0.1945578231292517
2026-07-13,H006,S004,Chills,95,97.0,-2.0618556701030926,735,0.1292517006802721
2026-07-13,H006,S005,Sweating,95,97.0,-2.0618556701030926,735,0.1292517006802721
2026-07-13,H006,S006,Dry Cough,270,311.0,-13.183279742765272,735,0.3673469387755102
2026-07-13,H006,S007,Persistent Cough,26,39.0,-33.33333333333333,735,0.03537414965986395
2026-07-13,H006,S008,Sore Throat,167,203.0,-17.733990147783253,735,0.2272108843537415
2026-07-13,H006,S009,Runny Nose,110,119.0,-7.563025210084033,735,0.14965986394557823
2026-07-13,H006,S010,Breathlessness,4,7.0,-42.857142857142854,735,0.005442176870748299
2026-07-13,H006,S011,Chest Pain,3,4.0,-25.0,735,0.004081632653061225
2026-07-13,H006,S012,Loss of Taste,16,20.0,-20.0,735,0.021768707482993196
2026-07-13,H006,S013,Loss of Smell,16,23.0,-30.434782608695656,735,0.021768707482993196
2026-07-13,H006,S014,Muscle Pain,305,282.0,8.156028368794328,735,0.41496598639455784
2026-07-13,H006,S015,Joint Pain,147,126.0,16.666666666666664,735,0.2
2026-07-13,H006,S016,Retro-orbital Pain,117,102.0,14.705882352941178,735,0.15918367346938775
2026-07-13,H006,S017,Rash,42,42.0,0.0,735,0.05714285714285714
2026-07-13,H006,S018,Nausea,116,109.0,6.422018348623854,735,0.15782312925170067
2026-07-13,H006,S019,Vomiting,144,143.0,0.6993006993006993,735,0.19591836734693877
2026-07-13,H006,S020,Diarrhoea,110,111.0,-0.9009009009009009,735,0.14965986394557823
2026-07-13,H006,S021,Abdominal Pain,80,80.0,0.0,735,0.10884353741496598
2026-07-13,H006,S022,Loss of Appetite,34,27.0,25.925925925925924,735,0.04625850340136054
2026-07-13,H006,S023,Weight Loss,4,6.0,-33.33333333333333,735,0.005442176870748299
2026-07-13,H006,S024,Night Sweats,13,14.0,-7.142857142857142,735,0.017687074829931974
2026-07-13,H006,S025,Bleeding,3,2.0,50.0,735,0.004081632653061225
2026-07-13,H006,S026,Anaemia,1,2.0,-50.0,735,0.0013605442176870747
2026-07-13,H006,S027,Dehydration,5,2.0,150.0,735,0.006802721088435374
2026-07-13,H007,S001,Fever,590,568.0,3.873239436619718,669,0.8819133034379671
2026-07-13,H007,S002,Headache,305,293.0,4.09556313993174,669,0.45590433482810166
2026-07-13,H007,S003,Fatigue,143,149.0,-4.026845637583892,669,0.21375186846038863
2026-07-13,H007,S004,Chills,86,80.0,7.5,669,0.12855007473841554
2026-07-13,H007,S005,Sweating,86,80.0,7.5,669,0.12855007473841554
2026-07-13,H007,S006,Dry Cough,305,295.0,3.389830508474576,669,0.45590433482810166
2026-07-13,H007,S007,Persistent Cough,16,18.0,-11.11111111111111,669,0.02391629297458894
2026-07-13,H007,S008,Sore Throat,196,189.0,3.7037037037037033,669,0.2929745889387145
2026-07-13,H007,S009,Runny Nose,118,125.0,-5.6000000000000005,669,0.17638266068759342
2026-07-13,H007,S010,Breathlessness,8,5.0,60.0,669,0.01195814648729447
2026-07-13,H007,S012,Loss of Taste,26,19.0,36.84210526315789,669,0.03886397608370702
2026-07-13,H007,S013,Loss of Smell,21,23.0,-8.695652173913043,669,0.03139013452914798
2026-07-13,H007,S014,Muscle Pain,265,266.0,-0.37593984962406013,669,0.3961136023916293
2026-07-13,H007,S015,Joint Pain,109,94.0,15.957446808510639,669,0.16292974588938713
2026-07-13,H007,S016,Retro-orbital Pain,75,76.0,-1.3157894736842104,669,0.11210762331838565
2026-07-13,H007,S017,Rash,28,39.0,-28.205128205128204,669,0.04185351270553064
2026-07-13,H007,S018,Nausea,78,86.0,-9.30232558139535,669,0.11659192825112108
2026-07-13,H007,S019,Vomiting,106,116.0,-8.620689655172415,669,0.15844544095665172
2026-07-13,H007,S020,Diarrhoea,83,86.0,-3.488372093023256,669,0.12406576980568013
2026-07-13,H007,S021,Abdominal Pain,62,59.0,5.084745762711865,669,0.09267563527653214
2026-07-13,H007,S022,Loss of Appetite,24,28.0,-14.285714285714285,669,0.03587443946188341
2026-07-13,H007,S024,Night Sweats,5,7.0,-28.57142857142857,669,0.007473841554559043
2026-07-13,H007,S025,Bleeding,1,2.0,-50.0,669,0.0014947683109118087
2026-07-13,H007,S026,Anaemia,3,2.0,50.0,669,0.004484304932735426
2026-07-13,H007,S027,Dehydration,3,3.0,0.0,669,0.004484304932735426
2026-07-13,H008,S001,Fever,676,703.0,-3.8406827880512093,771,0.8767833981841764
2026-07-13,H008,S002,Headache,342,359.0,-4.735376044568245,771,0.44357976653696496
2026-07-13,H008,S003,Fatigue,164,170.0,-3.5294117647058822,771,0.2127107652399481
2026-07-13,H008,S004,Chills,103,115.0,-10.434782608695652,771,0.13359273670557717
2026-07-13,H008,S005,Sweating,103,115.0,-10.434782608695652,771,0.13359273670557717
2026-07-13,H008,S006,Dry Cough,305,333.0,-8.408408408408409,771,0.3955901426718547
2026-07-13,H008,S007,Persistent Cough,22,24.0,-8.333333333333332,771,0.028534370946822308
2026-07-13,H008,S008,Sore Throat,193,202.0,-4.455445544554455,771,0.2503242542153048
2026-07-13,H008,S009,Runny Nose,106,110.0,-3.6363636363636362,771,0.13748378728923477
2026-07-13,H008,S010,Breathlessness,6,11.0,-45.45454545454545,771,0.007782101167315175
2026-07-13,H008,S011,Chest Pain,2,1.0,100.0,771,0.0025940337224383916
2026-07-13,H008,S012,Loss of Taste,19,37.0,-48.64864864864865,771,0.02464332036316472
2026-07-13,H008,S013,Loss of Smell,23,31.0,-25.806451612903224,771,0.029831387808041506
2026-07-13,H008,S014,Muscle Pain,325,310.0,4.838709677419355,771,0.42153047989623865
2026-07-13,H008,S015,Joint Pain,150,135.0,11.11111111111111,771,0.19455252918287938
2026-07-13,H008,S016,Retro-orbital Pain,122,114.0,7.017543859649122,771,0.1582360570687419
2026-07-13,H008,S017,Rash,53,34.0,55.88235294117647,771,0.06874189364461739
2026-07-13,H008,S018,Nausea,111,91.0,21.978021978021978,771,0.14396887159533073
2026-07-13,H008,S019,Vomiting,139,125.0,11.200000000000001,771,0.18028534370946822
2026-07-13,H008,S020,Diarrhoea,97,96.0,1.0416666666666665,771,0.125810635538262
2026-07-13,H008,S021,Abdominal Pain,72,68.0,5.88235294117647,771,0.0933852140077821
2026-07-13,H008,S022,Loss of Appetite,40,27.0,48.148148148148145,771,0.05188067444876784
2026-07-13,H008,S023,Weight Loss,2,2.0,0.0,771,0.0025940337224383916
2026-07-13,H008,S024,Night Sweats,9,7.0,28.57142857142857,771,0.011673151750972763
2026-07-13,H008,S025,Bleeding,4,8.0,-50.0,771,0.005188067444876783
2026-07-13,H008,S026,Anaemia,2,3.0,-33.33333333333333,771,0.0025940337224383916
2026-07-13,H008,S027,Dehydration,2,2.0,0.0,771,0.0025940337224383916
2026-07-13,H009,S001,Fever,538,519.0,3.6608863198458574,632,0.8512658227848101
2026-07-13,H009,S002,Headache,264,278.0,-5.0359712230215825,632,0.4177215189873418
2026-07-13,H009,S003,Fatigue,128,123.0,4.0650406504065035,632,0.20253164556962025
2026-07-13,H009,S004,Chills,69,84.0,-17.857142857142858,632,0.10917721518987342
2026-07-13,H009,S005,Sweating,69,84.0,-17.857142857142858,632,0.10917721518987342
2026-07-13,H009,S006,Dry Cough,253,239.0,5.857740585774058,632,0.40031645569620256
2026-07-13,H009,S007,Persistent Cough,16,20.0,-20.0,632,0.02531645569620253
2026-07-13,H009,S008,Sore Throat,157,149.0,5.369127516778524,632,0.24841772151898733
2026-07-13,H009,S009,Runny Nose,82,92.0,-10.869565217391305,632,0.12974683544303797
2026-07-13,H009,S010,Breathlessness,4,6.0,-33.33333333333333,632,0.006329113924050633
2026-07-13,H009,S011,Chest Pain,1,4.0,-75.0,632,0.0015822784810126582
2026-07-13,H009,S012,Loss of Taste,25,21.0,19.047619047619047,632,0.03955696202531646
2026-07-13,H009,S013,Loss of Smell,25,22.0,13.636363636363635,632,0.03955696202531646
2026-07-13,H009,S014,Muscle Pain,245,224.0,9.375,632,0.3876582278481013
2026-07-13,H009,S015,Joint Pain,121,99.0,22.22222222222222,632,0.19145569620253164
2026-07-13,H009,S016,Retro-orbital Pain,88,80.0,10.0,632,0.13924050632911392
2026-07-13,H009,S017,Rash,43,31.0,38.70967741935484,632,0.0680379746835443
2026-07-13,H009,S018,Nausea,95,92.0,3.260869565217391,632,0.15031645569620253
2026-07-13,H009,S019,Vomiting,126,121.0,4.132231404958678,632,0.19936708860759494
2026-07-13,H009,S020,Diarrhoea,100,93.0,7.526881720430108,632,0.15822784810126583
2026-07-13,H009,S021,Abdominal Pain,66,59.0,11.864406779661017,632,0.10443037974683544
2026-07-13,H009,S022,Loss of Appetite,16,25.0,-36.0,632,0.02531645569620253
2026-07-13,H009,S023,Weight Loss,1,2.0,-50.0,632,0.0015822784810126582
2026-07-13,H009,S024,Night Sweats,3,7.0,-57.14285714285714,632,0.004746835443037975
2026-07-13,H009,S025,Bleeding,4,3.0,33.33333333333333,632,0.006329113924050633
2026-07-13,H009,S026,Anaemia,4,2.0,100.0,632,0.006329113924050633
2026-07-13,H009,S027,Dehydration,4,1.0,300.0,632,0.006329113924050633
2026-07-13,H010,S001,Fever,825,848.0,-2.7122641509433962,963,0.8566978193146417
2026-07-13,H010,S002,Headache,430,454.0,-5.286343612334802,963,0.446521287642783
2026-07-13,H010,S003,Fatigue,173,194.0,-10.824742268041238,963,0.17964693665628245
2026-07-13,H010,S004,Chills,120,137.0,-12.408759124087592,963,0.12461059190031153
2026-07-13,H010,S005,Sweating,120,137.0,-12.408759124087592,963,0.12461059190031153
2026-07-13,H010,S006,Dry Cough,364,364.0,0.0,963,0.37798546209761164
2026-07-13,H010,S007,Persistent Cough,25,31.0,-19.35483870967742,963,0.02596053997923157
2026-07-13,H010,S008,Sore Throat,235,220.0,6.8181818181818175,963,0.24402907580477673
2026-07-13,H010,S009,Runny Nose,149,161.0,-7.453416149068323,963,0.15472481827622014
2026-07-13,H010,S010,Breathlessness,9,14.0,-35.714285714285715,963,0.009345794392523364
2026-07-13,H010,S011,Chest Pain,2,4.0,-50.0,963,0.0020768431983385254
2026-07-13,H010,S012,Loss of Taste,24,36.0,-33.33333333333333,963,0.024922118380062305
2026-07-13,H010,S013,Loss of Smell,27,31.0,-12.903225806451612,963,0.028037383177570093
2026-07-13,H010,S014,Muscle Pain,414,392.0,5.612244897959184,963,0.42990654205607476
2026-07-13,H010,S015,Joint Pain,172,183.0,-6.0109289617486334,963,0.1786085150571132
2026-07-13,H010,S016,Retro-orbital Pain,152,130.0,16.923076923076923,963,0.15784008307372793
2026-07-13,H010,S017,Rash,58,49.0,18.367346938775512,963,0.060228452751817235
2026-07-13,H010,S018,Nausea,164,128.0,28.125,963,0.1703011422637591
2026-07-13,H010,S019,Vomiting,189,181.0,4.41988950276243,963,0.19626168224299065
2026-07-13,H010,S020,Diarrhoea,148,161.0,-8.074534161490684,963,0.1536863966770509
2026-07-13,H010,S021,Abdominal Pain,106,114.0,-7.017543859649122,963,0.11007268951194185
2026-07-13,H010,S022,Loss of Appetite,42,47.0,-10.638297872340425,963,0.04361370716510903
2026-07-13,H010,S023,Weight Loss,4,5.0,-20.0,963,0.004153686396677051
2026-07-13,H010,S024,Night Sweats,6,12.0,-50.0,963,0.006230529595015576
2026-07-13,H010,S025,Bleeding,5,4.0,25.0,963,0.005192107995846314
2026-07-13,H010,S026,Anaemia,5,1.0,400.0,963,0.005192107995846314
2026-07-13,H010,S027,Dehydration,5,7.0,-28.57142857142857,963,0.005192107995846314
2026-07-20,H001,S001,Fever,956,950.0,0.631578947368421,1118,0.855098389982111
2026-07-20,H001,S002,Headache,477,487.0,-2.0533880903490758,1118,0.426654740608229
2026-07-20,H001,S003,Fatigue,259,224.0,15.625,1118,0.23166368515205724
2026-07-20,H001,S004,Chills,133,125.0,6.4,1118,0.11896243291592129
2026-07-20,H001,S005,Sweating,133,125.0,6.4,1118,0.11896243291592129
2026-07-20,H001,S006,Dry Cough,513,501.0,2.3952095808383236,1118,0.4588550983899821
2026-07-20,H001,S007,Persistent Cough,51,28.0,82.14285714285714,1118,0.04561717352415027
2026-07-20,H001,S008,Sore Throat,333,325.0,2.4615384615384617,1118,0.29785330948121647
2026-07-20,H001,S009,Runny Nose,199,210.0,-5.238095238095238,1118,0.1779964221824687
2026-07-20,H001,S010,Breathlessness,14,7.0,100.0,1118,0.012522361359570662
2026-07-20,H001,S011,Chest Pain,3,2.0,50.0,1118,0.0026833631484794273
2026-07-20,H001,S012,Loss of Taste,38,30.0,26.666666666666668,1118,0.03398926654740608
2026-07-20,H001,S013,Loss of Smell,33,28.0,17.857142857142858,1118,0.029516994633273702
2026-07-20,H001,S014,Muscle Pain,429,449.0,-4.4543429844097995,1118,0.38372093023255816
2026-07-20,H001,S015,Joint Pain,150,176.0,-14.772727272727273,1118,0.13416815742397137
2026-07-20,H001,S016,Retro-orbital Pain,102,128.0,-20.3125,1118,0.09123434704830054
2026-07-20,H001,S017,Rash,54,55.0,-1.8181818181818181,1118,0.04830053667262969
2026-07-20,H001,S018,Nausea,142,132.0,7.575757575757576,1118,0.12701252236135957
2026-07-20,H001,S019,Vomiting,203,173.0,17.341040462427745,1118,0.1815742397137746
2026-07-20,H001,S020,Diarrhoea,157,142.0,10.56338028169014,1118,0.1404293381037567
2026-07-20,H001,S021,Abdominal Pain,104,101.0,2.9702970297029703,1118,0.09302325581395349
2026-07-20,H001,S022,Loss of Appetite,42,41.0,2.4390243902439024,1118,0.03756708407871199
2026-07-20,H001,S023,Weight Loss,10,3.0,233.33333333333334,1118,0.008944543828264758
2026-07-20,H001,S024,Night Sweats,21,8.0,162.5,1118,0.018783542039355994
2026-07-20,H001,S025,Bleeding,2,4.0,-50.0,1118,0.0017889087656529517
2026-07-20,H001,S026,Anaemia,3,2.0,50.0,1118,0.0026833631484794273
2026-07-20,H001,S027,Dehydration,6,6.0,0.0,1118,0.005366726296958855
2026-07-20,H002,S001,Fever,749,762.0,-1.7060367454068242,872,0.8589449541284404
2026-07-20,H002,S002,Headache,378,407.0,-7.125307125307126,872,0.4334862385321101
2026-07-20,H002,S003,Fatigue,180,172.0,4.651162790697675,872,0.20642201834862386
2026-07-20,H002,S004,Chills,94,94.0,0.0,872,0.10779816513761468
2026-07-20,H002,S005,Sweating,94,94.0,0.0,872,0.10779816513761468
2026-07-20,H002,S006,Dry Cough,392,403.0,-2.729528535980149,872,0.44954128440366975
2026-07-20,H002,S007,Persistent Cough,32,29.0,10.344827586206897,872,0.03669724770642202
2026-07-20,H002,S008,Sore Throat,251,265.0,-5.283018867924529,872,0.28784403669724773
2026-07-20,H002,S009,Runny Nose,159,175.0,-9.142857142857142,872,0.1823394495412844
2026-07-20,H002,S010,Breathlessness,9,11.0,-18.181818181818183,872,0.010321100917431193
2026-07-20,H002,S011,Chest Pain,2,1.0,100.0,872,0.0022935779816513763
2026-07-20,H002,S012,Loss of Taste,25,21.0,19.047619047619047,872,0.028669724770642203
2026-07-20,H002,S013,Loss of Smell,27,26.0,3.8461538461538463,872,0.03096330275229358
2026-07-20,H002,S014,Muscle Pain,355,358.0,-0.8379888268156425,872,0.40711009174311924
2026-07-20,H002,S015,Joint Pain,146,132.0,10.606060606060606,872,0.16743119266055045
2026-07-20,H002,S016,Retro-orbital Pain,104,95.0,9.473684210526317,872,0.11926605504587157
2026-07-20,H002,S017,Rash,53,44.0,20.454545454545457,872,0.06077981651376147
2026-07-20,H002,S018,Nausea,126,107.0,17.75700934579439,872,0.1444954128440367
2026-07-20,H002,S019,Vomiting,162,161.0,0.6211180124223602,872,0.18577981651376146
2026-07-20,H002,S020,Diarrhoea,122,123.0,-0.8130081300813009,872,0.13990825688073394
2026-07-20,H002,S021,Abdominal Pain,81,81.0,0.0,872,0.09288990825688073
2026-07-20,H002,S022,Loss of Appetite,31,29.0,6.896551724137931,872,0.03555045871559633
2026-07-20,H002,S023,Weight Loss,4,1.0,300.0,872,0.0045871559633027525
2026-07-20,H002,S024,Night Sweats,11,10.0,10.0,872,0.01261467889908257
2026-07-20,H002,S025,Bleeding,7,1.0,600.0,872,0.008027522935779817
2026-07-20,H002,S027,Dehydration,3,7.0,-57.14285714285714,872,0.0034403669724770644
2026-07-20,H003,S001,Fever,928,926.0,0.21598272138228944,1085,0.8552995391705069
2026-07-20,H003,S002,Headache,508,477.0,6.498951781970649,1085,0.4682027649769585
2026-07-20,H003,S003,Fatigue,175,222.0,-21.17117117117117,1085,0.16129032258064516
2026-07-20,H003,S004,Chills,168,167.0,0.5988023952095809,1085,0.15483870967741936
2026-07-20,H003,S005,Sweating,168,167.0,0.5988023952095809,1085,0.15483870967741936
2026-07-20,H003,S006,Dry Cough,365,396.0,-7.828282828282829,1085,0.33640552995391704
2026-07-20,H003,S007,Persistent Cough,22,27.0,-18.51851851851852,1085,0.020276497695852536
2026-07-20,H003,S008,Sore Throat,225,232.0,-3.0172413793103448,1085,0.2073732718894009
2026-07-20,H003,S009,Runny Nose,147,147.0,0.0,1085,0.13548387096774195
2026-07-20,H003,S010,Breathlessness,9,11.0,-18.181818181818183,1085,0.008294930875576038
2026-07-20,H003,S011,Chest Pain,2,2.0,0.0,1085,0.0018433179723502304
2026-07-20,H003,S012,Loss of Taste,33,33.0,0.0,1085,0.030414746543778803
2026-07-20,H003,S013,Loss of Smell,36,35.0,2.857142857142857,1085,0.03317972350230415
2026-07-20,H003,S014,Muscle Pain,462,425.0,8.705882352941176,1085,0.4258064516129032
2026-07-20,H003,S015,Joint Pain,236,181.0,30.386740331491712,1085,0.21751152073732719
2026-07-20,H003,S016,Retro-orbital Pain,176,162.0,8.641975308641975,1085,0.1622119815668203
2026-07-20,H003,S017,Rash,56,50.0,12.0,1085,0.05161290322580645
2026-07-20,H003,S018,Nausea,148,146.0,1.36986301369863,1085,0.13640552995391705
2026-07-20,H003,S019,Vomiting,202,194.0,4.123711340206185,1085,0.18617511520737326
2026-07-20,H003,S020,Diarrhoea,160,146.0,9.58904109589041,1085,0.14746543778801843
2026-07-20,H003,S021,Abdominal Pain,110,93.0,18.27956989247312,1085,0.10138248847926268
2026-07-20,H003,S022,Loss of Appetite,49,36.0,36.11111111111111,1085,0.04516129032258064
2026-07-20,H003,S023,Weight Loss,4,2.0,100.0,1085,0.003686635944700461
2026-07-20,H003,S024,Night Sweats,8,11.0,-27.27272727272727,1085,0.007373271889400922
2026-07-20,H003,S025,Bleeding,7,4.0,75.0,1085,0.0064516129032258064
2026-07-20,H003,S026,Anaemia,4,5.0,-20.0,1085,0.003686635944700461
2026-07-20,H003,S027,Dehydration,8,5.0,60.0,1085,0.007373271889400922
2026-07-20,H004,S001,Fever,877,889.0,-1.3498312710911136,1041,0.8424591738712777
2026-07-20,H004,S002,Headache,433,428.0,1.1682242990654206,1041,0.4159462055715658
2026-07-20,H004,S003,Fatigue,217,204.0,6.372549019607843,1041,0.2084534101825168
2026-07-20,H004,S004,Chills,146,133.0,9.774436090225564,1041,0.14024975984630164
2026-07-20,H004,S005,Sweating,146,133.0,9.774436090225564,1041,0.14024975984630164
2026-07-20,H004,S006,Dry Cough,408,422.0,-3.3175355450236967,1041,0.3919308357348703
2026-07-20,H004,S007,Persistent Cough,33,26.0,26.923076923076923,1041,0.03170028818443804
2026-07-20,H004,S008,Sore Throat,271,277.0,-2.166064981949458,1041,0.26032660902977905
2026-07-20,H004,S009,Runny Nose,157,153.0,2.6143790849673203,1041,0.15081652257444764
2026-07-20,H004,S010,Breathlessness,10,12.0,-16.666666666666664,1041,0.009606147934678195
2026-07-20,H004,S011,Chest Pain,2,3.0,-33.33333333333333,1041,0.0019212295869356388
2026-07-20,H004,S012,Loss of Taste,33,32.0,3.125,1041,0.03170028818443804
2026-07-20,H004,S013,Loss of Smell,37,33.0,12.121212121212121,1041,0.03554274735830932
2026-07-20,H004,S014,Muscle Pain,392,403.0,-2.729528535980149,1041,0.3765609990393852
2026-07-20,H004,S015,Joint Pain,178,177.0,0.5649717514124294,1041,0.17098943323727187
2026-07-20,H004,S016,Retro-orbital Pain,136,125.0,8.799999999999999,1041,0.13064361191162344
2026-07-20,H004,S017,Rash,55,59.0,-6.779661016949152,1041,0.052833813640730067
2026-07-20,H004,S018,Nausea,148,146.0,1.36986301369863,1041,0.14217098943323728
2026-07-20,H004,S019,Vomiting,211,201.0,4.975124378109453,1041,0.2026897214217099
2026-07-20,H004,S020,Diarrhoea,163,170.0,-4.117647058823529,1041,0.15658021133525457
2026-07-20,H004,S021,Abdominal Pain,110,131.0,-16.030534351145036,1041,0.10566762728146013
2026-07-20,H004,S022,Loss of Appetite,39,48.0,-18.75,1041,0.037463976945244955
2026-07-20,H004,S023,Weight Loss,3,4.0,-25.0,1041,0.002881844380403458
2026-07-20,H004,S024,Night Sweats,9,10.0,-10.0,1041,0.008645533141210375
2026-07-20,H004,S025,Bleeding,2,3.0,-33.33333333333333,1041,0.0019212295869356388
2026-07-20,H004,S026,Anaemia,1,1.0,0.0,1041,0.0009606147934678194
2026-07-20,H004,S027,Dehydration,5,6.0,-16.666666666666664,1041,0.004803073967339097
2026-07-20,H005,S001,Fever,808,808.0,0.0,953,0.8478488982161595
2026-07-20,H005,S002,Headache,399,414.0,-3.6231884057971016,953,0.41867785939139557
2026-07-20,H005,S003,Fatigue,210,166.0,26.506024096385545,953,0.2203567681007345
2026-07-20,H005,S004,Chills,127,105.0,20.952380952380953,953,0.13326337880377753
2026-07-20,H005,S005,Sweating,127,105.0,20.952380952380953,953,0.13326337880377753
2026-07-20,H005,S006,Dry Cough,376,379.0,-0.79155672823219,953,0.3945435466946485
2026-07-20,H005,S007,Persistent Cough,36,27.0,33.33333333333333,953,0.03777544596012592
2026-07-20,H005,S008,Sore Throat,225,254.0,-11.41732283464567,953,0.236096537250787
2026-07-20,H005,S009,Runny Nose,125,157.0,-20.382165605095544,953,0.1311647429171039
2026-07-20,H005,S010,Breathlessness,6,4.0,50.0,953,0.0062959076600209865
2026-07-20,H005,S011,Chest Pain,2,1.0,100.0,953,0.002098635886673662
2026-07-20,H005,S012,Loss of Taste,39,18.0,116.66666666666667,953,0.040923399790136414
2026-07-20,H005,S013,Loss of Smell,40,17.0,135.29411764705884,953,0.04197271773347324
2026-07-20,H005,S014,Muscle Pain,360,397.0,-9.319899244332493,953,0.3777544596012592
2026-07-20,H005,S015,Joint Pain,155,173.0,-10.404624277456648,953,0.1626442812172088
2026-07-20,H005,S016,Retro-orbital Pain,131,147.0,-10.884353741496598,953,0.13746065057712487
2026-07-20,H005,S017,Rash,48,46.0,4.3478260869565215,953,0.05036726128016789
2026-07-20,H005,S018,Nausea,148,130.0,13.846153846153847,953,0.155299055613851
2026-07-20,H005,S019,Vomiting,197,198.0,-0.5050505050505051,953,0.20671563483735572
2026-07-20,H005,S020,Diarrhoea,142,155.0,-8.38709677419355,953,0.14900314795383002
2026-07-20,H005,S021,Abdominal Pain,97,109.0,-11.009174311926607,953,0.10178384050367262
2026-07-20,H005,S022,Loss of Appetite,36,40.0,-10.0,953,0.03777544596012592
2026-07-20,H005,S023,Weight Loss,3,2.0,50.0,953,0.0031479538300104933
2026-07-20,H005,S024,Night Sweats,13,8.0,62.5,953,0.013641133263378805
2026-07-20,H005,S025,Bleeding,1,3.0,-66.66666666666666,953,0.001049317943336831
2026-07-20,H005,S026,Anaemia,7,2.0,250.0,953,0.007345225603357817
2026-07-20,H005,S027,Dehydration,6,3.0,100.0,953,0.0062959076600209865
2026-07-20,H006,S001,Fever,645,627.0,2.8708133971291865,755,0.8543046357615894
2026-07-20,H006,S002,Headache,329,314.0,4.777070063694268,755,0.4357615894039735
2026-07-20,H006,S003,Fatigue,168,143.0,17.482517482517483,755,0.22251655629139072
2026-07-20,H006,S004,Chills,116,95.0,22.105263157894736,755,0.15364238410596026
2026-07-20,H006,S005,Sweating,116,95.0,22.105263157894736,755,0.15364238410596026
2026-07-20,H006,S006,Dry Cough,298,270.0,10.37037037037037,755,0.39470198675496687
2026-07-20,H006,S007,Persistent Cough,30,26.0,15.384615384615385,755,0.039735099337748346
2026-07-20,H006,S008,Sore Throat,203,167.0,21.55688622754491,755,0.26887417218543047
2026-07-20,H006,S009,Runny Nose,114,110.0,3.6363636363636362,755,0.1509933774834437
2026-07-20,H006,S010,Breathlessness,3,4.0,-25.0,755,0.003973509933774834
2026-07-20,H006,S011,Chest Pain,4,3.0,33.33333333333333,755,0.005298013245033113
2026-07-20,H006,S012,Loss of Taste,21,16.0,31.25,755,0.02781456953642384
2026-07-20,H006,S013,Loss of Smell,24,16.0,50.0,755,0.031788079470198675
2026-07-20,H006,S014,Muscle Pain,265,305.0,-13.114754098360656,755,0.3509933774834437
2026-07-20,H006,S015,Joint Pain,117,147.0,-20.408163265306122,755,0.15496688741721854
2026-07-20,H006,S016,Retro-orbital Pain,94,117.0,-19.65811965811966,755,0.12450331125827814
2026-07-20,H006,S017,Rash,48,42.0,14.285714285714285,755,0.06357615894039735
2026-07-20,H006,S018,Nausea,92,116.0,-20.689655172413794,755,0.12185430463576159
2026-07-20,H006,S019,Vomiting,150,144.0,4.166666666666666,755,0.1986754966887417
2026-07-20,H006,S020,Diarrhoea,109,110.0,-0.9090909090909091,755,0.14437086092715232
2026-07-20,H006,S021,Abdominal Pain,83,80.0,3.75,755,0.10993377483443709
2026-07-20,H006,S022,Loss of Appetite,30,34.0,-11.76470588235294,755,0.039735099337748346
2026-07-20,H006,S023,Weight Loss,5,4.0,25.0,755,0.006622516556291391
2026-07-20,H006,S024,Night Sweats,12,13.0,-7.6923076923076925,755,0.015894039735099338
2026-07-20,H006,S025,Bleeding,2,3.0,-33.33333333333333,755,0.0026490066225165563
2026-07-20,H006,S026,Anaemia,3,1.0,200.0,755,0.003973509933774834
2026-07-20,H006,S027,Dehydration,3,5.0,-40.0,755,0.003973509933774834
2026-07-20,H007,S001,Fever,575,590.0,-2.5423728813559325,668,0.8607784431137725
2026-07-20,H007,S002,Headache,294,305.0,-3.606557377049181,668,0.44011976047904194
2026-07-20,H007,S003,Fatigue,129,143.0,-9.79020979020979,668,0.19311377245508982
2026-07-20,H007,S004,Chills,75,86.0,-12.790697674418606,668,0.1122754491017964
2026-07-20,H007,S005,Sweating,75,86.0,-12.790697674418606,668,0.1122754491017964
2026-07-20,H007,S006,Dry Cough,302,305.0,-0.9836065573770493,668,0.45209580838323354
2026-07-20,H007,S007,Persistent Cough,24,16.0,50.0,668,0.03592814371257485
2026-07-20,H007,S008,Sore Throat,185,196.0,-5.612244897959184,668,0.27694610778443113
2026-07-20,H007,S009,Runny Nose,119,118.0,0.847457627118644,668,0.1781437125748503
2026-07-20,H007,S010,Breathlessness,6,8.0,-25.0,668,0.008982035928143712
2026-07-20,H007,S011,Chest Pain,2,2.0,0.0,668,0.0029940119760479044
2026-07-20,H007,S012,Loss of Taste,14,26.0,-46.15384615384615,668,0.020958083832335328
2026-07-20,H007,S013,Loss of Smell,13,21.0,-38.095238095238095,668,0.019461077844311378
2026-07-20,H007,S014,Muscle Pain,266,265.0,0.37735849056603776,668,0.39820359281437123
2026-07-20,H007,S015,Joint Pain,86,109.0,-21.100917431192663,668,0.12874251497005987
2026-07-20,H007,S016,Retro-orbital Pain,79,75.0,5.333333333333334,668,0.11826347305389222
2026-07-20,H007,S017,Rash,32,28.0,14.285714285714285,668,0.04790419161676647
2026-07-20,H007,S018,Nausea,89,78.0,14.102564102564102,668,0.13323353293413173
2026-07-20,H007,S019,Vomiting,111,106.0,4.716981132075472,668,0.1661676646706587
2026-07-20,H007,S020,Diarrhoea,91,83.0,9.63855421686747,668,0.13622754491017963
2026-07-20,H007,S021,Abdominal Pain,73,62.0,17.741935483870968,668,0.1092814371257485
2026-07-20,H007,S022,Loss of Appetite,29,24.0,20.833333333333336,668,0.04341317365269461
2026-07-20,H007,S023,Weight Loss,2,2.0,0.0,668,0.0029940119760479044
2026-07-20,H007,S024,Night Sweats,10,5.0,100.0,668,0.014970059880239521
2026-07-20,H007,S025,Bleeding,3,1.0,200.0,668,0.004491017964071856
2026-07-20,H007,S026,Anaemia,2,3.0,-33.33333333333333,668,0.0029940119760479044
2026-07-20,H007,S027,Dehydration,4,3.0,33.33333333333333,668,0.005988023952095809
2026-07-20,H008,S001,Fever,673,676.0,-0.4437869822485207,777,0.8661518661518661
2026-07-20,H008,S002,Headache,340,342.0,-0.5847953216374269,777,0.4375804375804376
2026-07-20,H008,S003,Fatigue,172,164.0,4.878048780487805,777,0.22136422136422138
2026-07-20,H008,S004,Chills,92,103.0,-10.679611650485436,777,0.11840411840411841
2026-07-20,H008,S005,Sweating,92,103.0,-10.679611650485436,777,0.11840411840411841
2026-07-20,H008,S006,Dry Cough,328,305.0,7.540983606557377,777,0.42213642213642216
2026-07-20,H008,S007,Persistent Cough,33,22.0,50.0,777,0.04247104247104247
2026-07-20,H008,S008,Sore Throat,214,193.0,10.880829015544041,777,0.2754182754182754
2026-07-20,H008,S009,Runny Nose,121,106.0,14.150943396226415,777,0.15572715572715573
2026-07-20,H008,S010,Breathlessness,11,6.0,83.33333333333334,777,0.014157014157014158
2026-07-20,H008,S011,Chest Pain,1,2.0,-50.0,777,0.001287001287001287
2026-07-20,H008,S012,Loss of Taste,36,19.0,89.47368421052632,777,0.04633204633204633
2026-07-20,H008,S013,Loss of Smell,37,23.0,60.86956521739131,777,0.047619047619047616
2026-07-20,H008,S014,Muscle Pain,306,325.0,-5.846153846153846,777,0.3938223938223938
2026-07-20,H008,S015,Joint Pain,135,150.0,-10.0,777,0.17374517374517376
2026-07-20,H008,S016,Retro-orbital Pain,118,122.0,-3.278688524590164,777,0.15186615186615188
2026-07-20,H008,S017,Rash,59,53.0,11.320754716981133,777,0.07593307593307594
2026-07-20,H008,S018,Nausea,108,111.0,-2.7027027027027026,777,0.138996138996139
2026-07-20,H008,S019,Vomiting,143,139.0,2.877697841726619,777,0.18404118404118405
2026-07-20,H008,S020,Diarrhoea,103,97.0,6.185567010309279,777,0.13256113256113256
2026-07-20,H008,S021,Abdominal Pain,78,72.0,8.333333333333332,777,0.10038610038610038
2026-07-20,H008,S022,Loss of Appetite,32,40.0,-20.0,777,0.04118404118404118
2026-07-20,H008,S023,Weight Loss,4,2.0,100.0,777,0.005148005148005148
2026-07-20,H008,S024,Night Sweats,7,9.0,-22.22222222222222,777,0.009009009009009009
2026-07-20,H008,S025,Bleeding,6,4.0,50.0,777,0.007722007722007722
2026-07-20,H008,S026,Anaemia,1,2.0,-50.0,777,0.001287001287001287
2026-07-20,H008,S027,Dehydration,8,2.0,300.0,777,0.010296010296010296
2026-07-20,H009,S001,Fever,570,538.0,5.947955390334572,664,0.858433734939759
2026-07-20,H009,S002,Headache,292,264.0,10.606060606060606,664,0.4397590361445783
2026-07-20,H009,S003,Fatigue,135,128.0,5.46875,664,0.2033132530120482
2026-07-20,H009,S004,Chills,83,69.0,20.28985507246377,664,0.125
2026-07-20,H009,S005,Sweating,83,69.0,20.28985507246377,664,0.125
2026-07-20,H009,S006,Dry Cough,263,253.0,3.9525691699604746,664,0.3960843373493976
2026-07-20,H009,S007,Persistent Cough,20,16.0,25.0,664,0.030120481927710843
2026-07-20,H009,S008,Sore Throat,175,157.0,11.464968152866243,664,0.2635542168674699
2026-07-20,H009,S009,Runny Nose,105,82.0,28.04878048780488,664,0.15813253012048192
2026-07-20,H009,S010,Breathlessness,9,4.0,125.0,664,0.01355421686746988
2026-07-20,H009,S011,Chest Pain,1,1.0,0.0,664,0.0015060240963855422
2026-07-20,H009,S012,Loss of Taste,24,25.0,-4.0,664,0.03614457831325301
2026-07-20,H009,S013,Loss of Smell,21,25.0,-16.0,664,0.03162650602409638
2026-07-20,H009,S014,Muscle Pain,274,245.0,11.83673469387755,664,0.4126506024096386
2026-07-20,H009,S015,Joint Pain,123,121.0,1.6528925619834711,664,0.1852409638554217
2026-07-20,H009,S016,Retro-orbital Pain,102,88.0,15.909090909090908,664,0.1536144578313253
2026-07-20,H009,S017,Rash,42,43.0,-2.3255813953488373,664,0.06325301204819277
2026-07-20,H009,S018,Nausea,92,95.0,-3.1578947368421053,664,0.13855421686746988
2026-07-20,H009,S019,Vomiting,118,126.0,-6.349206349206349,664,0.17771084337349397
2026-07-20,H009,S020,Diarrhoea,92,100.0,-8.0,664,0.13855421686746988
2026-07-20,H009,S021,Abdominal Pain,63,66.0,-4.545454545454546,664,0.09487951807228916
2026-07-20,H009,S022,Loss of Appetite,26,16.0,62.5,664,0.0391566265060241
2026-07-20,H009,S023,Weight Loss,1,1.0,0.0,664,0.0015060240963855422
2026-07-20,H009,S024,Night Sweats,6,3.0,100.0,664,0.009036144578313253
2026-07-20,H009,S025,Bleeding,2,4.0,-50.0,664,0.0030120481927710845
2026-07-20,H009,S026,Anaemia,3,4.0,-25.0,664,0.004518072289156626
2026-07-20,H009,S027,Dehydration,3,4.0,-25.0,664,0.004518072289156626
2026-07-20,H010,S001,Fever,810,825.0,-1.8181818181818181,986,0.821501014198783
2026-07-20,H010,S002,Headache,420,430.0,-2.3255813953488373,986,0.4259634888438134
2026-07-20,H010,S003,Fatigue,195,173.0,12.716763005780345,986,0.19776876267748478
2026-07-20,H010,S004,Chills,119,120.0,-0.8333333333333334,986,0.1206896551724138
2026-07-20,H010,S005,Sweating,119,120.0,-0.8333333333333334,986,0.1206896551724138
2026-07-20,H010,S006,Dry Cough,387,364.0,6.318681318681318,986,0.3924949290060852
2026-07-20,H010,S007,Persistent Cough,39,25.0,56.00000000000001,986,0.03955375253549696
2026-07-20,H010,S008,Sore Throat,275,235.0,17.02127659574468,986,0.2789046653144016
2026-07-20,H010,S009,Runny Nose,152,149.0,2.013422818791946,986,0.15415821501014199
2026-07-20,H010,S010,Breathlessness,5,9.0,-44.44444444444444,986,0.005070993914807302
2026-07-20,H010,S011,Chest Pain,4,2.0,100.0,986,0.004056795131845842
2026-07-20,H010,S012,Loss of Taste,25,24.0,4.166666666666666,986,0.02535496957403651
2026-07-20,H010,S013,Loss of Smell,26,27.0,-3.7037037037037033,986,0.02636916835699797
2026-07-20,H010,S014,Muscle Pain,380,414.0,-8.212560386473431,986,0.385395537525355
2026-07-20,H010,S015,Joint Pain,167,172.0,-2.9069767441860463,986,0.16937119675456389
2026-07-20,H010,S016,Retro-orbital Pain,127,152.0,-16.447368421052634,986,0.12880324543610547
2026-07-20,H010,S017,Rash,46,58.0,-20.689655172413794,986,0.04665314401622718
2026-07-20,H010,S018,Nausea,156,164.0,-4.878048780487805,986,0.15821501014198783
2026-07-20,H010,S019,Vomiting,212,189.0,12.16931216931217,986,0.2150101419878296
2026-07-20,H010,S020,Diarrhoea,176,148.0,18.91891891891892,986,0.17849898580121704
2026-07-20,H010,S021,Abdominal Pain,116,106.0,9.433962264150944,986,0.11764705882352941
2026-07-20,H010,S022,Loss of Appetite,32,42.0,-23.809523809523807,986,0.032454361054766734
2026-07-20,H010,S023,Weight Loss,5,4.0,25.0,986,0.005070993914807302
2026-07-20,H010,S024,Night Sweats,9,6.0,50.0,986,0.009127789046653144
2026-07-20,H010,S025,Bleeding,2,5.0,-60.0,986,0.002028397565922921
2026-07-20,H010,S026,Anaemia,4,5.0,-20.0,986,0.004056795131845842
2026-07-20,H010,S027,Dehydration,6,5.0,20.0,986,0.006085192697768763
2026-07-27,H001,S001,Fever,980,956.0,2.510460251046025,1105,0.8868778280542986
2026-07-27,H001,S002,Headache,503,477.0,5.450733752620545,1105,0.45520361990950226
2026-07-27,H001,S003,Fatigue,239,259.0,-7.722007722007722,1105,0.216289592760181
2026-07-27,H001,S004,Chills,147,133.0,10.526315789473683,1105,0.1330316742081448
2026-07-27,H001,S005,Sweating,147,133.0,10.526315789473683,1105,0.1330316742081448
2026-07-27,H001,S006,Dry Cough,519,513.0,1.1695906432748537,1105,0.46968325791855203
2026-07-27,H001,S007,Persistent Cough,30,51.0,-41.17647058823529,1105,0.027149321266968326
2026-07-27,H001,S008,Sore Throat,322,333.0,-3.303303303303303,1105,0.2914027149321267
2026-07-27,H001,S009,Runny Nose,213,199.0,7.035175879396985,1105,0.19276018099547512
2026-07-27,H001,S010,Breathlessness,10,14.0,-28.57142857142857,1105,0.00904977375565611
2026-07-27,H001,S011,Chest Pain,5,3.0,66.66666666666666,1105,0.004524886877828055
2026-07-27,H001,S012,Loss of Taste,41,38.0,7.894736842105263,1105,0.037104072398190045
2026-07-27,H001,S013,Loss of Smell,33,33.0,0.0,1105,0.02986425339366516
2026-07-27,H001,S014,Muscle Pain,444,429.0,3.4965034965034967,1105,0.40180995475113124
2026-07-27,H001,S015,Joint Pain,154,150.0,2.666666666666667,1105,0.13936651583710408
2026-07-27,H001,S016,Retro-orbital Pain,121,102.0,18.627450980392158,1105,0.10950226244343891
2026-07-27,H001,S017,Rash,57,54.0,5.555555555555555,1105,0.051583710407239816
2026-07-27,H001,S018,Nausea,129,142.0,-9.15492957746479,1105,0.1167420814479638
2026-07-27,H001,S019,Vomiting,173,203.0,-14.77832512315271,1105,0.15656108597285068
2026-07-27,H001,S020,Diarrhoea,129,157.0,-17.8343949044586,1105,0.1167420814479638
2026-07-27,H001,S021,Abdominal Pain,92,104.0,-11.538461538461538,1105,0.0832579185520362
2026-07-27,H001,S022,Loss of Appetite,40,42.0,-4.761904761904762,1105,0.03619909502262444
2026-07-27,H001,S023,Weight Loss,6,10.0,-40.0,1105,0.005429864253393665
2026-07-27,H001,S024,Night Sweats,12,21.0,-42.857142857142854,1105,0.01085972850678733
2026-07-27,H001,S025,Bleeding,5,2.0,150.0,1105,0.004524886877828055
2026-07-27,H001,S026,Anaemia,4,3.0,33.33333333333333,1105,0.0036199095022624436
2026-07-27,H001,S027,Dehydration,5,6.0,-16.666666666666664,1105,0.004524886877828055
2026-07-27,H002,S001,Fever,783,749.0,4.539385847797063,904,0.8661504424778761
2026-07-27,H002,S002,Headache,413,378.0,9.25925925925926,904,0.45685840707964603
2026-07-27,H002,S003,Fatigue,198,180.0,10.0,904,0.21902654867256638
2026-07-27,H002,S004,Chills,103,94.0,9.574468085106384,904,0.11393805309734513
2026-07-27,H002,S005,Sweating,103,94.0,9.574468085106384,904,0.11393805309734513
2026-07-27,H002,S006,Dry Cough,381,392.0,-2.806122448979592,904,0.42146017699115046
2026-07-27,H002,S007,Persistent Cough,29,32.0,-9.375,904,0.032079646017699116
2026-07-27,H002,S008,Sore Throat,235,251.0,-6.374501992031872,904,0.25995575221238937
2026-07-27,H002,S009,Runny Nose,157,159.0,-1.257861635220126,904,0.1736725663716814
2026-07-27,H002,S010,Breathlessness,11,9.0,22.22222222222222,904,0.012168141592920354
2026-07-27,H002,S011,Chest Pain,5,2.0,150.0,904,0.0055309734513274336
2026-07-27,H002,S012,Loss of Taste,25,25.0,0.0,904,0.02765486725663717
2026-07-27,H002,S013,Loss of Smell,26,27.0,-3.7037037037037033,904,0.028761061946902654
2026-07-27,H002,S014,Muscle Pain,370,355.0,4.225352112676056,904,0.4092920353982301
2026-07-27,H002,S015,Joint Pain,159,146.0,8.904109589041095,904,0.17588495575221239
2026-07-27,H002,S016,Retro-orbital Pain,123,104.0,18.269230769230766,904,0.13606194690265486
2026-07-27,H002,S017,Rash,54,53.0,1.8867924528301887,904,0.059734513274336286
2026-07-27,H002,S018,Nausea,104,126.0,-17.46031746031746,904,0.11504424778761062
2026-07-27,H002,S019,Vomiting,161,162.0,-0.6172839506172839,904,0.17809734513274336
2026-07-27,H002,S020,Diarrhoea,125,122.0,2.459016393442623,904,0.13827433628318583
2026-07-27,H002,S021,Abdominal Pain,104,81.0,28.39506172839506,904,0.11504424778761062
2026-07-27,H002,S022,Loss of Appetite,41,31.0,32.25806451612903,904,0.04535398230088496
2026-07-27,H002,S023,Weight Loss,7,4.0,75.0,904,0.007743362831858407
2026-07-27,H002,S024,Night Sweats,17,11.0,54.54545454545454,904,0.018805309734513276
2026-07-27,H002,S025,Bleeding,7,7.0,0.0,904,0.007743362831858407
2026-07-27,H002,S026,Anaemia,3,1.0,200.0,904,0.00331858407079646
2026-07-27,H002,S027,Dehydration,6,3.0,100.0,904,0.00663716814159292
2026-07-27,H003,S001,Fever,922,928.0,-0.646551724137931,1076,0.8568773234200744
2026-07-27,H003,S002,Headache,501,508.0,-1.3779527559055118,1076,0.4656133828996282
2026-07-27,H003,S003,Fatigue,189,175.0,8.0,1076,0.17565055762081785
2026-07-27,H003,S004,Chills,166,168.0,-1.1904761904761905,1076,0.15427509293680297
2026-07-27,H003,S005,Sweating,166,168.0,-1.1904761904761905,1076,0.15427509293680297
2026-07-27,H003,S006,Dry Cough,377,365.0,3.287671232876712,1076,0.3503717472118959
2026-07-27,H003,S007,Persistent Cough,40,22.0,81.81818181818183,1076,0.03717472118959108
2026-07-27,H003,S008,Sore Throat,243,225.0,8.0,1076,0.2258364312267658
2026-07-27,H003,S009,Runny Nose,149,147.0,1.3605442176870748,1076,0.13847583643122677
2026-07-27,H003,S010,Breathlessness,8,9.0,-11.11111111111111,1076,0.007434944237918215
2026-07-27,H003,S011,Chest Pain,2,2.0,0.0,1076,0.0018587360594795538
2026-07-27,H003,S012,Loss of Taste,28,33.0,-15.151515151515152,1076,0.026022304832713755
2026-07-27,H003,S013,Loss of Smell,28,36.0,-22.22222222222222,1076,0.026022304832713755
2026-07-27,H003,S014,Muscle Pain,443,462.0,-4.112554112554113,1076,0.4117100371747212
2026-07-27,H003,S015,Joint Pain,222,236.0,-5.932203389830509,1076,0.20631970260223048
2026-07-27,H003,S016,Retro-orbital Pain,155,176.0,-11.931818181818182,1076,0.14405204460966542
2026-07-27,H003,S017,Rash,63,56.0,12.5,1076,0.05855018587360595
2026-07-27,H003,S018,Nausea,162,148.0,9.45945945945946,1076,0.15055762081784388
2026-07-27,H003,S019,Vomiting,209,202.0,3.4653465346534658,1076,0.19423791821561337
2026-07-27,H003,S020,Diarrhoea,154,160.0,-3.75,1076,0.14312267657992564
2026-07-27,H003,S021,Abdominal Pain,111,110.0,0.9090909090909091,1076,0.10315985130111524
2026-07-27,H003,S022,Loss of Appetite,41,49.0,-16.3265306122449,1076,0.03810408921933085
2026-07-27,H003,S023,Weight Loss,5,4.0,25.0,1076,0.004646840148698885
2026-07-27,H003,S024,Night Sweats,11,8.0,37.5,1076,0.010223048327137546
2026-07-27,H003,S025,Bleeding,7,7.0,0.0,1076,0.006505576208178439
2026-07-27,H003,S026,Anaemia,1,4.0,-75.0,1076,0.0009293680297397769
2026-07-27,H003,S027,Dehydration,3,8.0,-62.5,1076,0.0027881040892193307
2026-07-27,H004,S001,Fever,862,877.0,-1.7103762827822122,1006,0.856858846918489
2026-07-27,H004,S002,Headache,423,433.0,-2.3094688221709005,1006,0.42047713717693835
2026-07-27,H004,S003,Fatigue,221,217.0,1.8433179723502304,1006,0.21968190854870775
2026-07-27,H004,S004,Chills,114,146.0,-21.91780821917808,1006,0.11332007952286283
2026-07-27,H004,S005,Sweating,114,146.0,-21.91780821917808,1006,0.11332007952286283
2026-07-27,H004,S006,Dry Cough,446,408.0,9.313725490196079,1006,0.4433399602385686
2026-07-27,H004,S007,Persistent Cough,35,33.0,6.0606060606060606,1006,0.03479125248508946
2026-07-27,H004,S008,Sore Throat,292,271.0,7.7490774907749085,1006,0.29025844930417494
2026-07-27,H004,S009,Runny Nose,164,157.0,4.45859872611465,1006,0.16302186878727634
2026-07-27,H004,S010,Breathlessness,9,10.0,-10.0,1006,0.008946322067594433
2026-07-27,H004,S011,Chest Pain,2,2.0,0.0,1006,0.0019880715705765406
2026-07-27,H004,S012,Loss of Taste,37,33.0,12.121212121212121,1006,0.036779324055666
2026-07-27,H004,S013,Loss of Smell,27,37.0,-27.027027027027028,1006,0.0268389662027833
2026-07-27,H004,S014,Muscle Pain,390,392.0,-0.5102040816326531,1006,0.38767395626242546
2026-07-27,H004,S015,Joint Pain,148,178.0,-16.853932584269664,1006,0.147117296222664
2026-07-27,H004,S016,Retro-orbital Pain,132,136.0,-2.941176470588235,1006,0.1312127236580517
2026-07-27,H004,S017,Rash,44,55.0,-20.0,1006,0.0437375745526839
2026-07-27,H004,S018,Nausea,124,148.0,-16.216216216216218,1006,0.12326043737574553
2026-07-27,H004,S019,Vomiting,174,211.0,-17.535545023696685,1006,0.17296222664015903
2026-07-27,H004,S020,Diarrhoea,133,163.0,-18.404907975460123,1006,0.13220675944333996
2026-07-27,H004,S021,Abdominal Pain,98,110.0,-10.909090909090908,1006,0.09741550695825049
2026-07-27,H004,S022,Loss of Appetite,33,39.0,-15.384615384615385,1006,0.032803180914512925
2026-07-27,H004,S023,Weight Loss,3,3.0,0.0,1006,0.002982107355864811
2026-07-27,H004,S024,Night Sweats,8,9.0,-11.11111111111111,1006,0.007952286282306162
2026-07-27,H004,S025,Bleeding,3,2.0,50.0,1006,0.002982107355864811
2026-07-27,H004,S026,Anaemia,3,1.0,200.0,1006,0.002982107355864811
2026-07-27,H004,S027,Dehydration,5,5.0,0.0,1006,0.004970178926441352
2026-07-27,H005,S001,Fever,818,808.0,1.2376237623762376,959,0.8529718456725756
2026-07-27,H005,S002,Headache,399,399.0,0.0,959,0.41605839416058393
2026-07-27,H005,S003,Fatigue,206,210.0,-1.9047619047619049,959,0.21480709071949947
2026-07-27,H005,S004,Chills,134,127.0,5.511811023622047,959,0.1397288842544317
2026-07-27,H005,S005,Sweating,134,127.0,5.511811023622047,959,0.1397288842544317
2026-07-27,H005,S006,Dry Cough,372,376.0,-1.0638297872340425,959,0.38790406673618355
2026-07-27,H005,S007,Persistent Cough,25,36.0,-30.555555555555557,959,0.026068821689259645
2026-07-27,H005,S008,Sore Throat,242,225.0,7.555555555555555,959,0.2523461939520334
2026-07-27,H005,S009,Runny Nose,139,125.0,11.200000000000001,959,0.14494264859228362
2026-07-27,H005,S010,Breathlessness,11,6.0,83.33333333333334,959,0.011470281543274244
2026-07-27,H005,S011,Chest Pain,1,2.0,-50.0,959,0.0010427528675703858
2026-07-27,H005,S012,Loss of Taste,39,39.0,0.0,959,0.040667361835245046
2026-07-27,H005,S013,Loss of Smell,34,40.0,-15.0,959,0.035453597497393116
2026-07-27,H005,S014,Muscle Pain,366,360.0,1.6666666666666667,959,0.3816475495307612
2026-07-27,H005,S015,Joint Pain,157,155.0,1.2903225806451613,959,0.16371220020855057
2026-07-27,H005,S016,Retro-orbital Pain,128,131.0,-2.2900763358778624,959,0.1334723670490094
2026-07-27,H005,S017,Rash,38,48.0,-20.833333333333336,959,0.03962460896767466
2026-07-27,H005,S018,Nausea,136,148.0,-8.108108108108109,959,0.14181438998957246
2026-07-27,H005,S019,Vomiting,188,197.0,-4.568527918781726,959,0.19603753910323254
2026-07-27,H005,S020,Diarrhoea,150,142.0,5.633802816901409,959,0.15641293013555788
2026-07-27,H005,S021,Abdominal Pain,97,97.0,0.0,959,0.10114702815432743
2026-07-27,H005,S022,Loss of Appetite,43,36.0,19.444444444444446,959,0.04483837330552659
2026-07-27,H005,S023,Weight Loss,2,3.0,-33.33333333333333,959,0.0020855057351407717
2026-07-27,H005,S024,Night Sweats,7,13.0,-46.15384615384615,959,0.0072992700729927005
2026-07-27,H005,S025,Bleeding,4,1.0,300.0,959,0.004171011470281543
2026-07-27,H005,S026,Anaemia,2,7.0,-71.42857142857143,959,0.0020855057351407717
2026-07-27,H005,S027,Dehydration,2,6.0,-66.66666666666666,959,0.0020855057351407717
2026-07-27,H006,S001,Fever,630,645.0,-2.3255813953488373,762,0.8267716535433071
2026-07-27,H006,S002,Headache,307,329.0,-6.68693009118541,762,0.40288713910761154
2026-07-27,H006,S003,Fatigue,170,168.0,1.1904761904761905,762,0.2230971128608924
2026-07-27,H006,S004,Chills,91,116.0,-21.551724137931032,762,0.1194225721784777
2026-07-27,H006,S005,Sweating,91,116.0,-21.551724137931032,762,0.1194225721784777
2026-07-27,H006,S006,Dry Cough,302,298.0,1.342281879194631,762,0.3963254593175853
2026-07-27,H006,S007,Persistent Cough,32,30.0,6.666666666666667,762,0.04199475065616798
2026-07-27,H006,S008,Sore Throat,202,203.0,-0.49261083743842365,762,0.2650918635170604
2026-07-27,H006,S009,Runny Nose,118,114.0,3.508771929824561,762,0.15485564304461943
2026-07-27,H006,S010,Breathlessness,10,3.0,233.33333333333334,762,0.013123359580052493
2026-07-27,H006,S011,Chest Pain,3,4.0,-25.0,762,0.003937007874015748
2026-07-27,H006,S012,Loss of Taste,23,21.0,9.523809523809524,762,0.030183727034120734
2026-07-27,H006,S013,Loss of Smell,23,24.0,-4.166666666666666,762,0.030183727034120734
2026-07-27,H006,S014,Muscle Pain,283,265.0,6.7924528301886795,762,0.37139107611548555
2026-07-27,H006,S015,Joint Pain,118,117.0,0.8547008547008548,762,0.15485564304461943
2026-07-27,H006,S016,Retro-orbital Pain,89,94.0,-5.319148936170213,762,0.1167979002624672
2026-07-27,H006,S017,Rash,43,48.0,-10.416666666666668,762,0.05643044619422572
2026-07-27,H006,S018,Nausea,124,92.0,34.78260869565217,762,0.16272965879265092
2026-07-27,H006,S019,Vomiting,163,150.0,8.666666666666668,762,0.21391076115485563
2026-07-27,H006,S020,Diarrhoea,135,109.0,23.853211009174313,762,0.17716535433070865
2026-07-27,H006,S021,Abdominal Pain,96,83.0,15.66265060240964,762,0.12598425196850394
2026-07-27,H006,S022,Loss of Appetite,29,30.0,-3.3333333333333335,762,0.03805774278215223
2026-07-27,H006,S023,Weight Loss,4,5.0,-20.0,762,0.005249343832020997
2026-07-27,H006,S024,Night Sweats,11,12.0,-8.333333333333332,762,0.014435695538057743
2026-07-27,H006,S026,Anaemia,2,3.0,-33.33333333333333,762,0.0026246719160104987
2026-07-27,H006,S027,Dehydration,5,3.0,66.66666666666666,762,0.006561679790026247
2026-07-27,H007,S001,Fever,560,575.0,-2.608695652173913,663,0.8446455505279035
2026-07-27,H007,S002,Headache,287,294.0,-2.380952380952381,663,0.43288084464555054
2026-07-27,H007,S003,Fatigue,135,129.0,4.651162790697675,663,0.20361990950226244
2026-07-27,H007,S004,Chills,84,75.0,12.0,663,0.12669683257918551
2026-07-27,H007,S005,Sweating,84,75.0,12.0,663,0.12669683257918551
2026-07-27,H007,S006,Dry Cough,286,302.0,-5.298013245033113,663,0.43137254901960786
2026-07-27,H007,S007,Persistent Cough,22,24.0,-8.333333333333332,663,0.033182503770739065
2026-07-27,H007,S008,Sore Throat,168,185.0,-9.18918918918919,663,0.25339366515837103
2026-07-27,H007,S009,Runny Nose,129,119.0,8.403361344537815,663,0.19457013574660634
2026-07-27,H007,S010,Breathlessness,8,6.0,33.33333333333333,663,0.012066365007541479
2026-07-27,H007,S012,Loss of Taste,25,14.0,78.57142857142857,663,0.03770739064856712
2026-07-27,H007,S013,Loss of Smell,27,13.0,107.6923076923077,663,0.04072398190045249
2026-07-27,H007,S014,Muscle Pain,258,266.0,-3.007518796992481,663,0.3891402714932127
2026-07-27,H007,S015,Joint Pain,88,86.0,2.3255813953488373,663,0.13273001508295626
2026-07-27,H007,S016,Retro-orbital Pain,74,79.0,-6.329113924050633,663,0.11161387631975868
2026-07-27,H007,S017,Rash,35,32.0,9.375,663,0.05279034690799397
2026-07-27,H007,S018,Nausea,96,89.0,7.865168539325842,663,0.14479638009049775
2026-07-27,H007,S019,Vomiting,126,111.0,13.513513513513514,663,0.19004524886877827
2026-07-27,H007,S020,Diarrhoea,99,91.0,8.791208791208792,663,0.1493212669683258
2026-07-27,H007,S021,Abdominal Pain,57,73.0,-21.91780821917808,663,0.08597285067873303
2026-07-27,H007,S022,Loss of Appetite,25,29.0,-13.793103448275861,663,0.03770739064856712
2026-07-27,H007,S023,Weight Loss,3,2.0,50.0,663,0.004524886877828055
2026-07-27,H007,S024,Night Sweats,11,10.0,10.0,663,0.016591251885369532
2026-07-27,H007,S025,Bleeding,2,3.0,-33.33333333333333,663,0.0030165912518853697
2026-07-27,H007,S026,Anaemia,2,2.0,0.0,663,0.0030165912518853697
2026-07-27,H007,S027,Dehydration,5,4.0,25.0,663,0.007541478129713424
2026-07-27,H008,S001,Fever,716,673.0,6.389301634472511,814,0.8796068796068796
2026-07-27,H008,S002,Headache,334,340.0,-1.7647058823529411,814,0.4103194103194103
2026-07-27,H008,S003,Fatigue,165,172.0,-4.069767441860465,814,0.20270270270270271
2026-07-27,H008,S004,Chills,100,92.0,8.695652173913043,814,0.12285012285012285
2026-07-27,H008,S005,Sweating,100,92.0,8.695652173913043,814,0.12285012285012285
2026-07-27,H008,S006,Dry Cough,350,328.0,6.707317073170732,814,0.42997542997543
2026-07-27,H008,S007,Persistent Cough,28,33.0,-15.151515151515152,814,0.0343980343980344
2026-07-27,H008,S008,Sore Throat,221,214.0,3.2710280373831773,814,0.2714987714987715
2026-07-27,H008,S009,Runny Nose,131,121.0,8.264462809917356,814,0.16093366093366093
2026-07-27,H008,S010,Breathlessness,9,11.0,-18.181818181818183,814,0.011056511056511056
2026-07-27,H008,S011,Chest Pain,1,1.0,0.0,814,0.0012285012285012285
2026-07-27,H008,S012,Loss of Taste,30,36.0,-16.666666666666664,814,0.036855036855036855
2026-07-27,H008,S013,Loss of Smell,27,37.0,-27.027027027027028,814,0.033169533169533166
2026-07-27,H008,S014,Muscle Pain,319,306.0,4.248366013071895,814,0.3918918918918919
2026-07-27,H008,S015,Joint Pain,138,135.0,2.2222222222222223,814,0.16953316953316952
2026-07-27,H008,S016,Retro-orbital Pain,108,118.0,-8.47457627118644,814,0.13267813267813267
2026-07-27,H008,S017,Rash,34,59.0,-42.3728813559322,814,0.04176904176904177
2026-07-27,H008,S018,Nausea,94,108.0,-12.962962962962962,814,0.11547911547911548
2026-07-27,H008,S019,Vomiting,128,143.0,-10.48951048951049,814,0.15724815724815724
2026-07-27,H008,S020,Diarrhoea,96,103.0,-6.796116504854369,814,0.11793611793611794
2026-07-27,H008,S021,Abdominal Pain,70,78.0,-10.256410256410255,814,0.085995085995086
2026-07-27,H008,S022,Loss of Appetite,27,32.0,-15.625,814,0.033169533169533166
2026-07-27,H008,S023,Weight Loss,2,4.0,-50.0,814,0.002457002457002457
2026-07-27,H008,S024,Night Sweats,11,7.0,57.14285714285714,814,0.013513513513513514
2026-07-27,H008,S025,Bleeding,3,6.0,-50.0,814,0.0036855036855036856
2026-07-27,H008,S026,Anaemia,2,1.0,100.0,814,0.002457002457002457
2026-07-27,H008,S027,Dehydration,3,8.0,-62.5,814,0.0036855036855036856
2026-07-27,H009,S001,Fever,500,570.0,-12.280701754385964,606,0.8250825082508251
2026-07-27,H009,S002,Headache,254,292.0,-13.013698630136986,606,0.41914191419141916
2026-07-27,H009,S003,Fatigue,116,135.0,-14.074074074074074,606,0.19141914191419143
2026-07-27,H009,S004,Chills,85,83.0,2.4096385542168677,606,0.14026402640264027
2026-07-27,H009,S005,Sweating,85,83.0,2.4096385542168677,606,0.14026402640264027
2026-07-27,H009,S006,Dry Cough,227,263.0,-13.688212927756654,606,0.37458745874587457
2026-07-27,H009,S007,Persistent Cough,20,20.0,0.0,606,0.033003300330033
2026-07-27,H009,S008,Sore Throat,144,175.0,-17.71428571428571,606,0.2376237623762376
2026-07-27,H009,S009,Runny Nose,87,105.0,-17.142857142857142,606,0.14356435643564355
2026-07-27,H009,S010,Breathlessness,4,9.0,-55.55555555555556,606,0.006600660066006601
2026-07-27,H009,S011,Chest Pain,2,1.0,100.0,606,0.0033003300330033004
2026-07-27,H009,S012,Loss of Taste,20,24.0,-16.666666666666664,606,0.033003300330033
2026-07-27,H009,S013,Loss of Smell,20,21.0,-4.761904761904762,606,0.033003300330033
2026-07-27,H009,S014,Muscle Pain,221,274.0,-19.34306569343066,606,0.36468646864686466
2026-07-27,H009,S015,Joint Pain,113,123.0,-8.130081300813007,606,0.18646864686468648
2026-07-27,H009,S016,Retro-orbital Pain,83,102.0,-18.627450980392158,606,0.13696369636963696
2026-07-27,H009,S017,Rash,41,42.0,-2.380952380952381,606,0.06765676567656766
2026-07-27,H009,S018,Nausea,99,92.0,7.608695652173914,606,0.16336633663366337
2026-07-27,H009,S019,Vomiting,137,118.0,16.101694915254235,606,0.22607260726072606
2026-07-27,H009,S020,Diarrhoea,102,92.0,10.869565217391305,606,0.16831683168316833
2026-07-27,H009,S021,Abdominal Pain,85,63.0,34.92063492063492,606,0.14026402640264027
2026-07-27,H009,S022,Loss of Appetite,21,26.0,-19.230769230769234,606,0.034653465346534656
2026-07-27,H009,S023,Weight Loss,3,1.0,200.0,606,0.0049504950495049506
2026-07-27,H009,S024,Night Sweats,5,6.0,-16.666666666666664,606,0.00825082508250825
2026-07-27,H009,S025,Bleeding,4,2.0,100.0,606,0.006600660066006601
2026-07-27,H009,S027,Dehydration,5,3.0,66.66666666666666,606,0.00825082508250825
2026-07-27,H010,S001,Fever,819,810.0,1.1111111111111112,977,0.8382804503582395
2026-07-27,H010,S002,Headache,422,420.0,0.4761904761904762,977,0.43193449334698053
2026-07-27,H010,S003,Fatigue,185,195.0,-5.128205128205128,977,0.18935516888433981
2026-07-27,H010,S004,Chills,121,119.0,1.680672268907563,977,0.12384851586489252
2026-07-27,H010,S005,Sweating,121,119.0,1.680672268907563,977,0.12384851586489252
2026-07-27,H010,S006,Dry Cough,386,387.0,-0.2583979328165375,977,0.39508700102354144
2026-07-27,H010,S007,Persistent Cough,33,39.0,-15.384615384615385,977,0.033776867963152504
2026-07-27,H010,S008,Sore Throat,239,275.0,-13.090909090909092,977,0.24462640736949848
2026-07-27,H010,S009,Runny Nose,156,152.0,2.631578947368421,977,0.15967246673490276
2026-07-27,H010,S010,Breathlessness,7,5.0,40.0,977,0.007164790174002047
2026-07-27,H010,S011,Chest Pain,3,4.0,-25.0,977,0.0030706243602865915
2026-07-27,H010,S012,Loss of Taste,22,25.0,-12.0,977,0.022517911975435005
2026-07-27,H010,S013,Loss of Smell,22,26.0,-15.384615384615385,977,0.022517911975435005
2026-07-27,H010,S014,Muscle Pain,383,380.0,0.7894736842105263,977,0.39201637666325484
2026-07-27,H010,S015,Joint Pain,155,167.0,-7.18562874251497,977,0.1586489252814739
2026-07-27,H010,S016,Retro-orbital Pain,131,127.0,3.149606299212598,977,0.13408393039918118
2026-07-27,H010,S017,Rash,53,46.0,15.217391304347828,977,0.05424769703172978
2026-07-27,H010,S018,Nausea,142,156.0,-8.974358974358974,977,0.14534288638689866
2026-07-27,H010,S019,Vomiting,193,212.0,-8.962264150943396,977,0.19754350051177072
2026-07-27,H010,S020,Diarrhoea,156,176.0,-11.363636363636363,977,0.15967246673490276
2026-07-27,H010,S021,Abdominal Pain,104,116.0,-10.344827586206897,977,0.10644831115660185
2026-07-27,H010,S022,Loss of Appetite,39,32.0,21.875,977,0.03991811668372569
2026-07-27,H010,S023,Weight Loss,3,5.0,-40.0,977,0.0030706243602865915
2026-07-27,H010,S024,Night Sweats,10,9.0,11.11111111111111,977,0.01023541453428864
2026-07-27,H010,S025,Bleeding,6,2.0,200.0,977,0.006141248720573183
2026-07-27,H010,S026,Anaemia,2,4.0,-50.0,977,0.0020470829068577278
2026-07-27,H010,S027,Dehydration,3,6.0,-50.0,977,0.0030706243602865915
2026-08-03,H001,S001,Fever,984,980.0,0.40816326530612246,1131,0.870026525198939
2026-08-03,H001,S002,Headache,493,503.0,-1.9880715705765408,1131,0.4358974358974359
2026-08-03,H001,S003,Fatigue,254,239.0,6.2761506276150625,1131,0.22458001768346597
2026-08-03,H001,S004,Chills,155,147.0,5.442176870748299,1131,0.13704686118479223
2026-08-03,H001,S005,Sweating,155,147.0,5.442176870748299,1131,0.13704686118479223
2026-08-03,H001,S006,Dry Cough,507,519.0,-2.312138728323699,1131,0.4482758620689655
2026-08-03,H001,S007,Persistent Cough,35,30.0,16.666666666666664,1131,0.03094606542882405
2026-08-03,H001,S008,Sore Throat,324,322.0,0.6211180124223602,1131,0.2864721485411141
2026-08-03,H001,S009,Runny Nose,181,213.0,-15.023474178403756,1131,0.16003536693191867
2026-08-03,H001,S010,Breathlessness,21,10.0,110.00000000000001,1131,0.01856763925729443
2026-08-03,H001,S011,Chest Pain,4,5.0,-20.0,1131,0.0035366931918656055
2026-08-03,H001,S012,Loss of Taste,43,41.0,4.878048780487805,1131,0.03801945181255526
2026-08-03,H001,S013,Loss of Smell,53,33.0,60.60606060606061,1131,0.046861184792219276
2026-08-03,H001,S014,Muscle Pain,425,444.0,-4.2792792792792795,1131,0.3757736516357206
2026-08-03,H001,S015,Joint Pain,153,154.0,-0.6493506493506493,1131,0.13527851458885942
2026-08-03,H001,S016,Retro-orbital Pain,132,121.0,9.090909090909092,1131,0.11671087533156499
2026-08-03,H001,S017,Rash,62,57.0,8.771929824561402,1131,0.05481874447391689
2026-08-03,H001,S018,Nausea,133,129.0,3.10077519379845,1131,0.11759504862953139
2026-08-03,H001,S019,Vomiting,198,173.0,14.450867052023122,1131,0.17506631299734748
2026-08-03,H001,S020,Diarrhoea,147,129.0,13.953488372093023,1131,0.129973474801061
2026-08-03,H001,S021,Abdominal Pain,105,92.0,14.130434782608695,1131,0.09283819628647215
2026-08-03,H001,S022,Loss of Appetite,39,40.0,-2.5,1131,0.034482758620689655
2026-08-03,H001,S023,Weight Loss,6,6.0,0.0,1131,0.005305039787798408
2026-08-03,H001,S024,Night Sweats,12,12.0,0.0,1131,0.010610079575596816
2026-08-03,H001,S025,Bleeding,2,5.0,-60.0,1131,0.0017683465959328027
2026-08-03,H001,S026,Anaemia,4,4.0,0.0,1131,0.0035366931918656055
2026-08-03,H001,S027,Dehydration,4,5.0,-20.0,1131,0.0035366931918656055
2026-08-03,H002,S001,Fever,773,783.0,-1.277139208173691,875,0.8834285714285715
2026-08-03,H002,S002,Headache,357,413.0,-13.559322033898304,875,0.408
2026-08-03,H002,S003,Fatigue,191,198.0,-3.535353535353535,875,0.21828571428571428
2026-08-03,H002,S004,Chills,104,103.0,0.9708737864077669,875,0.11885714285714286
2026-08-03,H002,S005,Sweating,104,103.0,0.9708737864077669,875,0.11885714285714286
2026-08-03,H002,S006,Dry Cough,387,381.0,1.574803149606299,875,0.4422857142857143
2026-08-03,H002,S007,Persistent Cough,29,29.0,0.0,875,0.03314285714285714
2026-08-03,H002,S008,Sore Throat,258,235.0,9.787234042553191,875,0.2948571428571429
2026-08-03,H002,S009,Runny Nose,150,157.0,-4.45859872611465,875,0.17142857142857143
2026-08-03,H002,S010,Breathlessness,10,11.0,-9.090909090909092,875,0.011428571428571429
2026-08-03,H002,S011,Chest Pain,3,5.0,-40.0,875,0.0034285714285714284
2026-08-03,H002,S012,Loss of Taste,29,25.0,16.0,875,0.03314285714285714
2026-08-03,H002,S013,Loss of Smell,28,26.0,7.6923076923076925,875,0.032
2026-08-03,H002,S014,Muscle Pain,365,370.0,-1.3513513513513513,875,0.41714285714285715
2026-08-03,H002,S015,Joint Pain,143,159.0,-10.062893081761008,875,0.16342857142857142
2026-08-03,H002,S016,Retro-orbital Pain,107,123.0,-13.008130081300814,875,0.12228571428571429
2026-08-03,H002,S017,Rash,41,54.0,-24.074074074074073,875,0.046857142857142854
2026-08-03,H002,S018,Nausea,99,104.0,-4.807692307692308,875,0.11314285714285714
2026-08-03,H002,S019,Vomiting,144,161.0,-10.559006211180124,875,0.16457142857142856
2026-08-03,H002,S020,Diarrhoea,114,125.0,-8.799999999999999,875,0.13028571428571428
2026-08-03,H002,S021,Abdominal Pain,74,104.0,-28.846153846153843,875,0.08457142857142858
2026-08-03,H002,S022,Loss of Appetite,26,41.0,-36.58536585365854,875,0.029714285714285714
2026-08-03,H002,S023,Weight Loss,4,7.0,-42.857142857142854,875,0.004571428571428572
2026-08-03,H002,S024,Night Sweats,13,17.0,-23.52941176470588,875,0.014857142857142857
2026-08-03,H002,S025,Bleeding,3,7.0,-57.14285714285714,875,0.0034285714285714284
2026-08-03,H002,S026,Anaemia,3,3.0,0.0,875,0.0034285714285714284
2026-08-03,H002,S027,Dehydration,3,6.0,-50.0,875,0.0034285714285714284
2026-08-03,H003,S001,Fever,910,922.0,-1.3015184381778742,1071,0.8496732026143791
2026-08-03,H003,S002,Headache,448,501.0,-10.578842315369261,1071,0.41830065359477125
2026-08-03,H003,S003,Fatigue,214,189.0,13.227513227513226,1071,0.19981325863678806
2026-08-03,H003,S004,Chills,141,166.0,-15.060240963855422,1071,0.13165266106442577
2026-08-03,H003,S005,Sweating,141,166.0,-15.060240963855422,1071,0.13165266106442577
2026-08-03,H003,S006,Dry Cough,404,377.0,7.161803713527852,1071,0.3772175536881419
2026-08-03,H003,S007,Persistent Cough,37,40.0,-7.5,1071,0.03454715219421102
2026-08-03,H003,S008,Sore Throat,256,243.0,5.349794238683128,1071,0.23902894491129786
2026-08-03,H003,S009,Runny Nose,156,149.0,4.697986577181208,1071,0.14565826330532214
2026-08-03,H003,S010,Breathlessness,6,8.0,-25.0,1071,0.0056022408963585435
2026-08-03,H003,S011,Chest Pain,1,2.0,-50.0,1071,0.0009337068160597573
2026-08-03,H003,S012,Loss of Taste,31,28.0,10.714285714285714,1071,0.028944911297852476
2026-08-03,H003,S013,Loss of Smell,25,28.0,-10.714285714285714,1071,0.02334267040149393
2026-08-03,H003,S014,Muscle Pain,419,443.0,-5.417607223476298,1071,0.3912231559290383
2026-08-03,H003,S015,Joint Pain,195,222.0,-12.162162162162163,1071,0.18207282913165265
2026-08-03,H003,S016,Retro-orbital Pain,138,155.0,-10.967741935483872,1071,0.12885154061624648
2026-08-03,H003,S017,Rash,57,63.0,-9.523809523809524,1071,0.05322128851540616
2026-08-03,H003,S018,Nausea,159,162.0,-1.8518518518518516,1071,0.1484593837535014
2026-08-03,H003,S019,Vomiting,200,209.0,-4.30622009569378,1071,0.18674136321195145
2026-08-03,H003,S020,Diarrhoea,156,154.0,1.2987012987012987,1071,0.14565826330532214
2026-08-03,H003,S021,Abdominal Pain,104,111.0,-6.306306306306306,1071,0.09710550887021475
2026-08-03,H003,S022,Loss of Appetite,53,41.0,29.268292682926827,1071,0.04948646125116713
2026-08-03,H003,S023,Weight Loss,1,5.0,-80.0,1071,0.0009337068160597573
2026-08-03,H003,S024,Night Sweats,10,11.0,-9.090909090909092,1071,0.009337068160597572
2026-08-03,H003,S025,Bleeding,2,7.0,-71.42857142857143,1071,0.0018674136321195146
2026-08-03,H003,S026,Anaemia,1,1.0,0.0,1071,0.0009337068160597573
2026-08-03,H003,S027,Dehydration,2,3.0,-33.33333333333333,1071,0.0018674136321195146
2026-08-03,H004,S001,Fever,845,862.0,-1.9721577726218096,983,0.8596134282807731
2026-08-03,H004,S002,Headache,420,423.0,-0.7092198581560284,983,0.427263479145473
2026-08-03,H004,S003,Fatigue,197,221.0,-10.85972850678733,983,0.20040691759918616
2026-08-03,H004,S004,Chills,110,114.0,-3.508771929824561,983,0.11190233977619532
2026-08-03,H004,S005,Sweating,110,114.0,-3.508771929824561,983,0.11190233977619532
2026-08-03,H004,S006,Dry Cough,409,446.0,-8.295964125560538,983,0.4160732451678535
2026-08-03,H004,S007,Persistent Cough,31,35.0,-11.428571428571429,983,0.03153611393692777
2026-08-03,H004,S008,Sore Throat,271,292.0,-7.191780821917808,983,0.27568667344862663
2026-08-03,H004,S009,Runny Nose,157,164.0,-4.2682926829268295,983,0.15971515768056968
2026-08-03,H004,S010,Breathlessness,13,9.0,44.44444444444444,983,0.013224821973550356
2026-08-03,H004,S011,Chest Pain,2,2.0,0.0,983,0.002034587995930824
2026-08-03,H004,S012,Loss of Taste,25,37.0,-32.432432432432435,983,0.0254323499491353
2026-08-03,H004,S013,Loss of Smell,26,27.0,-3.7037037037037033,983,0.026449643947100712
2026-08-03,H004,S014,Muscle Pain,420,390.0,7.6923076923076925,983,0.427263479145473
2026-08-03,H004,S015,Joint Pain,181,148.0,22.2972972972973,983,0.18413021363173956
2026-08-03,H004,S016,Retro-orbital Pain,133,132.0,0.7575757575757576,983,0.1353001017293998
2026-08-03,H004,S017,Rash,71,44.0,61.36363636363637,983,0.07222787385554426
2026-08-03,H004,S018,Nausea,135,124.0,8.870967741935484,983,0.1373346897253306
2026-08-03,H004,S019,Vomiting,174,174.0,0.0,983,0.1770091556459817
2026-08-03,H004,S020,Diarrhoea,130,133.0,-2.2556390977443606,983,0.13224821973550355
2026-08-03,H004,S021,Abdominal Pain,78,98.0,-20.408163265306122,983,0.07934893184130214
2026-08-03,H004,S022,Loss of Appetite,25,33.0,-24.242424242424242,983,0.0254323499491353
2026-08-03,H004,S023,Weight Loss,6,3.0,100.0,983,0.006103763987792472
2026-08-03,H004,S024,Night Sweats,7,8.0,-12.5,983,0.007121057985757884
2026-08-03,H004,S025,Bleeding,6,3.0,100.0,983,0.006103763987792472
2026-08-03,H004,S027,Dehydration,6,5.0,20.0,983,0.006103763987792472
2026-08-03,H005,S001,Fever,769,818.0,-5.990220048899755,960,0.8010416666666667
2026-08-03,H005,S002,Headache,382,399.0,-4.260651629072681,960,0.39791666666666664
2026-08-03,H005,S003,Fatigue,181,206.0,-12.135922330097088,960,0.18854166666666666
2026-08-03,H005,S004,Chills,111,134.0,-17.16417910447761,960,0.115625
2026-08-03,H005,S005,Sweating,111,134.0,-17.16417910447761,960,0.115625
2026-08-03,H005,S006,Dry Cough,368,372.0,-1.0752688172043012,960,0.38333333333333336
2026-08-03,H005,S007,Persistent Cough,34,25.0,36.0,960,0.035416666666666666
2026-08-03,H005,S008,Sore Throat,220,242.0,-9.090909090909092,960,0.22916666666666666
2026-08-03,H005,S009,Runny Nose,135,139.0,-2.877697841726619,960,0.140625
2026-08-03,H005,S010,Breathlessness,5,11.0,-54.54545454545454,960,0.005208333333333333
2026-08-03,H005,S011,Chest Pain,3,1.0,200.0,960,0.003125
2026-08-03,H005,S012,Loss of Taste,26,39.0,-33.33333333333333,960,0.027083333333333334
2026-08-03,H005,S013,Loss of Smell,24,34.0,-29.411764705882355,960,0.025
2026-08-03,H005,S014,Muscle Pain,345,366.0,-5.737704918032787,960,0.359375
2026-08-03,H005,S015,Joint Pain,144,157.0,-8.280254777070063,960,0.15
2026-08-03,H005,S016,Retro-orbital Pain,113,128.0,-11.71875,960,0.11770833333333333
2026-08-03,H005,S017,Rash,48,38.0,26.31578947368421,960,0.05
2026-08-03,H005,S018,Nausea,157,136.0,15.441176470588236,960,0.16354166666666667
2026-08-03,H005,S019,Vomiting,231,188.0,22.872340425531913,960,0.240625
2026-08-03,H005,S020,Diarrhoea,194,150.0,29.333333333333332,960,0.20208333333333334
2026-08-03,H005,S021,Abdominal Pain,138,97.0,42.2680412371134,960,0.14375
2026-08-03,H005,S022,Loss of Appetite,51,43.0,18.6046511627907,960,0.053125
2026-08-03,H005,S023,Weight Loss,3,2.0,50.0,960,0.003125
2026-08-03,H005,S024,Night Sweats,10,7.0,42.857142857142854,960,0.010416666666666666
2026-08-03,H005,S025,Bleeding,2,4.0,-50.0,960,0.0020833333333333333
2026-08-03,H005,S026,Anaemia,2,2.0,0.0,960,0.0020833333333333333
2026-08-03,H005,S027,Dehydration,5,2.0,150.0,960,0.005208333333333333
2026-08-03,H006,S001,Fever,629,630.0,-0.15873015873015872,760,0.8276315789473684
2026-08-03,H006,S002,Headache,331,307.0,7.81758957654723,760,0.4355263157894737
2026-08-03,H006,S003,Fatigue,138,170.0,-18.823529411764707,760,0.18157894736842106
2026-08-03,H006,S004,Chills,107,91.0,17.582417582417584,760,0.14078947368421052
2026-08-03,H006,S005,Sweating,107,91.0,17.582417582417584,760,0.14078947368421052
2026-08-03,H006,S006,Dry Cough,281,302.0,-6.95364238410596,760,0.36973684210526314
2026-08-03,H006,S007,Persistent Cough,29,32.0,-9.375,760,0.038157894736842106
2026-08-03,H006,S008,Sore Throat,175,202.0,-13.366336633663368,760,0.23026315789473684
2026-08-03,H006,S009,Runny Nose,103,118.0,-12.711864406779661,760,0.1355263157894737
2026-08-03,H006,S010,Breathlessness,3,10.0,-70.0,760,0.003947368421052632
2026-08-03,H006,S011,Chest Pain,5,3.0,66.66666666666666,760,0.006578947368421052
2026-08-03,H006,S012,Loss of Taste,17,23.0,-26.08695652173913,760,0.02236842105263158
2026-08-03,H006,S013,Loss of Smell,14,23.0,-39.130434782608695,760,0.018421052631578946
2026-08-03,H006,S014,Muscle Pain,292,283.0,3.180212014134275,760,0.38421052631578945
2026-08-03,H006,S015,Joint Pain,133,118.0,12.711864406779661,760,0.175
2026-08-03,H006,S016,Retro-orbital Pain,97,89.0,8.98876404494382,760,0.12763157894736843
2026-08-03,H006,S017,Rash,46,43.0,6.976744186046512,760,0.060526315789473685
2026-08-03,H006,S018,Nausea,121,124.0,-2.4193548387096775,760,0.15921052631578947
2026-08-03,H006,S019,Vomiting,175,163.0,7.361963190184049,760,0.23026315789473684
2026-08-03,H006,S020,Diarrhoea,123,135.0,-8.88888888888889,760,0.1618421052631579
2026-08-03,H006,S021,Abdominal Pain,86,96.0,-10.416666666666668,760,0.11315789473684211
2026-08-03,H006,S022,Loss of Appetite,34,29.0,17.24137931034483,760,0.04473684210526316
2026-08-03,H006,S023,Weight Loss,7,4.0,75.0,760,0.009210526315789473
2026-08-03,H006,S024,Night Sweats,8,11.0,-27.27272727272727,760,0.010526315789473684
2026-08-03,H006,S025,Bleeding,2,2.0,0.0,760,0.002631578947368421
2026-08-03,H006,S026,Anaemia,2,2.0,0.0,760,0.002631578947368421
2026-08-03,H006,S027,Dehydration,7,5.0,40.0,760,0.009210526315789473
2026-08-03,H007,S001,Fever,570,560.0,1.7857142857142856,662,0.8610271903323263
2026-08-03,H007,S002,Headache,304,287.0,5.923344947735192,662,0.459214501510574
2026-08-03,H007,S003,Fatigue,161,135.0,19.25925925925926,662,0.243202416918429
2026-08-03,H007,S004,Chills,79,84.0,-5.952380952380952,662,0.11933534743202417
2026-08-03,H007,S005,Sweating,79,84.0,-5.952380952380952,662,0.11933534743202417
2026-08-03,H007,S006,Dry Cough,294,286.0,2.797202797202797,662,0.44410876132930516
2026-08-03,H007,S007,Persistent Cough,25,22.0,13.636363636363635,662,0.0377643504531722
2026-08-03,H007,S008,Sore Throat,186,168.0,10.714285714285714,662,0.2809667673716012
2026-08-03,H007,S009,Runny Nose,113,129.0,-12.4031007751938,662,0.17069486404833836
2026-08-03,H007,S010,Breathlessness,4,8.0,-50.0,662,0.006042296072507553
2026-08-03,H007,S011,Chest Pain,1,2.0,-50.0,662,0.0015105740181268882
2026-08-03,H007,S012,Loss of Taste,16,25.0,-36.0,662,0.02416918429003021
2026-08-03,H007,S013,Loss of Smell,14,27.0,-48.148148148148145,662,0.021148036253776436
2026-08-03,H007,S014,Muscle Pain,254,258.0,-1.550387596899225,662,0.38368580060422963
2026-08-03,H007,S015,Joint Pain,86,88.0,-2.272727272727273,662,0.1299093655589124
2026-08-03,H007,S016,Retro-orbital Pain,68,74.0,-8.108108108108109,662,0.1027190332326284
2026-08-03,H007,S017,Rash,22,35.0,-37.142857142857146,662,0.03323262839879154
2026-08-03,H007,S018,Nausea,80,96.0,-16.666666666666664,662,0.12084592145015106
2026-08-03,H007,S019,Vomiting,118,126.0,-6.349206349206349,662,0.1782477341389728
2026-08-03,H007,S020,Diarrhoea,90,99.0,-9.090909090909092,662,0.13595166163141995
2026-08-03,H007,S021,Abdominal Pain,69,57.0,21.052631578947366,662,0.1042296072507553
2026-08-03,H007,S022,Loss of Appetite,29,25.0,16.0,662,0.04380664652567976
2026-08-03,H007,S023,Weight Loss,3,3.0,0.0,662,0.004531722054380665
2026-08-03,H007,S024,Night Sweats,9,11.0,-18.181818181818183,662,0.013595166163141994
2026-08-03,H007,S025,Bleeding,2,2.0,0.0,662,0.0030211480362537764
2026-08-03,H007,S026,Anaemia,1,2.0,-50.0,662,0.0015105740181268882
2026-08-03,H007,S027,Dehydration,7,5.0,40.0,662,0.010574018126888218
2026-08-03,H008,S001,Fever,682,716.0,-4.748603351955307,818,0.8337408312958435
2026-08-03,H008,S002,Headache,345,334.0,3.293413173652695,818,0.421760391198044
2026-08-03,H008,S003,Fatigue,139,165.0,-15.757575757575756,818,0.16992665036674817
2026-08-03,H008,S004,Chills,101,100.0,1.0,818,0.1234718826405868
2026-08-03,H008,S005,Sweating,101,100.0,1.0,818,0.1234718826405868
2026-08-03,H008,S006,Dry Cough,321,350.0,-8.285714285714285,818,0.3924205378973105
2026-08-03,H008,S007,Persistent Cough,34,28.0,21.428571428571427,818,0.04156479217603912
2026-08-03,H008,S008,Sore Throat,196,221.0,-11.312217194570136,818,0.2396088019559902
2026-08-03,H008,S009,Runny Nose,131,131.0,0.0,818,0.16014669926650366
2026-08-03,H008,S010,Breathlessness,9,9.0,0.0,818,0.011002444987775062
2026-08-03,H008,S011,Chest Pain,1,1.0,0.0,818,0.0012224938875305623
2026-08-03,H008,S012,Loss of Taste,32,30.0,6.666666666666667,818,0.039119804400977995
2026-08-03,H008,S013,Loss of Smell,32,27.0,18.51851851851852,818,0.039119804400977995
2026-08-03,H008,S014,Muscle Pain,302,319.0,-5.329153605015674,818,0.3691931540342298
2026-08-03,H008,S015,Joint Pain,125,138.0,-9.420289855072465,818,0.1528117359413203
2026-08-03,H008,S016,Retro-orbital Pain,111,108.0,2.7777777777777777,818,0.1356968215158924
2026-08-03,H008,S017,Rash,45,34.0,32.35294117647059,818,0.0550122249388753
2026-08-03,H008,S018,Nausea,112,94.0,19.148936170212767,818,0.13691931540342298
2026-08-03,H008,S019,Vomiting,153,128.0,19.53125,818,0.18704156479217604
2026-08-03,H008,S020,Diarrhoea,130,96.0,35.41666666666667,818,0.15892420537897312
2026-08-03,H008,S021,Abdominal Pain,87,70.0,24.285714285714285,818,0.10635696821515893
2026-08-03,H008,S022,Loss of Appetite,31,27.0,14.814814814814813,818,0.037897310513447434
2026-08-03,H008,S023,Weight Loss,3,2.0,50.0,818,0.003667481662591687
2026-08-03,H008,S024,Night Sweats,7,11.0,-36.36363636363637,818,0.008557457212713936
2026-08-03,H008,S025,Bleeding,2,3.0,-33.33333333333333,818,0.0024449877750611247
2026-08-03,H008,S027,Dehydration,2,3.0,-33.33333333333333,818,0.0024449877750611247
2026-08-03,H009,S001,Fever,554,500.0,10.8,641,0.8642745709828393
2026-08-03,H009,S002,Headache,285,254.0,12.204724409448819,641,0.44461778471138846
2026-08-03,H009,S003,Fatigue,144,116.0,24.137931034482758,641,0.22464898595943839
2026-08-03,H009,S004,Chills,95,85.0,11.76470588235294,641,0.1482059282371295
2026-08-03,H009,S005,Sweating,95,85.0,11.76470588235294,641,0.1482059282371295
2026-08-03,H009,S006,Dry Cough,245,227.0,7.929515418502203,641,0.38221528861154447
2026-08-03,H009,S007,Persistent Cough,18,20.0,-10.0,641,0.028081123244929798
2026-08-03,H009,S008,Sore Throat,153,144.0,6.25,641,0.23868954758190328
2026-08-03,H009,S009,Runny Nose,97,87.0,11.494252873563218,641,0.15132605304212168
2026-08-03,H009,S010,Breathlessness,7,4.0,75.0,641,0.0109204368174727
2026-08-03,H009,S011,Chest Pain,2,2.0,0.0,641,0.0031201248049922
2026-08-03,H009,S012,Loss of Taste,29,20.0,45.0,641,0.0452418096723869
2026-08-03,H009,S013,Loss of Smell,25,20.0,25.0,641,0.0390015600624025
2026-08-03,H009,S014,Muscle Pain,251,221.0,13.574660633484163,641,0.3915756630265211
2026-08-03,H009,S015,Joint Pain,117,113.0,3.5398230088495577,641,0.18252730109204368
2026-08-03,H009,S016,Retro-orbital Pain,77,83.0,-7.228915662650602,641,0.12012480499219969
2026-08-03,H009,S017,Rash,28,41.0,-31.70731707317073,641,0.0436817472698908
2026-08-03,H009,S018,Nausea,90,99.0,-9.090909090909092,641,0.14040561622464898
2026-08-03,H009,S019,Vomiting,131,137.0,-4.37956204379562,641,0.20436817472698907
2026-08-03,H009,S020,Diarrhoea,97,102.0,-4.901960784313726,641,0.15132605304212168
2026-08-03,H009,S021,Abdominal Pain,67,85.0,-21.176470588235293,641,0.10452418096723869
2026-08-03,H009,S022,Loss of Appetite,24,21.0,14.285714285714285,641,0.0374414976599064
2026-08-03,H009,S023,Weight Loss,3,3.0,0.0,641,0.0046801872074883
2026-08-03,H009,S024,Night Sweats,8,5.0,60.0,641,0.0124804992199688
2026-08-03,H009,S025,Bleeding,1,4.0,-75.0,641,0.0015600624024961
2026-08-03,H009,S026,Anaemia,2,3.0,-33.33333333333333,641,0.0031201248049922
2026-08-03,H009,S027,Dehydration,3,5.0,-40.0,641,0.0046801872074883
2026-08-03,H010,S001,Fever,859,819.0,4.884004884004884,1021,0.8413320274240941
2026-08-03,H010,S002,Headache,438,422.0,3.7914691943127963,1021,0.4289911851126347
2026-08-03,H010,S003,Fatigue,172,185.0,-7.027027027027027,1021,0.168462291870715
2026-08-03,H010,S004,Chills,132,121.0,9.090909090909092,1021,0.12928501469147893
2026-08-03,H010,S005,Sweating,132,121.0,9.090909090909092,1021,0.12928501469147893
2026-08-03,H010,S006,Dry Cough,356,386.0,-7.772020725388601,1021,0.3486777668952008
2026-08-03,H010,S007,Persistent Cough,32,33.0,-3.0303030303030303,1021,0.031341821743388835
2026-08-03,H010,S008,Sore Throat,235,239.0,-1.6736401673640167,1021,0.23016650342801176
2026-08-03,H010,S009,Runny Nose,143,156.0,-8.333333333333332,1021,0.14005876591576885
2026-08-03,H010,S010,Breathlessness,2,7.0,-71.42857142857143,1021,0.0019588638589618022
2026-08-03,H010,S011,Chest Pain,3,3.0,0.0,1021,0.002938295788442703
2026-08-03,H010,S012,Loss of Taste,27,22.0,22.727272727272727,1021,0.02644466209598433
2026-08-03,H010,S013,Loss of Smell,21,22.0,-4.545454545454546,1021,0.02056807051909892
2026-08-03,H010,S014,Muscle Pain,414,383.0,8.093994778067886,1021,0.4054848188050931
2026-08-03,H010,S015,Joint Pain,186,155.0,20.0,1021,0.1821743388834476
2026-08-03,H010,S016,Retro-orbital Pain,161,131.0,22.900763358778626,1021,0.15768854064642507
2026-08-03,H010,S017,Rash,56,53.0,5.660377358490567,1021,0.05484818805093046
2026-08-03,H010,S018,Nausea,160,142.0,12.676056338028168,1021,0.15670910871694418
2026-08-03,H010,S019,Vomiting,228,193.0,18.134715025906736,1021,0.22331047992164543
2026-08-03,H010,S020,Diarrhoea,178,156.0,14.102564102564102,1021,0.1743388834476004
2026-08-03,H010,S021,Abdominal Pain,116,104.0,11.538461538461538,1021,0.11361410381978453
2026-08-03,H010,S022,Loss of Appetite,35,39.0,-10.256410256410255,1021,0.034280117531831536
2026-08-03,H010,S023,Weight Loss,6,3.0,100.0,1021,0.005876591576885406
2026-08-03,H010,S024,Night Sweats,9,10.0,-10.0,1021,0.00881488736532811
2026-08-03,H010,S025,Bleeding,8,6.0,33.33333333333333,1021,0.007835455435847209
2026-08-03,H010,S027,Dehydration,6,3.0,100.0,1021,0.005876591576885406
2026-08-10,H001,S001,Fever,942,984.0,-4.2682926829268295,1090,0.8642201834862385
2026-08-10,H001,S002,Headache,501,493.0,1.6227180527383367,1090,0.4596330275229358
2026-08-10,H001,S003,Fatigue,215,254.0,-15.354330708661418,1090,0.19724770642201836
2026-08-10,H001,S004,Chills,138,155.0,-10.967741935483872,1090,0.12660550458715597
2026-08-10,H001,S005,Sweating,138,155.0,-10.967741935483872,1090,0.12660550458715597
2026-08-10,H001,S006,Dry Cough,495,507.0,-2.366863905325444,1090,0.4541284403669725
2026-08-10,H001,S007,Persistent Cough,36,35.0,2.857142857142857,1090,0.03302752293577982
2026-08-10,H001,S008,Sore Throat,304,324.0,-6.172839506172839,1090,0.27889908256880735
2026-08-10,H001,S009,Runny Nose,191,181.0,5.524861878453039,1090,0.17522935779816515
2026-08-10,H001,S010,Breathlessness,13,21.0,-38.095238095238095,1090,0.011926605504587157
2026-08-10,H001,S011,Chest Pain,1,4.0,-75.0,1090,0.0009174311926605505
2026-08-10,H001,S012,Loss of Taste,39,43.0,-9.30232558139535,1090,0.03577981651376147
2026-08-10,H001,S013,Loss of Smell,42,53.0,-20.754716981132077,1090,0.03853211009174312
2026-08-10,H001,S014,Muscle Pain,425,425.0,0.0,1090,0.38990825688073394
2026-08-10,H001,S015,Joint Pain,169,153.0,10.457516339869281,1090,0.15504587155963304
2026-08-10,H001,S016,Retro-orbital Pain,116,132.0,-12.121212121212121,1090,0.10642201834862386
2026-08-10,H001,S017,Rash,58,62.0,-6.451612903225806,1090,0.05321100917431193
2026-08-10,H001,S018,Nausea,140,133.0,5.263157894736842,1090,0.12844036697247707
2026-08-10,H001,S019,Vomiting,190,198.0,-4.040404040404041,1090,0.1743119266055046
2026-08-10,H001,S020,Diarrhoea,145,147.0,-1.3605442176870748,1090,0.13302752293577982
2026-08-10,H001,S021,Abdominal Pain,95,105.0,-9.523809523809524,1090,0.0871559633027523
2026-08-10,H001,S022,Loss of Appetite,42,39.0,7.6923076923076925,1090,0.03853211009174312
2026-08-10,H001,S023,Weight Loss,4,6.0,-33.33333333333333,1090,0.003669724770642202
2026-08-10,H001,S024,Night Sweats,11,12.0,-8.333333333333332,1090,0.010091743119266056
2026-08-10,H001,S025,Bleeding,5,2.0,150.0,1090,0.0045871559633027525
2026-08-10,H001,S026,Anaemia,1,4.0,-75.0,1090,0.0009174311926605505
2026-08-10,H001,S027,Dehydration,8,4.0,100.0,1090,0.007339449541284404
2026-08-10,H002,S001,Fever,805,773.0,4.139715394566624,915,0.8797814207650273
2026-08-10,H002,S002,Headache,388,357.0,8.683473389355742,915,0.4240437158469945
2026-08-10,H002,S003,Fatigue,181,191.0,-5.2356020942408374,915,0.19781420765027322
2026-08-10,H002,S004,Chills,94,104.0,-9.615384615384617,915,0.10273224043715846
2026-08-10,H002,S005,Sweating,94,104.0,-9.615384615384617,915,0.10273224043715846
2026-08-10,H002,S006,Dry Cough,392,387.0,1.2919896640826873,915,0.4284153005464481
2026-08-10,H002,S007,Persistent Cough,28,29.0,-3.4482758620689653,915,0.030601092896174863
2026-08-10,H002,S008,Sore Throat,250,258.0,-3.10077519379845,915,0.273224043715847
2026-08-10,H002,S009,Runny Nose,142,150.0,-5.333333333333334,915,0.1551912568306011
2026-08-10,H002,S010,Breathlessness,15,10.0,50.0,915,0.01639344262295082
2026-08-10,H002,S011,Chest Pain,1,3.0,-66.66666666666666,915,0.001092896174863388
2026-08-10,H002,S012,Loss of Taste,29,29.0,0.0,915,0.03169398907103825
2026-08-10,H002,S013,Loss of Smell,29,28.0,3.571428571428571,915,0.03169398907103825
2026-08-10,H002,S014,Muscle Pain,385,365.0,5.47945205479452,915,0.4207650273224044
2026-08-10,H002,S015,Joint Pain,166,143.0,16.083916083916083,915,0.1814207650273224
2026-08-10,H002,S016,Retro-orbital Pain,136,107.0,27.102803738317753,915,0.14863387978142076
2026-08-10,H002,S017,Rash,55,41.0,34.146341463414636,915,0.060109289617486336
2026-08-10,H002,S018,Nausea,109,99.0,10.1010101010101,915,0.11912568306010929
2026-08-10,H002,S019,Vomiting,148,144.0,2.7777777777777777,915,0.16174863387978142
2026-08-10,H002,S020,Diarrhoea,121,114.0,6.140350877192982,915,0.13224043715846995
2026-08-10,H002,S021,Abdominal Pain,92,74.0,24.324324324324326,915,0.1005464480874317
2026-08-10,H002,S022,Loss of Appetite,49,26.0,88.46153846153845,915,0.053551912568306013
2026-08-10,H002,S023,Weight Loss,1,4.0,-75.0,915,0.001092896174863388
2026-08-10,H002,S024,Night Sweats,11,13.0,-15.384615384615385,915,0.012021857923497269
2026-08-10,H002,S025,Bleeding,5,3.0,66.66666666666666,915,0.00546448087431694
2026-08-10,H002,S026,Anaemia,2,3.0,-33.33333333333333,915,0.002185792349726776
2026-08-10,H002,S027,Dehydration,3,3.0,0.0,915,0.003278688524590164
2026-08-10,H003,S001,Fever,925,910.0,1.6483516483516485,1080,0.8564814814814815
2026-08-10,H003,S002,Headache,489,448.0,9.151785714285714,1080,0.4527777777777778
2026-08-10,H003,S003,Fatigue,200,214.0,-6.5420560747663545,1080,0.18518518518518517
2026-08-10,H003,S004,Chills,168,141.0,19.148936170212767,1080,0.15555555555555556
2026-08-10,H003,S005,Sweating,168,141.0,19.148936170212767,1080,0.15555555555555556
2026-08-10,H003,S006,Dry Cough,400,404.0,-0.9900990099009901,1080,0.37037037037037035
2026-08-10,H003,S007,Persistent Cough,35,37.0,-5.405405405405405,1080,0.032407407407407406
2026-08-10,H003,S008,Sore Throat,231,256.0,-9.765625,1080,0.21388888888888888
2026-08-10,H003,S009,Runny Nose,138,156.0,-11.538461538461538,1080,0.12777777777777777
2026-08-10,H003,S010,Breathlessness,15,6.0,150.0,1080,0.013888888888888888
2026-08-10,H003,S011,Chest Pain,2,1.0,100.0,1080,0.001851851851851852
2026-08-10,H003,S012,Loss of Taste,30,31.0,-3.225806451612903,1080,0.027777777777777776
2026-08-10,H003,S013,Loss of Smell,29,25.0,16.0,1080,0.026851851851851852
2026-08-10,H003,S014,Muscle Pain,432,419.0,3.1026252983293556,1080,0.4
2026-08-10,H003,S015,Joint Pain,202,195.0,3.5897435897435894,1080,0.18703703703703703
2026-08-10,H003,S016,Retro-orbital Pain,151,138.0,9.420289855072465,1080,0.1398148148148148
2026-08-10,H003,S017,Rash,61,57.0,7.017543859649122,1080,0.05648148148148148
2026-08-10,H003,S018,Nausea,153,159.0,-3.7735849056603774,1080,0.14166666666666666
2026-08-10,H003,S019,Vomiting,193,200.0,-3.5000000000000004,1080,0.1787037037037037
2026-08-10,H003,S020,Diarrhoea,151,156.0,-3.205128205128205,1080,0.1398148148148148
2026-08-10,H003,S021,Abdominal Pain,96,104.0,-7.6923076923076925,1080,0.08888888888888889
2026-08-10,H003,S022,Loss of Appetite,40,53.0,-24.528301886792452,1080,0.037037037037037035
2026-08-10,H003,S023,Weight Loss,2,1.0,100.0,1080,0.001851851851851852
2026-08-10,H003,S024,Night Sweats,11,10.0,10.0,1080,0.010185185185185186
2026-08-10,H003,S025,Bleeding,4,2.0,100.0,1080,0.003703703703703704
2026-08-10,H003,S026,Anaemia,3,1.0,200.0,1080,0.002777777777777778
2026-08-10,H003,S027,Dehydration,6,2.0,200.0,1080,0.005555555555555556
2026-08-10,H004,S001,Fever,853,845.0,0.9467455621301776,1020,0.8362745098039216
2026-08-10,H004,S002,Headache,401,420.0,-4.523809523809524,1020,0.3931372549019608
2026-08-10,H004,S003,Fatigue,221,197.0,12.18274111675127,1020,0.21666666666666667
2026-08-10,H004,S004,Chills,132,110.0,20.0,1020,0.12941176470588237
2026-08-10,H004,S005,Sweating,132,110.0,20.0,1020,0.12941176470588237
2026-08-10,H004,S006,Dry Cough,431,409.0,5.378973105134474,1020,0.42254901960784313
2026-08-10,H004,S007,Persistent Cough,37,31.0,19.35483870967742,1020,0.03627450980392157
2026-08-10,H004,S008,Sore Throat,265,271.0,-2.214022140221402,1020,0.25980392156862747
2026-08-10,H004,S009,Runny Nose,146,157.0,-7.006369426751593,1020,0.14313725490196078
2026-08-10,H004,S010,Breathlessness,17,13.0,30.76923076923077,1020,0.016666666666666666
2026-08-10,H004,S011,Chest Pain,4,2.0,100.0,1020,0.00392156862745098
2026-08-10,H004,S012,Loss of Taste,34,25.0,36.0,1020,0.03333333333333333
2026-08-10,H004,S013,Loss of Smell,37,26.0,42.30769230769231,1020,0.03627450980392157
2026-08-10,H004,S014,Muscle Pain,352,420.0,-16.19047619047619,1020,0.34509803921568627
2026-08-10,H004,S015,Joint Pain,151,181.0,-16.574585635359114,1020,0.1480392156862745
2026-08-10,H004,S016,Retro-orbital Pain,119,133.0,-10.526315789473683,1020,0.11666666666666667
2026-08-10,H004,S017,Rash,38,71.0,-46.478873239436616,1020,0.03725490196078431
2026-08-10,H004,S018,Nausea,128,135.0,-5.185185185185185,1020,0.12549019607843137
2026-08-10,H004,S019,Vomiting,188,174.0,8.045977011494253,1020,0.1843137254901961
2026-08-10,H004,S020,Diarrhoea,164,130.0,26.153846153846157,1020,0.1607843137254902
2026-08-10,H004,S021,Abdominal Pain,115,78.0,47.43589743589743,1020,0.11274509803921569
2026-08-10,H004,S022,Loss of Appetite,33,25.0,32.0,1020,0.03235294117647059
2026-08-10,H004,S023,Weight Loss,4,6.0,-33.33333333333333,1020,0.00392156862745098
2026-08-10,H004,S024,Night Sweats,12,7.0,71.42857142857143,1020,0.011764705882352941
2026-08-10,H004,S025,Bleeding,2,6.0,-66.66666666666666,1020,0.00196078431372549
2026-08-10,H004,S026,Anaemia,2,3.0,-33.33333333333333,1020,0.00196078431372549
2026-08-10,H004,S027,Dehydration,8,6.0,33.33333333333333,1020,0.00784313725490196
2026-08-10,H005,S001,Fever,832,769.0,8.192457737321195,980,0.8489795918367347
2026-08-10,H005,S002,Headache,435,382.0,13.874345549738221,980,0.44387755102040816
2026-08-10,H005,S003,Fatigue,183,181.0,1.1049723756906076,980,0.186734693877551
2026-08-10,H005,S004,Chills,108,111.0,-2.7027027027027026,980,0.11020408163265306
2026-08-10,H005,S005,Sweating,108,111.0,-2.7027027027027026,980,0.11020408163265306
2026-08-10,H005,S006,Dry Cough,396,368.0,7.608695652173914,980,0.40408163265306124
2026-08-10,H005,S007,Persistent Cough,36,34.0,5.88235294117647,980,0.036734693877551024
2026-08-10,H005,S008,Sore Throat,255,220.0,15.909090909090908,980,0.2602040816326531
2026-08-10,H005,S009,Runny Nose,171,135.0,26.666666666666668,980,0.17448979591836736
2026-08-10,H005,S010,Breathlessness,5,5.0,0.0,980,0.00510204081632653
2026-08-10,H005,S011,Chest Pain,1,3.0,-66.66666666666666,980,0.0010204081632653062
2026-08-10,H005,S012,Loss of Taste,17,26.0,-34.61538461538461,980,0.017346938775510204
2026-08-10,H005,S013,Loss of Smell,22,24.0,-8.333333333333332,980,0.022448979591836733
2026-08-10,H005,S014,Muscle Pain,408,345.0,18.26086956521739,980,0.4163265306122449
2026-08-10,H005,S015,Joint Pain,166,144.0,15.277777777777779,980,0.16938775510204082
2026-08-10,H005,S016,Retro-orbital Pain,132,113.0,16.8141592920354,980,0.1346938775510204
2026-08-10,H005,S017,Rash,49,48.0,2.083333333333333,980,0.05
2026-08-10,H005,S018,Nausea,133,157.0,-15.286624203821656,980,0.1357142857142857
2026-08-10,H005,S019,Vomiting,189,231.0,-18.181818181818183,980,0.19285714285714287
2026-08-10,H005,S020,Diarrhoea,149,194.0,-23.195876288659793,980,0.1520408163265306
2026-08-10,H005,S021,Abdominal Pain,100,138.0,-27.536231884057973,980,0.10204081632653061
2026-08-10,H005,S022,Loss of Appetite,31,51.0,-39.21568627450981,980,0.03163265306122449
2026-08-10,H005,S023,Weight Loss,3,3.0,0.0,980,0.003061224489795918
2026-08-10,H005,S024,Night Sweats,10,10.0,0.0,980,0.01020408163265306
2026-08-10,H005,S025,Bleeding,4,2.0,100.0,980,0.004081632653061225
2026-08-10,H005,S026,Anaemia,2,2.0,0.0,980,0.0020408163265306124
2026-08-10,H005,S027,Dehydration,5,5.0,0.0,980,0.00510204081632653
2026-08-10,H006,S001,Fever,643,629.0,2.2257551669316373,757,0.8494055482166446
2026-08-10,H006,S002,Headache,329,331.0,-0.6042296072507553,757,0.4346103038309115
2026-08-10,H006,S003,Fatigue,148,138.0,7.246376811594203,757,0.1955085865257596
2026-08-10,H006,S004,Chills,113,107.0,5.607476635514018,757,0.14927344782034346
2026-08-10,H006,S005,Sweating,113,107.0,5.607476635514018,757,0.14927344782034346
2026-08-10,H006,S006,Dry Cough,286,281.0,1.7793594306049825,757,0.37780713342140027
2026-08-10,H006,S007,Persistent Cough,26,29.0,-10.344827586206897,757,0.034346103038309116
2026-08-10,H006,S008,Sore Throat,183,175.0,4.571428571428571,757,0.24174372523117568
2026-08-10,H006,S009,Runny Nose,109,103.0,5.825242718446602,757,0.14398943196829592
2026-08-10,H006,S010,Breathlessness,9,3.0,200.0,757,0.011889035667107
2026-08-10,H006,S011,Chest Pain,1,5.0,-80.0,757,0.001321003963011889
2026-08-10,H006,S012,Loss of Taste,32,17.0,88.23529411764706,757,0.04227212681638045
2026-08-10,H006,S013,Loss of Smell,30,14.0,114.28571428571428,757,0.03963011889035667
2026-08-10,H006,S014,Muscle Pain,283,292.0,-3.0821917808219177,757,0.37384412153236457
2026-08-10,H006,S015,Joint Pain,122,133.0,-8.270676691729323,757,0.16116248348745046
2026-08-10,H006,S016,Retro-orbital Pain,89,97.0,-8.24742268041237,757,0.11756935270805813
2026-08-10,H006,S017,Rash,41,46.0,-10.869565217391305,757,0.05416116248348745
2026-08-10,H006,S018,Nausea,108,121.0,-10.743801652892563,757,0.142668428005284
2026-08-10,H006,S019,Vomiting,142,175.0,-18.857142857142858,757,0.18758256274768825
2026-08-10,H006,S020,Diarrhoea,118,123.0,-4.0650406504065035,757,0.15587846763540292
2026-08-10,H006,S021,Abdominal Pain,76,86.0,-11.627906976744185,757,0.10039630118890357
2026-08-10,H006,S022,Loss of Appetite,28,34.0,-17.647058823529413,757,0.036988110964332896
2026-08-10,H006,S023,Weight Loss,2,7.0,-71.42857142857143,757,0.002642007926023778
2026-08-10,H006,S024,Night Sweats,10,8.0,25.0,757,0.013210039630118891
2026-08-10,H006,S026,Anaemia,2,2.0,0.0,757,0.002642007926023778
2026-08-10,H006,S027,Dehydration,3,7.0,-57.14285714285714,757,0.003963011889035667
2026-08-10,H007,S001,Fever,567,570.0,-0.5263157894736842,669,0.8475336322869955
2026-08-10,H007,S002,Headache,284,304.0,-6.578947368421052,669,0.42451420029895365
2026-08-10,H007,S003,Fatigue,156,161.0,-3.1055900621118013,669,0.23318385650224216
2026-08-10,H007,S004,Chills,89,79.0,12.658227848101266,669,0.13303437967115098
2026-08-10,H007,S005,Sweating,89,79.0,12.658227848101266,669,0.13303437967115098
2026-08-10,H007,S006,Dry Cough,287,294.0,-2.380952380952381,669,0.4289985052316891
2026-08-10,H007,S007,Persistent Cough,33,25.0,32.0,669,0.04932735426008968
2026-08-10,H007,S008,Sore Throat,180,186.0,-3.225806451612903,669,0.26905829596412556
2026-08-10,H007,S009,Runny Nose,102,113.0,-9.734513274336283,669,0.15246636771300448
2026-08-10,H007,S010,Breathlessness,6,4.0,50.0,669,0.008968609865470852
2026-08-10,H007,S011,Chest Pain,2,1.0,100.0,669,0.0029895366218236174
2026-08-10,H007,S012,Loss of Taste,26,16.0,62.5,669,0.03886397608370702
2026-08-10,H007,S013,Loss of Smell,26,14.0,85.71428571428571,669,0.03886397608370702
2026-08-10,H007,S014,Muscle Pain,249,254.0,-1.968503937007874,669,0.3721973094170404
2026-08-10,H007,S015,Joint Pain,102,86.0,18.6046511627907,669,0.15246636771300448
2026-08-10,H007,S016,Retro-orbital Pain,83,68.0,22.058823529411764,669,0.12406576980568013
2026-08-10,H007,S017,Rash,28,22.0,27.27272727272727,669,0.04185351270553064
2026-08-10,H007,S018,Nausea,80,80.0,0.0,669,0.11958146487294469
2026-08-10,H007,S019,Vomiting,121,118.0,2.5423728813559325,669,0.18086696562032886
2026-08-10,H007,S020,Diarrhoea,89,90.0,-1.1111111111111112,669,0.13303437967115098
2026-08-10,H007,S021,Abdominal Pain,62,69.0,-10.144927536231885,669,0.09267563527653214
2026-08-10,H007,S022,Loss of Appetite,24,29.0,-17.24137931034483,669,0.03587443946188341
2026-08-10,H007,S023,Weight Loss,4,3.0,33.33333333333333,669,0.005979073243647235
2026-08-10,H007,S024,Night Sweats,10,9.0,11.11111111111111,669,0.014947683109118086
2026-08-10,H007,S025,Bleeding,6,2.0,200.0,669,0.008968609865470852
2026-08-10,H007,S026,Anaemia,4,1.0,300.0,669,0.005979073243647235
2026-08-10,H007,S027,Dehydration,3,7.0,-57.14285714285714,669,0.004484304932735426
2026-08-10,H008,S001,Fever,680,682.0,-0.2932551319648094,780,0.8717948717948718
2026-08-10,H008,S002,Headache,319,345.0,-7.536231884057972,780,0.40897435897435896
2026-08-10,H008,S003,Fatigue,172,139.0,23.741007194244602,780,0.2205128205128205
2026-08-10,H008,S004,Chills,106,101.0,4.9504950495049505,780,0.1358974358974359
2026-08-10,H008,S005,Sweating,106,101.0,4.9504950495049505,780,0.1358974358974359
2026-08-10,H008,S006,Dry Cough,336,321.0,4.672897196261682,780,0.4307692307692308
2026-08-10,H008,S007,Persistent Cough,21,34.0,-38.23529411764706,780,0.026923076923076925
2026-08-10,H008,S008,Sore Throat,221,196.0,12.755102040816327,780,0.2833333333333333
2026-08-10,H008,S009,Runny Nose,127,131.0,-3.0534351145038165,780,0.16282051282051282
2026-08-10,H008,S010,Breathlessness,10,9.0,11.11111111111111,780,0.01282051282051282
2026-08-10,H008,S011,Chest Pain,1,1.0,0.0,780,0.001282051282051282
2026-08-10,H008,S012,Loss of Taste,22,32.0,-31.25,780,0.028205128205128206
2026-08-10,H008,S013,Loss of Smell,21,32.0,-34.375,780,0.026923076923076925
2026-08-10,H008,S014,Muscle Pain,301,302.0,-0.33112582781456956,780,0.3858974358974359
2026-08-10,H008,S015,Joint Pain,133,125.0,6.4,780,0.17051282051282052
2026-08-10,H008,S016,Retro-orbital Pain,102,111.0,-8.108108108108109,780,0.13076923076923078
2026-08-10,H008,S017,Rash,48,45.0,6.666666666666667,780,0.06153846153846154
2026-08-10,H008,S018,Nausea,100,112.0,-10.714285714285714,780,0.1282051282051282
2026-08-10,H008,S019,Vomiting,133,153.0,-13.071895424836603,780,0.17051282051282052
2026-08-10,H008,S020,Diarrhoea,101,130.0,-22.30769230769231,780,0.1294871794871795
2026-08-10,H008,S021,Abdominal Pain,67,87.0,-22.988505747126435,780,0.0858974358974359
2026-08-10,H008,S022,Loss of Appetite,27,31.0,-12.903225806451612,780,0.03461538461538462
2026-08-10,H008,S023,Weight Loss,3,3.0,0.0,780,0.0038461538461538464
2026-08-10,H008,S024,Night Sweats,7,7.0,0.0,780,0.008974358974358974
2026-08-10,H008,S025,Bleeding,3,2.0,50.0,780,0.0038461538461538464
2026-08-10,H008,S026,Anaemia,1,2.0,-50.0,780,0.001282051282051282
2026-08-10,H008,S027,Dehydration,1,2.0,-50.0,780,0.001282051282051282
2026-08-10,H009,S001,Fever,541,554.0,-2.3465703971119134,646,0.8374613003095975
2026-08-10,H009,S002,Headache,292,285.0,2.456140350877193,646,0.4520123839009288
2026-08-10,H009,S003,Fatigue,130,144.0,-9.722222222222223,646,0.20123839009287925
2026-08-10,H009,S004,Chills,99,95.0,4.2105263157894735,646,0.15325077399380804
2026-08-10,H009,S005,Sweating,99,95.0,4.2105263157894735,646,0.15325077399380804
2026-08-10,H009,S006,Dry Cough,244,245.0,-0.40816326530612246,646,0.37770897832817335
2026-08-10,H009,S007,Persistent Cough,15,18.0,-16.666666666666664,646,0.02321981424148607
2026-08-10,H009,S008,Sore Throat,155,153.0,1.3071895424836601,646,0.23993808049535603
2026-08-10,H009,S009,Runny Nose,87,97.0,-10.309278350515463,646,0.1346749226006192
2026-08-10,H009,S010,Breathlessness,2,7.0,-71.42857142857143,646,0.0030959752321981426
2026-08-10,H009,S012,Loss of Taste,13,29.0,-55.172413793103445,646,0.020123839009287926
2026-08-10,H009,S013,Loss of Smell,21,25.0,-16.0,646,0.032507739938080496
2026-08-10,H009,S014,Muscle Pain,239,251.0,-4.780876494023905,646,0.369969040247678
2026-08-10,H009,S015,Joint Pain,97,117.0,-17.094017094017094,646,0.15015479876160992
2026-08-10,H009,S016,Retro-orbital Pain,77,77.0,0.0,646,0.11919504643962849
2026-08-10,H009,S017,Rash,30,28.0,7.142857142857142,646,0.04643962848297214
2026-08-10,H009,S018,Nausea,96,90.0,6.666666666666667,646,0.14860681114551083
2026-08-10,H009,S019,Vomiting,140,131.0,6.870229007633588,646,0.21671826625386997
2026-08-10,H009,S020,Diarrhoea,111,97.0,14.432989690721648,646,0.17182662538699692
2026-08-10,H009,S021,Abdominal Pain,77,67.0,14.925373134328357,646,0.11919504643962849
2026-08-10,H009,S022,Loss of Appetite,21,24.0,-12.5,646,0.032507739938080496
2026-08-10,H009,S024,Night Sweats,1,8.0,-87.5,646,0.0015479876160990713
2026-08-10,H009,S025,Bleeding,2,1.0,100.0,646,0.0030959752321981426
2026-08-10,H009,S026,Anaemia,2,2.0,0.0,646,0.0030959752321981426
2026-08-10,H009,S027,Dehydration,8,3.0,166.66666666666669,646,0.01238390092879257
2026-08-10,H010,S001,Fever,804,859.0,-6.402793946449361,967,0.8314374353671148
2026-08-10,H010,S002,Headache,393,438.0,-10.273972602739725,967,0.40641158221303
2026-08-10,H010,S003,Fatigue,172,172.0,0.0,967,0.1778697001034126
2026-08-10,H010,S004,Chills,114,132.0,-13.636363636363635,967,0.11789038262668046
2026-08-10,H010,S005,Sweating,114,132.0,-13.636363636363635,967,0.11789038262668046
2026-08-10,H010,S006,Dry Cough,389,356.0,9.269662921348315,967,0.40227507755946224
2026-08-10,H010,S007,Persistent Cough,18,32.0,-43.75,967,0.01861427094105481
2026-08-10,H010,S008,Sore Throat,246,235.0,4.680851063829787,967,0.2543950361944157
2026-08-10,H010,S009,Runny Nose,175,143.0,22.377622377622377,967,0.1809720785935884
2026-08-10,H010,S010,Breathlessness,5,2.0,150.0,967,0.005170630816959669
2026-08-10,H010,S012,Loss of Taste,26,27.0,-3.7037037037037033,967,0.02688728024819028
2026-08-10,H010,S013,Loss of Smell,23,21.0,9.523809523809524,967,0.023784901758014478
2026-08-10,H010,S014,Muscle Pain,402,414.0,-2.898550724637681,967,0.4157187176835574
2026-08-10,H010,S015,Joint Pain,164,186.0,-11.827956989247312,967,0.16959669079627715
2026-08-10,H010,S016,Retro-orbital Pain,130,161.0,-19.25465838509317,967,0.1344364012409514
2026-08-10,H010,S017,Rash,53,56.0,-5.357142857142857,967,0.05480868665977249
2026-08-10,H010,S018,Nausea,143,160.0,-10.625,967,0.14788004136504654
2026-08-10,H010,S019,Vomiting,205,228.0,-10.087719298245613,967,0.21199586349534644
2026-08-10,H010,S020,Diarrhoea,167,178.0,-6.179775280898876,967,0.17269906928645296
2026-08-10,H010,S021,Abdominal Pain,110,116.0,-5.172413793103448,967,0.11375387797311272
2026-08-10,H010,S022,Loss of Appetite,30,35.0,-14.285714285714285,967,0.031023784901758014
2026-08-10,H010,S023,Weight Loss,1,6.0,-83.33333333333334,967,0.001034126163391934
2026-08-10,H010,S024,Night Sweats,7,9.0,-22.22222222222222,967,0.007238883143743537
2026-08-10,H010,S025,Bleeding,2,8.0,-75.0,967,0.002068252326783868
2026-08-10,H010,S026,Anaemia,3,2.0,50.0,967,0.0031023784901758012
2026-08-10,H010,S027,Dehydration,8,6.0,33.33333333333333,967,0.008273009307135471
2026-08-17,H001,S001,Fever,953,942.0,1.167728237791932,1091,0.8735105407882676
2026-08-17,H001,S002,Headache,478,501.0,-4.590818363273453,1091,0.4381301558203483
2026-08-17,H001,S003,Fatigue,241,215.0,12.093023255813954,1091,0.22089825847846012
2026-08-17,H001,S004,Chills,110,138.0,-20.28985507246377,1091,0.1008249312557287
2026-08-17,H001,S005,Sweating,110,138.0,-20.28985507246377,1091,0.1008249312557287
2026-08-17,H001,S006,Dry Cough,542,495.0,9.494949494949495,1091,0.49679193400549954
2026-08-17,H001,S007,Persistent Cough,23,36.0,-36.11111111111111,1091,0.021081576535288724
2026-08-17,H001,S008,Sore Throat,323,304.0,6.25,1091,0.29605866177818513
2026-08-17,H001,S009,Runny Nose,222,191.0,16.230366492146597,1091,0.20348304307974335
2026-08-17,H001,S010,Breathlessness,9,13.0,-30.76923076923077,1091,0.008249312557286892
2026-08-17,H001,S011,Chest Pain,1,1.0,0.0,1091,0.0009165902841429881
2026-08-17,H001,S012,Loss of Taste,38,39.0,-2.564102564102564,1091,0.034830430797433545
2026-08-17,H001,S013,Loss of Smell,42,42.0,0.0,1091,0.0384967919340055
2026-08-17,H001,S014,Muscle Pain,439,425.0,3.294117647058824,1091,0.40238313473877174
2026-08-17,H001,S015,Joint Pain,166,169.0,-1.7751479289940828,1091,0.152153987167736
2026-08-17,H001,S016,Retro-orbital Pain,107,116.0,-7.758620689655173,1091,0.09807516040329972
2026-08-17,H001,S017,Rash,44,58.0,-24.137931034482758,1091,0.04032997250229148
2026-08-17,H001,S018,Nausea,140,140.0,0.0,1091,0.12832263978001834
2026-08-17,H001,S019,Vomiting,164,190.0,-13.684210526315791,1091,0.15032080659945005
2026-08-17,H001,S020,Diarrhoea,139,145.0,-4.137931034482759,1091,0.12740604949587533
2026-08-17,H001,S021,Abdominal Pain,98,95.0,3.1578947368421053,1091,0.08982584784601283
2026-08-17,H001,S022,Loss of Appetite,36,42.0,-14.285714285714285,1091,0.03299725022914757
2026-08-17,H001,S023,Weight Loss,4,4.0,0.0,1091,0.0036663611365719525
2026-08-17,H001,S024,Night Sweats,9,11.0,-18.181818181818183,1091,0.008249312557286892
2026-08-17,H001,S025,Bleeding,3,5.0,-40.0,1091,0.002749770852428964
2026-08-17,H001,S026,Anaemia,1,1.0,0.0,1091,0.0009165902841429881
2026-08-17,H001,S027,Dehydration,4,8.0,-50.0,1091,0.0036663611365719525
2026-08-17,H002,S001,Fever,748,805.0,-7.080745341614906,875,0.8548571428571429
2026-08-17,H002,S002,Headache,372,388.0,-4.123711340206185,875,0.42514285714285716
2026-08-17,H002,S003,Fatigue,177,181.0,-2.209944751381215,875,0.2022857142857143
2026-08-17,H002,S004,Chills,104,94.0,10.638297872340425,875,0.11885714285714286
2026-08-17,H002,S005,Sweating,104,94.0,10.638297872340425,875,0.11885714285714286
2026-08-17,H002,S006,Dry Cough,388,392.0,-1.0204081632653061,875,0.44342857142857145
2026-08-17,H002,S007,Persistent Cough,33,28.0,17.857142857142858,875,0.037714285714285714
2026-08-17,H002,S008,Sore Throat,252,250.0,0.8,875,0.288
2026-08-17,H002,S009,Runny Nose,165,142.0,16.19718309859155,875,0.18857142857142858
2026-08-17,H002,S010,Breathlessness,5,15.0,-66.66666666666666,875,0.005714285714285714
2026-08-17,H002,S011,Chest Pain,1,1.0,0.0,875,0.001142857142857143
2026-08-17,H002,S012,Loss of Taste,25,29.0,-13.793103448275861,875,0.02857142857142857
2026-08-17,H002,S013,Loss of Smell,26,29.0,-10.344827586206897,875,0.029714285714285714
2026-08-17,H002,S014,Muscle Pain,332,385.0,-13.766233766233766,875,0.37942857142857145
2026-08-17,H002,S015,Joint Pain,139,166.0,-16.265060240963855,875,0.15885714285714286
2026-08-17,H002,S016,Retro-orbital Pain,92,136.0,-32.35294117647059,875,0.10514285714285715
2026-08-17,H002,S017,Rash,42,55.0,-23.636363636363637,875,0.048
2026-08-17,H002,S018,Nausea,120,109.0,10.091743119266056,875,0.13714285714285715
2026-08-17,H002,S019,Vomiting,154,148.0,4.054054054054054,875,0.176
2026-08-17,H002,S020,Diarrhoea,126,121.0,4.132231404958678,875,0.144
2026-08-17,H002,S021,Abdominal Pain,94,92.0,2.1739130434782608,875,0.10742857142857143
2026-08-17,H002,S022,Loss of Appetite,34,49.0,-30.612244897959183,875,0.038857142857142854
2026-08-17,H002,S023,Weight Loss,3,1.0,200.0,875,0.0034285714285714284
2026-08-17,H002,S024,Night Sweats,13,11.0,18.181818181818183,875,0.014857142857142857
2026-08-17,H002,S025,Bleeding,4,5.0,-20.0,875,0.004571428571428572
2026-08-17,H002,S026,Anaemia,2,2.0,0.0,875,0.002285714285714286
2026-08-17,H002,S027,Dehydration,5,3.0,66.66666666666666,875,0.005714285714285714
2026-08-17,H003,S001,Fever,966,925.0,4.4324324324324325,1106,0.8734177215189873
2026-08-17,H003,S002,Headache,477,489.0,-2.4539877300613497,1106,0.43128390596745025
2026-08-17,H003,S003,Fatigue,196,200.0,-2.0,1106,0.17721518987341772
2026-08-17,H003,S004,Chills,152,168.0,-9.523809523809524,1106,0.13743218806509946
2026-08-17,H003,S005,Sweating,152,168.0,-9.523809523809524,1106,0.13743218806509946
2026-08-17,H003,S006,Dry Cough,431,400.0,7.75,1106,0.3896925858951175
2026-08-17,H003,S007,Persistent Cough,33,35.0,-5.714285714285714,1106,0.029837251356238697
2026-08-17,H003,S008,Sore Throat,255,231.0,10.38961038961039,1106,0.23056057866184448
2026-08-17,H003,S009,Runny Nose,160,138.0,15.942028985507244,1106,0.14466546112115733
2026-08-17,H003,S010,Breathlessness,12,15.0,-20.0,1106,0.0108499095840868
2026-08-17,H003,S011,Chest Pain,4,2.0,100.0,1106,0.003616636528028933
2026-08-17,H003,S012,Loss of Taste,35,30.0,16.666666666666664,1106,0.03164556962025317
2026-08-17,H003,S013,Loss of Smell,34,29.0,17.24137931034483,1106,0.03074141048824593
2026-08-17,H003,S014,Muscle Pain,460,432.0,6.481481481481481,1106,0.4159132007233273
2026-08-17,H003,S015,Joint Pain,206,202.0,1.9801980198019802,1106,0.18625678119349007
2026-08-17,H003,S016,Retro-orbital Pain,153,151.0,1.3245033112582782,1106,0.1383363471971067
2026-08-17,H003,S017,Rash,56,61.0,-8.19672131147541,1106,0.05063291139240506
2026-08-17,H003,S018,Nausea,139,153.0,-9.15032679738562,1106,0.1256781193490054
2026-08-17,H003,S019,Vomiting,182,193.0,-5.699481865284974,1106,0.16455696202531644
2026-08-17,H003,S020,Diarrhoea,150,151.0,-0.6622516556291391,1106,0.13562386980108498
2026-08-17,H003,S021,Abdominal Pain,96,96.0,0.0,1106,0.0867992766726944
2026-08-17,H003,S022,Loss of Appetite,45,40.0,12.5,1106,0.0406871609403255
2026-08-17,H003,S023,Weight Loss,5,2.0,150.0,1106,0.0045207956600361665
2026-08-17,H003,S024,Night Sweats,14,11.0,27.27272727272727,1106,0.012658227848101266
2026-08-17,H003,S025,Bleeding,1,4.0,-75.0,1106,0.0009041591320072332
2026-08-17,H003,S026,Anaemia,2,3.0,-33.33333333333333,1106,0.0018083182640144665
2026-08-17,H003,S027,Dehydration,6,6.0,0.0,1106,0.0054249547920434
2026-08-17,H004,S001,Fever,846,853.0,-0.8206330597889802,1002,0.844311377245509
2026-08-17,H004,S002,Headache,426,401.0,6.234413965087282,1002,0.4251497005988024
2026-08-17,H004,S003,Fatigue,220,221.0,-0.4524886877828055,1002,0.21956087824351297
2026-08-17,H004,S004,Chills,115,132.0,-12.878787878787879,1002,0.11477045908183632
2026-08-17,H004,S005,Sweating,115,132.0,-12.878787878787879,1002,0.11477045908183632
2026-08-17,H004,S006,Dry Cough,415,431.0,-3.7122969837587005,1002,0.41417165668662675
2026-08-17,H004,S007,Persistent Cough,38,37.0,2.7027027027027026,1002,0.03792415169660679
2026-08-17,H004,S008,Sore Throat,289,265.0,9.056603773584905,1002,0.2884231536926148
2026-08-17,H004,S009,Runny Nose,139,146.0,-4.794520547945205,1002,0.13872255489021956
2026-08-17,H004,S010,Breathlessness,16,17.0,-5.88235294117647,1002,0.015968063872255488
2026-08-17,H004,S011,Chest Pain,1,4.0,-75.0,1002,0.000998003992015968
2026-08-17,H004,S012,Loss of Taste,36,34.0,5.88235294117647,1002,0.03592814371257485
2026-08-17,H004,S013,Loss of Smell,32,37.0,-13.513513513513514,1002,0.031936127744510975
2026-08-17,H004,S014,Muscle Pain,399,352.0,13.352272727272727,1002,0.39820359281437123
2026-08-17,H004,S015,Joint Pain,179,151.0,18.543046357615893,1002,0.17864271457085829
2026-08-17,H004,S016,Retro-orbital Pain,131,119.0,10.084033613445378,1002,0.13073852295409183
2026-08-17,H004,S017,Rash,56,38.0,47.368421052631575,1002,0.05588822355289421
2026-08-17,H004,S018,Nausea,144,128.0,12.5,1002,0.1437125748502994
2026-08-17,H004,S019,Vomiting,200,188.0,6.382978723404255,1002,0.1996007984031936
2026-08-17,H004,S020,Diarrhoea,150,164.0,-8.536585365853659,1002,0.1497005988023952
2026-08-17,H004,S021,Abdominal Pain,87,115.0,-24.347826086956523,1002,0.08682634730538923
2026-08-17,H004,S022,Loss of Appetite,24,33.0,-27.27272727272727,1002,0.023952095808383235
2026-08-17,H004,S023,Weight Loss,3,4.0,-25.0,1002,0.0029940119760479044
2026-08-17,H004,S024,Night Sweats,13,12.0,8.333333333333332,1002,0.012974051896207584
2026-08-17,H004,S025,Bleeding,2,2.0,0.0,1002,0.001996007984031936
2026-08-17,H004,S026,Anaemia,3,2.0,50.0,1002,0.0029940119760479044
2026-08-17,H004,S027,Dehydration,4,8.0,-50.0,1002,0.003992015968063872
2026-08-17,H005,S001,Fever,813,832.0,-2.283653846153846,975,0.8338461538461538
2026-08-17,H005,S002,Headache,409,435.0,-5.977011494252873,975,0.4194871794871795
2026-08-17,H005,S003,Fatigue,178,183.0,-2.73224043715847,975,0.18256410256410258
2026-08-17,H005,S004,Chills,123,108.0,13.88888888888889,975,0.12615384615384614
2026-08-17,H005,S005,Sweating,123,108.0,13.88888888888889,975,0.12615384615384614
2026-08-17,H005,S006,Dry Cough,375,396.0,-5.303030303030303,975,0.38461538461538464
2026-08-17,H005,S007,Persistent Cough,39,36.0,8.333333333333332,975,0.04
2026-08-17,H005,S008,Sore Throat,242,255.0,-5.098039215686274,975,0.24820512820512822
2026-08-17,H005,S009,Runny Nose,148,171.0,-13.450292397660817,975,0.1517948717948718
2026-08-17,H005,S010,Breathlessness,8,5.0,60.0,975,0.008205128205128205
2026-08-17,H005,S011,Chest Pain,4,1.0,300.0,975,0.0041025641025641026
2026-08-17,H005,S012,Loss of Taste,33,17.0,94.11764705882352,975,0.033846153846153845
2026-08-17,H005,S013,Loss of Smell,37,22.0,68.18181818181817,975,0.03794871794871795
2026-08-17,H005,S014,Muscle Pain,371,408.0,-9.068627450980392,975,0.38051282051282054
2026-08-17,H005,S015,Joint Pain,149,166.0,-10.240963855421686,975,0.15282051282051282
2026-08-17,H005,S016,Retro-orbital Pain,132,132.0,0.0,975,0.13538461538461538
2026-08-17,H005,S017,Rash,55,49.0,12.244897959183673,975,0.05641025641025641
2026-08-17,H005,S018,Nausea,156,133.0,17.293233082706767,975,0.16
2026-08-17,H005,S019,Vomiting,208,189.0,10.052910052910052,975,0.21333333333333335
2026-08-17,H005,S020,Diarrhoea,165,149.0,10.738255033557047,975,0.16923076923076924
2026-08-17,H005,S021,Abdominal Pain,114,100.0,14.000000000000002,975,0.11692307692307692
2026-08-17,H005,S022,Loss of Appetite,37,31.0,19.35483870967742,975,0.03794871794871795
2026-08-17,H005,S023,Weight Loss,8,3.0,166.66666666666669,975,0.008205128205128205
2026-08-17,H005,S024,Night Sweats,18,10.0,80.0,975,0.018461538461538463
2026-08-17,H005,S025,Bleeding,4,4.0,0.0,975,0.0041025641025641026
2026-08-17,H005,S026,Anaemia,2,2.0,0.0,975,0.0020512820512820513
2026-08-17,H005,S027,Dehydration,5,5.0,0.0,975,0.005128205128205128
2026-08-17,H006,S001,Fever,636,643.0,-1.088646967340591,741,0.8582995951417004
2026-08-17,H006,S002,Headache,329,329.0,0.0,741,0.44399460188933876
2026-08-17,H006,S003,Fatigue,162,148.0,9.45945945945946,741,0.21862348178137653
2026-08-17,H006,S004,Chills,100,113.0,-11.504424778761061,741,0.1349527665317139
2026-08-17,H006,S005,Sweating,100,113.0,-11.504424778761061,741,0.1349527665317139
2026-08-17,H006,S006,Dry Cough,278,286.0,-2.797202797202797,741,0.37516869095816463
2026-08-17,H006,S007,Persistent Cough,26,26.0,0.0,741,0.03508771929824561
2026-08-17,H006,S008,Sore Throat,180,183.0,-1.639344262295082,741,0.242914979757085
2026-08-17,H006,S009,Runny Nose,94,109.0,-13.761467889908257,741,0.12685560053981107
2026-08-17,H006,S010,Breathlessness,10,9.0,11.11111111111111,741,0.01349527665317139
2026-08-17,H006,S011,Chest Pain,2,1.0,100.0,741,0.002699055330634278
2026-08-17,H006,S012,Loss of Taste,27,32.0,-15.625,741,0.03643724696356275
2026-08-17,H006,S013,Loss of Smell,27,30.0,-10.0,741,0.03643724696356275
2026-08-17,H006,S014,Muscle Pain,288,283.0,1.76678445229682,741,0.38866396761133604
2026-08-17,H006,S015,Joint Pain,132,122.0,8.19672131147541,741,0.17813765182186234
2026-08-17,H006,S016,Retro-orbital Pain,110,89.0,23.595505617977526,741,0.1484480431848853
2026-08-17,H006,S017,Rash,48,41.0,17.073170731707318,741,0.06477732793522267
2026-08-17,H006,S018,Nausea,111,108.0,2.7777777777777777,741,0.14979757085020243
2026-08-17,H006,S019,Vomiting,139,142.0,-2.112676056338028,741,0.18758434547908232
2026-08-17,H006,S020,Diarrhoea,104,118.0,-11.864406779661017,741,0.14035087719298245
2026-08-17,H006,S021,Abdominal Pain,75,76.0,-1.3157894736842104,741,0.10121457489878542
2026-08-17,H006,S022,Loss of Appetite,22,28.0,-21.428571428571427,741,0.029689608636977057
2026-08-17,H006,S023,Weight Loss,5,2.0,150.0,741,0.006747638326585695
2026-08-17,H006,S024,Night Sweats,13,10.0,30.0,741,0.017543859649122806
2026-08-17,H006,S025,Bleeding,8,2.0,300.0,741,0.010796221322537112
2026-08-17,H006,S026,Anaemia,2,2.0,0.0,741,0.002699055330634278
2026-08-17,H006,S027,Dehydration,2,3.0,-33.33333333333333,741,0.002699055330634278
2026-08-17,H007,S001,Fever,572,567.0,0.8818342151675485,656,0.8719512195121951
2026-08-17,H007,S002,Headache,293,284.0,3.169014084507042,656,0.44664634146341464
2026-08-17,H007,S003,Fatigue,147,156.0,-5.769230769230769,656,0.22408536585365854
2026-08-17,H007,S004,Chills,71,89.0,-20.224719101123593,656,0.10823170731707317
2026-08-17,H007,S005,Sweating,71,89.0,-20.224719101123593,656,0.10823170731707317
2026-08-17,H007,S006,Dry Cough,312,287.0,8.710801393728223,656,0.47560975609756095
2026-08-17,H007,S007,Persistent Cough,23,33.0,-30.303030303030305,656,0.0350609756097561
2026-08-17,H007,S008,Sore Throat,198,180.0,10.0,656,0.3018292682926829
2026-08-17,H007,S009,Runny Nose,134,102.0,31.372549019607842,656,0.20426829268292682
2026-08-17,H007,S010,Breathlessness,10,6.0,66.66666666666666,656,0.01524390243902439
2026-08-17,H007,S011,Chest Pain,1,2.0,-50.0,656,0.001524390243902439
2026-08-17,H007,S012,Loss of Taste,25,26.0,-3.8461538461538463,656,0.038109756097560975
2026-08-17,H007,S013,Loss of Smell,27,26.0,3.8461538461538463,656,0.041158536585365856
2026-08-17,H007,S014,Muscle Pain,268,249.0,7.630522088353414,656,0.40853658536585363
2026-08-17,H007,S015,Joint Pain,93,102.0,-8.823529411764707,656,0.14176829268292682
2026-08-17,H007,S016,Retro-orbital Pain,85,83.0,2.4096385542168677,656,0.12957317073170732
2026-08-17,H007,S017,Rash,35,28.0,25.0,656,0.053353658536585365
2026-08-17,H007,S018,Nausea,75,80.0,-6.25,656,0.11432926829268293
2026-08-17,H007,S019,Vomiting,98,121.0,-19.00826446280992,656,0.14939024390243902
2026-08-17,H007,S020,Diarrhoea,79,89.0,-11.235955056179774,656,0.12042682926829268
2026-08-17,H007,S021,Abdominal Pain,64,62.0,3.225806451612903,656,0.0975609756097561
2026-08-17,H007,S022,Loss of Appetite,28,24.0,16.666666666666664,656,0.042682926829268296
2026-08-17,H007,S023,Weight Loss,1,4.0,-75.0,656,0.001524390243902439
2026-08-17,H007,S024,Night Sweats,9,10.0,-10.0,656,0.013719512195121951
2026-08-17,H007,S025,Bleeding,1,6.0,-83.33333333333334,656,0.001524390243902439
2026-08-17,H007,S026,Anaemia,1,4.0,-75.0,656,0.001524390243902439
2026-08-17,H007,S027,Dehydration,1,3.0,-66.66666666666666,656,0.001524390243902439
2026-08-17,H008,S001,Fever,662,680.0,-2.6470588235294117,768,0.8619791666666666
2026-08-17,H008,S002,Headache,354,319.0,10.9717868338558,768,0.4609375
2026-08-17,H008,S003,Fatigue,161,172.0,-6.395348837209303,768,0.20963541666666666
2026-08-17,H008,S004,Chills,88,106.0,-16.9811320754717,768,0.11458333333333333
2026-08-17,H008,S005,Sweating,88,106.0,-16.9811320754717,768,0.11458333333333333
2026-08-17,H008,S006,Dry Cough,316,336.0,-5.952380952380952,768,0.4114583333333333
2026-08-17,H008,S007,Persistent Cough,30,21.0,42.857142857142854,768,0.0390625
2026-08-17,H008,S008,Sore Throat,205,221.0,-7.239819004524888,768,0.2669270833333333
2026-08-17,H008,S009,Runny Nose,129,127.0,1.574803149606299,768,0.16796875
2026-08-17,H008,S010,Breathlessness,8,10.0,-20.0,768,0.010416666666666666
2026-08-17,H008,S011,Chest Pain,1,1.0,0.0,768,0.0013020833333333333
2026-08-17,H008,S012,Loss of Taste,26,22.0,18.181818181818183,768,0.033854166666666664
2026-08-17,H008,S013,Loss of Smell,25,21.0,19.047619047619047,768,0.032552083333333336
2026-08-17,H008,S014,Muscle Pain,320,301.0,6.312292358803987,768,0.4166666666666667
2026-08-17,H008,S015,Joint Pain,144,133.0,8.270676691729323,768,0.1875
2026-08-17,H008,S016,Retro-orbital Pain,116,102.0,13.725490196078432,768,0.15104166666666666
2026-08-17,H008,S017,Rash,49,48.0,2.083333333333333,768,0.06380208333333333
2026-08-17,H008,S018,Nausea,106,100.0,6.0,768,0.13802083333333334
2026-08-17,H008,S019,Vomiting,140,133.0,5.263157894736842,768,0.18229166666666666
2026-08-17,H008,S020,Diarrhoea,100,101.0,-0.9900990099009901,768,0.13020833333333334
2026-08-17,H008,S021,Abdominal Pain,73,67.0,8.955223880597014,768,0.09505208333333333
2026-08-17,H008,S022,Loss of Appetite,32,27.0,18.51851851851852,768,0.041666666666666664
2026-08-17,H008,S023,Weight Loss,4,3.0,33.33333333333333,768,0.005208333333333333
2026-08-17,H008,S024,Night Sweats,10,7.0,42.857142857142854,768,0.013020833333333334
2026-08-17,H008,S025,Bleeding,2,3.0,-33.33333333333333,768,0.0026041666666666665
2026-08-17,H008,S027,Dehydration,8,1.0,700.0,768,0.010416666666666666
2026-08-17,H009,S001,Fever,518,541.0,-4.251386321626617,609,0.8505747126436781
2026-08-17,H009,S002,Headache,259,292.0,-11.301369863013697,609,0.42528735632183906
2026-08-17,H009,S003,Fatigue,152,130.0,16.923076923076923,609,0.24958949096880131
2026-08-17,H009,S004,Chills,85,99.0,-14.14141414141414,609,0.13957307060755336
2026-08-17,H009,S005,Sweating,85,99.0,-14.14141414141414,609,0.13957307060755336
2026-08-17,H009,S006,Dry Cough,241,244.0,-1.2295081967213115,609,0.3957307060755337
2026-08-17,H009,S007,Persistent Cough,16,15.0,6.666666666666667,609,0.026272577996715927
2026-08-17,H009,S008,Sore Throat,156,155.0,0.6451612903225806,609,0.2561576354679803
2026-08-17,H009,S009,Runny Nose,87,87.0,0.0,609,0.14285714285714285
2026-08-17,H009,S010,Breathlessness,5,2.0,150.0,609,0.008210180623973728
2026-08-17,H009,S012,Loss of Taste,26,13.0,100.0,609,0.042692939244663386
2026-08-17,H009,S013,Loss of Smell,22,21.0,4.761904761904762,609,0.0361247947454844
2026-08-17,H009,S014,Muscle Pain,225,239.0,-5.857740585774058,609,0.3694581280788177
2026-08-17,H009,S015,Joint Pain,108,97.0,11.34020618556701,609,0.17733990147783252
2026-08-17,H009,S016,Retro-orbital Pain,83,77.0,7.792207792207792,609,0.13628899835796388
2026-08-17,H009,S017,Rash,29,30.0,-3.3333333333333335,609,0.047619047619047616
2026-08-17,H009,S018,Nausea,85,96.0,-11.458333333333332,609,0.13957307060755336
2026-08-17,H009,S019,Vomiting,125,140.0,-10.714285714285714,609,0.20525451559934318
2026-08-17,H009,S020,Diarrhoea,95,111.0,-14.414414414414415,609,0.15599343185550082
2026-08-17,H009,S021,Abdominal Pain,71,77.0,-7.792207792207792,609,0.11658456486042693
2026-08-17,H009,S022,Loss of Appetite,21,21.0,0.0,609,0.034482758620689655
2026-08-17,H009,S023,Weight Loss,1,3.0,-66.66666666666666,609,0.0016420361247947454
2026-08-17,H009,S024,Night Sweats,8,1.0,700.0,609,0.013136288998357963
2026-08-17,H009,S025,Bleeding,2,2.0,0.0,609,0.003284072249589491
2026-08-17,H009,S026,Anaemia,3,2.0,50.0,609,0.0049261083743842365
2026-08-17,H009,S027,Dehydration,3,8.0,-62.5,609,0.0049261083743842365
2026-08-17,H010,S001,Fever,854,804.0,6.218905472636816,1021,0.8364348677766895
2026-08-17,H010,S002,Headache,455,393.0,15.776081424936386,1021,0.44564152791381
2026-08-17,H010,S003,Fatigue,185,172.0,7.55813953488372,1021,0.1811949069539667
2026-08-17,H010,S004,Chills,94,114.0,-17.543859649122805,1021,0.0920666013712047
2026-08-17,H010,S005,Sweating,94,114.0,-17.543859649122805,1021,0.0920666013712047
2026-08-17,H010,S006,Dry Cough,412,389.0,5.912596401028278,1021,0.40352595494613125
2026-08-17,H010,S007,Persistent Cough,31,18.0,72.22222222222221,1021,0.030362389813907934
2026-08-17,H010,S008,Sore Throat,260,246.0,5.691056910569105,1021,0.2546523016650343
2026-08-17,H010,S009,Runny Nose,169,175.0,-3.428571428571429,1021,0.16552399608227228
2026-08-17,H010,S010,Breathlessness,9,5.0,80.0,1021,0.00881488736532811
2026-08-17,H010,S011,Chest Pain,3,3.0,0.0,1021,0.002938295788442703
2026-08-17,H010,S012,Loss of Taste,22,26.0,-15.384615384615385,1021,0.021547502448579822
2026-08-17,H010,S013,Loss of Smell,28,23.0,21.73913043478261,1021,0.02742409402546523
2026-08-17,H010,S014,Muscle Pain,445,402.0,10.696517412935323,1021,0.435847208619001
2026-08-17,H010,S015,Joint Pain,198,164.0,20.73170731707317,1021,0.1939275220372184
2026-08-17,H010,S016,Retro-orbital Pain,160,130.0,23.076923076923077,1021,0.15670910871694418
2026-08-17,H010,S017,Rash,66,53.0,24.528301886792452,1021,0.06464250734573947
2026-08-17,H010,S018,Nausea,152,143.0,6.293706293706294,1021,0.14887365328109697
2026-08-17,H010,S019,Vomiting,200,205.0,-2.4390243902439024,1021,0.1958863858961802
2026-08-17,H010,S020,Diarrhoea,162,167.0,-2.9940119760479043,1021,0.15866797257590598
2026-08-17,H010,S021,Abdominal Pain,117,110.0,6.363636363636363,1021,0.11459353574926542
2026-08-17,H010,S022,Loss of Appetite,38,30.0,26.666666666666668,1021,0.03721841332027424
2026-08-17,H010,S023,Weight Loss,4,1.0,300.0,1021,0.0039177277179236044
2026-08-17,H010,S024,Night Sweats,8,7.0,14.285714285714285,1021,0.007835455435847209
2026-08-17,H010,S025,Bleeding,3,2.0,50.0,1021,0.002938295788442703
2026-08-17,H010,S026,Anaemia,2,3.0,-33.33333333333333,1021,0.0019588638589618022
2026-08-17,H010,S027,Dehydration,7,8.0,-12.5,1021,0.0068560235063663075
2026-08-24,H001,S001,Fever,826,953.0,-13.326337880377753,954,0.8658280922431866
2026-08-24,H001,S002,Headache,431,478.0,-9.832635983263598,954,0.45178197064989517
2026-08-24,H001,S003,Fatigue,195,241.0,-19.08713692946058,954,0.20440251572327045
2026-08-24,H001,S004,Chills,108,110.0,-1.8181818181818181,954,0.11320754716981132
2026-08-24,H001,S005,Sweating,108,110.0,-1.8181818181818181,954,0.11320754716981132
2026-08-24,H001,S006,Dry Cough,446,542.0,-17.712177121771216,954,0.46750524109014674
2026-08-24,H001,S007,Persistent Cough,27,23.0,17.391304347826086,954,0.02830188679245283
2026-08-24,H001,S008,Sore Throat,277,323.0,-14.241486068111456,954,0.29035639412997905
2026-08-24,H001,S009,Runny Nose,184,222.0,-17.117117117117118,954,0.1928721174004193
2026-08-24,H001,S010,Breathlessness,13,9.0,44.44444444444444,954,0.013626834381551363
2026-08-24,H001,S011,Chest Pain,3,1.0,200.0,954,0.0031446540880503146
2026-08-24,H001,S012,Loss of Taste,30,38.0,-21.052631578947366,954,0.031446540880503145
2026-08-24,H001,S013,Loss of Smell,35,42.0,-16.666666666666664,954,0.03668763102725367
2026-08-24,H001,S014,Muscle Pain,365,439.0,-16.856492027334852,954,0.38259958071278827
2026-08-24,H001,S015,Joint Pain,145,166.0,-12.650602409638553,954,0.1519916142557652
2026-08-24,H001,S016,Retro-orbital Pain,113,107.0,5.607476635514018,954,0.11844863731656184
2026-08-24,H001,S017,Rash,54,44.0,22.727272727272727,954,0.05660377358490566
2026-08-24,H001,S018,Nausea,115,140.0,-17.857142857142858,954,0.12054507337526206
2026-08-24,H001,S019,Vomiting,169,164.0,3.048780487804878,954,0.17714884696016772
2026-08-24,H001,S020,Diarrhoea,133,139.0,-4.316546762589928,954,0.13941299790356393
2026-08-24,H001,S021,Abdominal Pain,90,98.0,-8.16326530612245,954,0.09433962264150944
2026-08-24,H001,S022,Loss of Appetite,37,36.0,2.7777777777777777,954,0.03878406708595388
2026-08-24,H001,S023,Weight Loss,6,4.0,50.0,954,0.006289308176100629
2026-08-24,H001,S024,Night Sweats,12,9.0,33.33333333333333,954,0.012578616352201259
2026-08-24,H001,S025,Bleeding,4,3.0,33.33333333333333,954,0.0041928721174004195
2026-08-24,H001,S026,Anaemia,2,1.0,100.0,954,0.0020964360587002098
2026-08-24,H001,S027,Dehydration,5,4.0,25.0,954,0.005241090146750524
2026-08-24,H002,S001,Fever,635,748.0,-15.106951871657753,742,0.8557951482479784
2026-08-24,H002,S002,Headache,333,372.0,-10.483870967741936,742,0.44878706199460916
2026-08-24,H002,S003,Fatigue,148,177.0,-16.38418079096045,742,0.19946091644204852
2026-08-24,H002,S004,Chills,90,104.0,-13.461538461538462,742,0.12129380053908356
2026-08-24,H002,S005,Sweating,90,104.0,-13.461538461538462,742,0.12129380053908356
2026-08-24,H002,S006,Dry Cough,307,388.0,-20.876288659793815,742,0.4137466307277628
2026-08-24,H002,S007,Persistent Cough,19,33.0,-42.42424242424242,742,0.025606469002695417
2026-08-24,H002,S008,Sore Throat,190,252.0,-24.6031746031746,742,0.2560646900269542
2026-08-24,H002,S009,Runny Nose,130,165.0,-21.21212121212121,742,0.1752021563342318
2026-08-24,H002,S010,Breathlessness,5,5.0,0.0,742,0.006738544474393531
2026-08-24,H002,S011,Chest Pain,2,1.0,100.0,742,0.0026954177897574125
2026-08-24,H002,S012,Loss of Taste,14,25.0,-44.0,742,0.018867924528301886
2026-08-24,H002,S013,Loss of Smell,16,26.0,-38.46153846153847,742,0.0215633423180593
2026-08-24,H002,S014,Muscle Pain,295,332.0,-11.144578313253012,742,0.3975741239892183
2026-08-24,H002,S015,Joint Pain,134,139.0,-3.597122302158273,742,0.18059299191374664
2026-08-24,H002,S016,Retro-orbital Pain,102,92.0,10.869565217391305,742,0.13746630727762804
2026-08-24,H002,S017,Rash,48,42.0,14.285714285714285,742,0.0646900269541779
2026-08-24,H002,S018,Nausea,108,120.0,-10.0,742,0.14555256064690028
2026-08-24,H002,S019,Vomiting,149,154.0,-3.2467532467532463,742,0.20080862533692723
2026-08-24,H002,S020,Diarrhoea,112,126.0,-11.11111111111111,742,0.1509433962264151
2026-08-24,H002,S021,Abdominal Pain,71,94.0,-24.46808510638298,742,0.09568733153638814
2026-08-24,H002,S022,Loss of Appetite,28,34.0,-17.647058823529413,742,0.03773584905660377
2026-08-24,H002,S023,Weight Loss,4,3.0,33.33333333333333,742,0.005390835579514825
2026-08-24,H002,S024,Night Sweats,11,13.0,-15.384615384615385,742,0.014824797843665768
2026-08-24,H002,S025,Bleeding,2,4.0,-50.0,742,0.0026954177897574125
2026-08-24,H002,S026,Anaemia,2,2.0,0.0,742,0.0026954177897574125
2026-08-24,H002,S027,Dehydration,3,5.0,-40.0,742,0.004043126684636119
2026-08-24,H003,S001,Fever,803,966.0,-16.873706004140786,954,0.8417190775681341
2026-08-24,H003,S002,Headache,405,477.0,-15.09433962264151,954,0.42452830188679247
2026-08-24,H003,S003,Fatigue,191,196.0,-2.5510204081632653,954,0.20020964360587
2026-08-24,H003,S004,Chills,130,152.0,-14.473684210526317,954,0.13626834381551362
2026-08-24,H003,S005,Sweating,130,152.0,-14.473684210526317,954,0.13626834381551362
2026-08-24,H003,S006,Dry Cough,347,431.0,-19.489559164733176,954,0.3637316561844864
2026-08-24,H003,S007,Persistent Cough,38,33.0,15.151515151515152,954,0.039832285115303984
2026-08-24,H003,S008,Sore Throat,224,255.0,-12.156862745098039,954,0.2348008385744235
2026-08-24,H003,S009,Runny Nose,137,160.0,-14.374999999999998,954,0.14360587002096437
2026-08-24,H003,S010,Breathlessness,2,12.0,-83.33333333333334,954,0.0020964360587002098
2026-08-24,H003,S011,Chest Pain,2,4.0,-50.0,954,0.0020964360587002098
2026-08-24,H003,S012,Loss of Taste,24,35.0,-31.428571428571427,954,0.025157232704402517
2026-08-24,H003,S013,Loss of Smell,19,34.0,-44.11764705882353,954,0.019916142557651992
2026-08-24,H003,S014,Muscle Pain,380,460.0,-17.391304347826086,954,0.39832285115303984
2026-08-24,H003,S015,Joint Pain,184,206.0,-10.679611650485436,954,0.1928721174004193
2026-08-24,H003,S016,Retro-orbital Pain,141,153.0,-7.8431372549019605,954,0.14779874213836477
2026-08-24,H003,S017,Rash,50,56.0,-10.714285714285714,954,0.05241090146750524
2026-08-24,H003,S018,Nausea,132,139.0,-5.0359712230215825,954,0.13836477987421383
2026-08-24,H003,S019,Vomiting,172,182.0,-5.4945054945054945,954,0.18029350104821804
2026-08-24,H003,S020,Diarrhoea,144,150.0,-4.0,954,0.1509433962264151
2026-08-24,H003,S021,Abdominal Pain,98,96.0,2.083333333333333,954,0.10272536687631027
2026-08-24,H003,S022,Loss of Appetite,34,45.0,-24.444444444444443,954,0.03563941299790356
2026-08-24,H003,S023,Weight Loss,3,5.0,-40.0,954,0.0031446540880503146
2026-08-24,H003,S024,Night Sweats,10,14.0,-28.57142857142857,954,0.010482180293501049
2026-08-24,H003,S025,Bleeding,2,1.0,100.0,954,0.0020964360587002098
2026-08-24,H003,S026,Anaemia,1,2.0,-50.0,954,0.0010482180293501049
2026-08-24,H003,S027,Dehydration,2,6.0,-66.66666666666666,954,0.0020964360587002098
2026-08-24,H004,S001,Fever,736,846.0,-13.002364066193852,863,0.8528389339513326
2026-08-24,H004,S002,Headache,380,426.0,-10.7981220657277,863,0.440324449594438
2026-08-24,H004,S003,Fatigue,177,220.0,-19.545454545454547,863,0.20509849362688296
2026-08-24,H004,S004,Chills,95,115.0,-17.391304347826086,863,0.1100811123986095
2026-08-24,H004,S005,Sweating,95,115.0,-17.391304347826086,863,0.1100811123986095
2026-08-24,H004,S006,Dry Cough,373,415.0,-10.120481927710843,863,0.4322132097334878
2026-08-24,H004,S007,Persistent Cough,21,38.0,-44.73684210526316,863,0.02433371958285052
2026-08-24,H004,S008,Sore Throat,230,289.0,-20.415224913494807,863,0.2665121668597914
2026-08-24,H004,S009,Runny Nose,141,139.0,1.4388489208633095,863,0.1633835457705678
2026-08-24,H004,S010,Breathlessness,6,16.0,-62.5,863,0.006952491309385863
2026-08-24,H004,S011,Chest Pain,1,1.0,0.0,863,0.0011587485515643105
2026-08-24,H004,S012,Loss of Taste,30,36.0,-16.666666666666664,863,0.03476245654692932
2026-08-24,H004,S013,Loss of Smell,34,32.0,6.25,863,0.039397450753186555
2026-08-24,H004,S014,Muscle Pain,318,399.0,-20.30075187969925,863,0.3684820393974508
2026-08-24,H004,S015,Joint Pain,125,179.0,-30.16759776536313,863,0.14484356894553882
2026-08-24,H004,S016,Retro-orbital Pain,105,131.0,-19.84732824427481,863,0.12166859791425261
2026-08-24,H004,S017,Rash,53,56.0,-5.357142857142857,863,0.06141367323290846
2026-08-24,H004,S018,Nausea,137,144.0,-4.861111111111112,863,0.15874855156431056
2026-08-24,H004,S019,Vomiting,173,200.0,-13.5,863,0.20046349942062572
2026-08-24,H004,S020,Diarrhoea,139,150.0,-7.333333333333333,863,0.16106604866743918
2026-08-24,H004,S021,Abdominal Pain,114,87.0,31.03448275862069,863,0.1320973348783314
2026-08-24,H004,S022,Loss of Appetite,34,24.0,41.66666666666667,863,0.039397450753186555
2026-08-24,H004,S023,Weight Loss,4,3.0,33.33333333333333,863,0.004634994206257242
2026-08-24,H004,S024,Night Sweats,6,13.0,-53.84615384615385,863,0.006952491309385863
2026-08-24,H004,S026,Anaemia,2,3.0,-33.33333333333333,863,0.002317497103128621
2026-08-24,H004,S027,Dehydration,5,4.0,25.0,863,0.005793742757821553
2026-08-24,H005,S001,Fever,681,813.0,-16.236162361623617,820,0.8304878048780487
2026-08-24,H005,S002,Headache,338,409.0,-17.359413202933986,820,0.4121951219512195
2026-08-24,H005,S003,Fatigue,150,178.0,-15.730337078651685,820,0.18292682926829268
2026-08-24,H005,S004,Chills,114,123.0,-7.317073170731707,820,0.13902439024390245
2026-08-24,H005,S005,Sweating,114,123.0,-7.317073170731707,820,0.13902439024390245
2026-08-24,H005,S006,Dry Cough,312,375.0,-16.8,820,0.3804878048780488
2026-08-24,H005,S007,Persistent Cough,27,39.0,-30.76923076923077,820,0.032926829268292684
2026-08-24,H005,S008,Sore Throat,205,242.0,-15.289256198347106,820,0.25
2026-08-24,H005,S009,Runny Nose,119,148.0,-19.594594594594593,820,0.14512195121951219
2026-08-24,H005,S010,Breathlessness,7,8.0,-12.5,820,0.00853658536585366
2026-08-24,H005,S011,Chest Pain,1,4.0,-75.0,820,0.0012195121951219512
2026-08-24,H005,S012,Loss of Taste,18,33.0,-45.45454545454545,820,0.02195121951219512
2026-08-24,H005,S013,Loss of Smell,15,37.0,-59.45945945945946,820,0.018292682926829267
2026-08-24,H005,S014,Muscle Pain,294,371.0,-20.754716981132077,820,0.35853658536585364
2026-08-24,H005,S015,Joint Pain,123,149.0,-17.449664429530202,820,0.15
2026-08-24,H005,S016,Retro-orbital Pain,110,132.0,-16.666666666666664,820,0.13414634146341464
2026-08-24,H005,S017,Rash,53,55.0,-3.6363636363636362,820,0.06463414634146342
2026-08-24,H005,S018,Nausea,150,156.0,-3.8461538461538463,820,0.18292682926829268
2026-08-24,H005,S019,Vomiting,186,208.0,-10.576923076923077,820,0.22682926829268293
2026-08-24,H005,S020,Diarrhoea,144,165.0,-12.727272727272727,820,0.17560975609756097
2026-08-24,H005,S021,Abdominal Pain,107,114.0,-6.140350877192982,820,0.13048780487804879
2026-08-24,H005,S022,Loss of Appetite,35,37.0,-5.405405405405405,820,0.042682926829268296
2026-08-24,H005,S023,Weight Loss,5,8.0,-37.5,820,0.006097560975609756
2026-08-24,H005,S024,Night Sweats,6,18.0,-66.66666666666666,820,0.007317073170731708
2026-08-24,H005,S025,Bleeding,1,4.0,-75.0,820,0.0012195121951219512
2026-08-24,H005,S026,Anaemia,3,2.0,50.0,820,0.003658536585365854
2026-08-24,H005,S027,Dehydration,4,5.0,-20.0,820,0.004878048780487805
2026-08-24,H006,S001,Fever,545,636.0,-14.30817610062893,647,0.8423493044822257
2026-08-24,H006,S002,Headache,280,329.0,-14.893617021276595,647,0.4327666151468315
2026-08-24,H006,S003,Fatigue,137,162.0,-15.432098765432098,647,0.2117465224111283
2026-08-24,H006,S004,Chills,71,100.0,-28.999999999999996,647,0.10973724884080371
2026-08-24,H006,S005,Sweating,71,100.0,-28.999999999999996,647,0.10973724884080371
2026-08-24,H006,S006,Dry Cough,272,278.0,-2.158273381294964,647,0.42040185471406494
2026-08-24,H006,S007,Persistent Cough,28,26.0,7.6923076923076925,647,0.04327666151468315
2026-08-24,H006,S008,Sore Throat,160,180.0,-11.11111111111111,647,0.2472952086553323
2026-08-24,H006,S009,Runny Nose,113,94.0,20.212765957446805,647,0.17465224111282843
2026-08-24,H006,S010,Breathlessness,7,10.0,-30.0,647,0.010819165378670788
2026-08-24,H006,S011,Chest Pain,2,2.0,0.0,647,0.0030911901081916537
2026-08-24,H006,S012,Loss of Taste,24,27.0,-11.11111111111111,647,0.03709428129829984
2026-08-24,H006,S013,Loss of Smell,20,27.0,-25.925925925925924,647,0.030911901081916538
2026-08-24,H006,S014,Muscle Pain,251,288.0,-12.847222222222221,647,0.38794435857805254
2026-08-24,H006,S015,Joint Pain,97,132.0,-26.515151515151516,647,0.14992272024729522
2026-08-24,H006,S016,Retro-orbital Pain,81,110.0,-26.36363636363636,647,0.125193199381762
2026-08-24,H006,S017,Rash,29,48.0,-39.58333333333333,647,0.04482225656877898
2026-08-24,H006,S018,Nausea,77,111.0,-30.630630630630627,647,0.11901081916537867
2026-08-24,H006,S019,Vomiting,114,139.0,-17.985611510791365,647,0.17619783616692428
2026-08-24,H006,S020,Diarrhoea,100,104.0,-3.8461538461538463,647,0.1545595054095827
2026-08-24,H006,S021,Abdominal Pain,73,75.0,-2.666666666666667,647,0.11282843894899536
2026-08-24,H006,S022,Loss of Appetite,28,22.0,27.27272727272727,647,0.04327666151468315
2026-08-24,H006,S023,Weight Loss,3,5.0,-40.0,647,0.00463678516228748
2026-08-24,H006,S024,Night Sweats,8,13.0,-38.46153846153847,647,0.012364760432766615
2026-08-24,H006,S026,Anaemia,1,2.0,-50.0,647,0.0015455950540958269
2026-08-24,H006,S027,Dehydration,3,2.0,50.0,647,0.00463678516228748
2026-08-24,H007,S001,Fever,477,572.0,-16.60839160839161,538,0.8866171003717472
2026-08-24,H007,S002,Headache,238,293.0,-18.771331058020476,538,0.4423791821561338
2026-08-24,H007,S003,Fatigue,130,147.0,-11.564625850340136,538,0.241635687732342
2026-08-24,H007,S004,Chills,59,71.0,-16.901408450704224,538,0.10966542750929369
2026-08-24,H007,S005,Sweating,59,71.0,-16.901408450704224,538,0.10966542750929369
2026-08-24,H007,S006,Dry Cough,263,312.0,-15.705128205128204,538,0.4888475836431227
2026-08-24,H007,S007,Persistent Cough,10,23.0,-56.52173913043478,538,0.01858736059479554
2026-08-24,H007,S008,Sore Throat,165,198.0,-16.666666666666664,538,0.3066914498141264
2026-08-24,H007,S009,Runny Nose,94,134.0,-29.850746268656714,538,0.17472118959107807
2026-08-24,H007,S010,Breathlessness,7,10.0,-30.0,538,0.013011152416356878
2026-08-24,H007,S011,Chest Pain,1,1.0,0.0,538,0.0018587360594795538
2026-08-24,H007,S012,Loss of Taste,16,25.0,-36.0,538,0.02973977695167286
2026-08-24,H007,S013,Loss of Smell,22,27.0,-18.51851851851852,538,0.040892193308550186
2026-08-24,H007,S014,Muscle Pain,227,268.0,-15.298507462686567,538,0.42193308550185876
2026-08-24,H007,S015,Joint Pain,86,93.0,-7.526881720430108,538,0.15985130111524162
2026-08-24,H007,S016,Retro-orbital Pain,68,85.0,-20.0,538,0.12639405204460966
2026-08-24,H007,S017,Rash,25,35.0,-28.57142857142857,538,0.046468401486988845
2026-08-24,H007,S018,Nausea,70,75.0,-6.666666666666667,538,0.13011152416356878
2026-08-24,H007,S019,Vomiting,88,98.0,-10.204081632653061,538,0.16356877323420074
2026-08-24,H007,S020,Diarrhoea,69,79.0,-12.658227848101266,538,0.12825278810408922
2026-08-24,H007,S021,Abdominal Pain,46,64.0,-28.125,538,0.08550185873605948
2026-08-24,H007,S022,Loss of Appetite,22,28.0,-21.428571428571427,538,0.040892193308550186
2026-08-24,H007,S023,Weight Loss,2,1.0,100.0,538,0.0037174721189591076
2026-08-24,H007,S024,Night Sweats,5,9.0,-44.44444444444444,538,0.00929368029739777
2026-08-24,H007,S025,Bleeding,2,1.0,100.0,538,0.0037174721189591076
2026-08-24,H007,S027,Dehydration,1,1.0,0.0,538,0.0018587360594795538
2026-08-24,H008,S001,Fever,580,662.0,-12.386706948640484,657,0.882800608828006
2026-08-24,H008,S002,Headache,263,354.0,-25.70621468926554,657,0.4003044140030441
2026-08-24,H008,S003,Fatigue,127,161.0,-21.11801242236025,657,0.1933028919330289
2026-08-24,H008,S004,Chills,89,88.0,1.1363636363636365,657,0.1354642313546423
2026-08-24,H008,S005,Sweating,89,88.0,1.1363636363636365,657,0.1354642313546423
2026-08-24,H008,S006,Dry Cough,278,316.0,-12.025316455696203,657,0.4231354642313546
2026-08-24,H008,S007,Persistent Cough,19,30.0,-36.666666666666664,657,0.0289193302891933
2026-08-24,H008,S008,Sore Throat,162,205.0,-20.975609756097562,657,0.2465753424657534
2026-08-24,H008,S009,Runny Nose,96,129.0,-25.581395348837212,657,0.1461187214611872
2026-08-24,H008,S010,Breathlessness,4,8.0,-50.0,657,0.0060882800608828
2026-08-24,H008,S011,Chest Pain,3,1.0,200.0,657,0.0045662100456621
2026-08-24,H008,S012,Loss of Taste,26,26.0,0.0,657,0.0395738203957382
2026-08-24,H008,S013,Loss of Smell,20,25.0,-20.0,657,0.030441400304414
2026-08-24,H008,S014,Muscle Pain,259,320.0,-19.0625,657,0.3942161339421613
2026-08-24,H008,S015,Joint Pain,128,144.0,-11.11111111111111,657,0.1948249619482496
2026-08-24,H008,S016,Retro-orbital Pain,98,116.0,-15.517241379310345,657,0.1491628614916286
2026-08-24,H008,S017,Rash,42,49.0,-14.285714285714285,657,0.0639269406392694
2026-08-24,H008,S018,Nausea,94,106.0,-11.320754716981133,657,0.1430745814307458
2026-08-24,H008,S019,Vomiting,110,140.0,-21.428571428571427,657,0.167427701674277
2026-08-24,H008,S020,Diarrhoea,78,100.0,-22.0,657,0.1187214611872146
2026-08-24,H008,S021,Abdominal Pain,40,73.0,-45.20547945205479,657,0.060882800608828
2026-08-24,H008,S022,Loss of Appetite,21,32.0,-34.375,657,0.0319634703196347
2026-08-24,H008,S023,Weight Loss,4,4.0,0.0,657,0.0060882800608828
2026-08-24,H008,S024,Night Sweats,8,10.0,-20.0,657,0.0121765601217656
2026-08-24,H008,S025,Bleeding,2,2.0,0.0,657,0.0030441400304414
2026-08-24,H008,S027,Dehydration,1,8.0,-87.5,657,0.0015220700152207
2026-08-24,H009,S001,Fever,447,518.0,-13.706563706563706,529,0.8449905482041588
2026-08-24,H009,S002,Headache,239,259.0,-7.722007722007722,529,0.45179584120982985
2026-08-24,H009,S003,Fatigue,110,152.0,-27.631578947368425,529,0.20793950850661624
2026-08-24,H009,S004,Chills,73,85.0,-14.117647058823529,529,0.13799621928166353
2026-08-24,H009,S005,Sweating,73,85.0,-14.117647058823529,529,0.13799621928166353
2026-08-24,H009,S006,Dry Cough,210,241.0,-12.863070539419086,529,0.39697542533081287
2026-08-24,H009,S007,Persistent Cough,18,16.0,12.5,529,0.034026465028355386
2026-08-24,H009,S008,Sore Throat,134,156.0,-14.102564102564102,529,0.2533081285444234
2026-08-24,H009,S009,Runny Nose,79,87.0,-9.195402298850574,529,0.14933837429111532
2026-08-24,H009,S010,Breathlessness,5,5.0,0.0,529,0.00945179584120983
2026-08-24,H009,S011,Chest Pain,1,2.0,-50.0,529,0.001890359168241966
2026-08-24,H009,S012,Loss of Taste,19,26.0,-26.923076923076923,529,0.035916824196597356
2026-08-24,H009,S013,Loss of Smell,18,22.0,-18.181818181818183,529,0.034026465028355386
2026-08-24,H009,S014,Muscle Pain,194,225.0,-13.777777777777779,529,0.3667296786389414
2026-08-24,H009,S015,Joint Pain,84,108.0,-22.22222222222222,529,0.15879017013232513
2026-08-24,H009,S016,Retro-orbital Pain,65,83.0,-21.686746987951807,529,0.12287334593572778
2026-08-24,H009,S017,Rash,24,29.0,-17.24137931034483,529,0.045368620037807186
2026-08-24,H009,S018,Nausea,73,85.0,-14.117647058823529,529,0.13799621928166353
2026-08-24,H009,S019,Vomiting,104,125.0,-16.8,529,0.19659735349716445
2026-08-24,H009,S020,Diarrhoea,89,95.0,-6.315789473684211,529,0.16824196597353497
2026-08-24,H009,S021,Abdominal Pain,66,71.0,-7.042253521126761,529,0.12476370510396975
2026-08-24,H009,S022,Loss of Appetite,15,21.0,-28.57142857142857,529,0.02835538752362949
2026-08-24,H009,S023,Weight Loss,1,1.0,0.0,529,0.001890359168241966
2026-08-24,H009,S024,Night Sweats,2,8.0,-75.0,529,0.003780718336483932
2026-08-24,H009,S027,Dehydration,7,3.0,133.33333333333331,529,0.013232514177693762
2026-08-24,H010,S001,Fever,706,854.0,-17.330210772833723,837,0.8434886499402628
2026-08-24,H010,S002,Headache,385,455.0,-15.384615384615385,837,0.45997610513739545
2026-08-24,H010,S003,Fatigue,157,185.0,-15.135135135135137,837,0.1875746714456392
2026-08-24,H010,S004,Chills,116,94.0,23.404255319148938,837,0.13859020310633213
2026-08-24,H010,S005,Sweating,116,94.0,23.404255319148938,837,0.13859020310633213
2026-08-24,H010,S006,Dry Cough,323,412.0,-21.601941747572813,837,0.3859020310633214
2026-08-24,H010,S007,Persistent Cough,25,31.0,-19.35483870967742,837,0.02986857825567503
2026-08-24,H010,S008,Sore Throat,210,260.0,-19.230769230769234,837,0.25089605734767023
2026-08-24,H010,S009,Runny Nose,117,169.0,-30.76923076923077,837,0.13978494623655913
2026-08-24,H010,S010,Breathlessness,9,9.0,0.0,837,0.010752688172043012
2026-08-24,H010,S011,Chest Pain,1,3.0,-66.66666666666666,837,0.0011947431302270011
2026-08-24,H010,S012,Loss of Taste,23,22.0,4.545454545454546,837,0.027479091995221028
2026-08-24,H010,S013,Loss of Smell,21,28.0,-25.0,837,0.025089605734767026
2026-08-24,H010,S014,Muscle Pain,326,445.0,-26.741573033707866,837,0.38948626045400236
2026-08-24,H010,S015,Joint Pain,136,198.0,-31.313131313131315,837,0.16248506571087215
2026-08-24,H010,S016,Retro-orbital Pain,102,160.0,-36.25,837,0.12186379928315412
2026-08-24,H010,S017,Rash,48,66.0,-27.27272727272727,837,0.05734767025089606
2026-08-24,H010,S018,Nausea,124,152.0,-18.421052631578945,837,0.14814814814814814
2026-08-24,H010,S019,Vomiting,166,200.0,-17.0,837,0.1983273596176822
2026-08-24,H010,S020,Diarrhoea,127,162.0,-21.604938271604937,837,0.15173237753882915
2026-08-24,H010,S021,Abdominal Pain,95,117.0,-18.803418803418804,837,0.1135005973715651
2026-08-24,H010,S022,Loss of Appetite,38,38.0,0.0,837,0.04540023894862605
2026-08-24,H010,S023,Weight Loss,2,4.0,-50.0,837,0.0023894862604540022
2026-08-24,H010,S024,Night Sweats,9,8.0,12.5,837,0.010752688172043012
2026-08-24,H010,S025,Bleeding,1,3.0,-66.66666666666666,837,0.0011947431302270011
2026-08-24,H010,S026,Anaemia,1,2.0,-50.0,837,0.0011947431302270011
2026-08-24,H010,S027,Dehydration,6,7.0,-14.285714285714285,837,0.007168458781362007
