week,hospital_id,symptom_id,symptom_name,current_cases,historical_weeks,historical_mean,historical_std,deviation_from_baseline,deviation_percent,z_score,baseline_alert
2026-06-01,H001,S001,Fever,922.0,0,,,,,,INSUFFICIENT_HISTORY
2026-06-01,H001,S002,Headache,489.0,0,,,,,,INSUFFICIENT_HISTORY
2026-06-01,H001,S003,Fatigue,214.0,0,,,,,,INSUFFICIENT_HISTORY
2026-06-01,H001,S004,Chills,147.0,0,,,,,,INSUFFICIENT_HISTORY
2026-06-01,H001,S005,Sweating,147.0,0,,,,,,INSUFFICIENT_HISTORY
2026-06-01,H001,S006,Dry Cough,469.0,0,,,,,,INSUFFICIENT_HISTORY
2026-06-01,H001,S007,Persistent Cough,27.0,0,,,,,,INSUFFICIENT_HISTORY
2026-06-01,H001,S008,Sore Throat,289.0,0,,,,,,INSUFFICIENT_HISTORY
2026-06-01,H001,S009,Runny Nose,179.0,0,,,,,,INSUFFICIENT_HISTORY
2026-06-01,H001,S010,Breathlessness,18.0,0,,,,,,INSUFFICIENT_HISTORY
2026-06-01,H001,S011,Chest Pain,3.0,0,,,,,,INSUFFICIENT_HISTORY
2026-06-01,H001,S012,Loss of Taste,34.0,0,,,,,,INSUFFICIENT_HISTORY
2026-06-01,H001,S013,Loss of Smell,38.0,0,,,,,,INSUFFICIENT_HISTORY
2026-06-01,H001,S014,Muscle Pain,422.0,0,,,,,,INSUFFICIENT_HISTORY
2026-06-01,H001,S015,Joint Pain,175.0,0,,,,,,INSUFFICIENT_HISTORY
2026-06-01,H001,S016,Retro-orbital Pain,118.0,0,,,,,,INSUFFICIENT_HISTORY
2026-06-01,H001,S017,Rash,56.0,0,,,,,,INSUFFICIENT_HISTORY
2026-06-01,H001,S018,Nausea,136.0,0,,,,,,INSUFFICIENT_HISTORY
2026-06-01,H001,S019,Vomiting,183.0,0,,,,,,INSUFFICIENT_HISTORY
2026-06-01,H001,S020,Diarrhoea,143.0,0,,,,,,INSUFFICIENT_HISTORY
2026-06-01,H001,S021,Abdominal Pain,97.0,0,,,,,,INSUFFICIENT_HISTORY
2026-06-01,H001,S022,Loss of Appetite,41.0,0,,,,,,INSUFFICIENT_HISTORY
2026-06-01,H001,S023,Weight Loss,5.0,0,,,,,,INSUFFICIENT_HISTORY
2026-06-01,H001,S024,Night Sweats,8.0,0,,,,,,INSUFFICIENT_HISTORY
2026-06-01,H001,S025,Bleeding,4.0,0,,,,,,INSUFFICIENT_HISTORY
2026-06-01,H001,S026,Anaemia,2.0,0,,,,,,INSUFFICIENT_HISTORY
2026-06-01,H001,S027,Dehydration,2.0,0,,,,,,INSUFFICIENT_HISTORY
2026-06-01,H002,S001,Fever,745.0,0,,,,,,INSUFFICIENT_HISTORY
2026-06-01,H002,S002,Headache,355.0,0,,,,,,INSUFFICIENT_HISTORY
2026-06-01,H002,S003,Fatigue,189.0,0,,,,,,INSUFFICIENT_HISTORY
2026-06-01,H002,S004,Chills,94.0,0,,,,,,INSUFFICIENT_HISTORY
2026-06-01,H002,S005,Sweating,94.0,0,,,,,,INSUFFICIENT_HISTORY
2026-06-01,H002,S006,Dry Cough,414.0,0,,,,,,INSUFFICIENT_HISTORY
2026-06-01,H002,S007,Persistent Cough,32.0,0,,,,,,INSUFFICIENT_HISTORY
2026-06-01,H002,S008,Sore Throat,284.0,0,,,,,,INSUFFICIENT_HISTORY
2026-06-01,H002,S009,Runny Nose,158.0,0,,,,,,INSUFFICIENT_HISTORY
2026-06-01,H002,S010,Breathlessness,14.0,0,,,,,,INSUFFICIENT_HISTORY
2026-06-01,H002,S011,Chest Pain,2.0,0,,,,,,INSUFFICIENT_HISTORY
2026-06-01,H002,S012,Loss of Taste,38.0,0,,,,,,INSUFFICIENT_HISTORY
2026-06-01,H002,S013,Loss of Smell,44.0,0,,,,,,INSUFFICIENT_HISTORY
2026-06-01,H002,S014,Muscle Pain,333.0,0,,,,,,INSUFFICIENT_HISTORY
2026-06-01,H002,S015,Joint Pain,120.0,0,,,,,,INSUFFICIENT_HISTORY
2026-06-01,H002,S016,Retro-orbital Pain,93.0,0,,,,,,INSUFFICIENT_HISTORY
2026-06-01,H002,S017,Rash,40.0,0,,,,,,INSUFFICIENT_HISTORY
2026-06-01,H002,S018,Nausea,89.0,0,,,,,,INSUFFICIENT_HISTORY
2026-06-01,H002,S019,Vomiting,139.0,0,,,,,,INSUFFICIENT_HISTORY
2026-06-01,H002,S020,Diarrhoea,123.0,0,,,,,,INSUFFICIENT_HISTORY
2026-06-01,H002,S021,Abdominal Pain,83.0,0,,,,,,INSUFFICIENT_HISTORY
2026-06-01,H002,S022,Loss of Appetite,29.0,0,,,,,,INSUFFICIENT_HISTORY
2026-06-01,H002,S023,Weight Loss,3.0,0,,,,,,INSUFFICIENT_HISTORY
2026-06-01,H002,S024,Night Sweats,9.0,0,,,,,,INSUFFICIENT_HISTORY
2026-06-01,H002,S025,Bleeding,2.0,0,,,,,,INSUFFICIENT_HISTORY
2026-06-01,H002,S026,Anaemia,1.0,0,,,,,,INSUFFICIENT_HISTORY
2026-06-01,H002,S027,Dehydration,2.0,0,,,,,,INSUFFICIENT_HISTORY
2026-06-01,H003,S001,Fever,920.0,0,,,,,,INSUFFICIENT_HISTORY
2026-06-01,H003,S002,Headache,487.0,0,,,,,,INSUFFICIENT_HISTORY
2026-06-01,H003,S003,Fatigue,209.0,0,,,,,,INSUFFICIENT_HISTORY
2026-06-01,H003,S004,Chills,146.0,0,,,,,,INSUFFICIENT_HISTORY
2026-06-01,H003,S005,Sweating,146.0,0,,,,,,INSUFFICIENT_HISTORY
2026-06-01,H003,S006,Dry Cough,394.0,0,,,,,,INSUFFICIENT_HISTORY
2026-06-01,H003,S007,Persistent Cough,32.0,0,,,,,,INSUFFICIENT_HISTORY
2026-06-01,H003,S008,Sore Throat,251.0,0,,,,,,INSUFFICIENT_HISTORY
2026-06-01,H003,S009,Runny Nose,137.0,0,,,,,,INSUFFICIENT_HISTORY
2026-06-01,H003,S010,Breathlessness,6.0,0,,,,,,INSUFFICIENT_HISTORY
2026-06-01,H003,S011,Chest Pain,0.0,0,,,,,,INSUFFICIENT_HISTORY
2026-06-01,H003,S012,Loss of Taste,19.0,0,,,,,,INSUFFICIENT_HISTORY
2026-06-01,H003,S013,Loss of Smell,21.0,0,,,,,,INSUFFICIENT_HISTORY
2026-06-01,H003,S014,Muscle Pain,456.0,0,,,,,,INSUFFICIENT_HISTORY
2026-06-01,H003,S015,Joint Pain,215.0,0,,,,,,INSUFFICIENT_HISTORY
2026-06-01,H003,S016,Retro-orbital Pain,159.0,0,,,,,,INSUFFICIENT_HISTORY
2026-06-01,H003,S017,Rash,77.0,0,,,,,,INSUFFICIENT_HISTORY
2026-06-01,H003,S018,Nausea,164.0,0,,,,,,INSUFFICIENT_HISTORY
2026-06-01,H003,S019,Vomiting,204.0,0,,,,,,INSUFFICIENT_HISTORY
2026-06-01,H003,S020,Diarrhoea,143.0,0,,,,,,INSUFFICIENT_HISTORY
2026-06-01,H003,S021,Abdominal Pain,96.0,0,,,,,,INSUFFICIENT_HISTORY
2026-06-01,H003,S022,Loss of Appetite,44.0,0,,,,,,INSUFFICIENT_HISTORY
2026-06-01,H003,S023,Weight Loss,1.0,0,,,,,,INSUFFICIENT_HISTORY
2026-06-01,H003,S024,Night Sweats,6.0,0,,,,,,INSUFFICIENT_HISTORY
2026-06-01,H003,S025,Bleeding,2.0,0,,,,,,INSUFFICIENT_HISTORY
2026-06-01,H003,S026,Anaemia,2.0,0,,,,,,INSUFFICIENT_HISTORY
2026-06-01,H003,S027,Dehydration,5.0,0,,,,,,INSUFFICIENT_HISTORY
2026-06-01,H004,S001,Fever,884.0,0,,,,,,INSUFFICIENT_HISTORY
2026-06-01,H004,S002,Headache,455.0,0,,,,,,INSUFFICIENT_HISTORY
2026-06-01,H004,S003,Fatigue,226.0,0,,,,,,INSUFFICIENT_HISTORY
2026-06-01,H004,S004,Chills,134.0,0,,,,,,INSUFFICIENT_HISTORY
2026-06-01,H004,S005,Sweating,134.0,0,,,,,,INSUFFICIENT_HISTORY
2026-06-01,H004,S006,Dry Cough,412.0,0,,,,,,INSUFFICIENT_HISTORY
2026-06-01,H004,S007,Persistent Cough,36.0,0,,,,,,INSUFFICIENT_HISTORY
2026-06-01,H004,S008,Sore Throat,261.0,0,,,,,,INSUFFICIENT_HISTORY
2026-06-01,H004,S009,Runny Nose,159.0,0,,,,,,INSUFFICIENT_HISTORY
2026-06-01,H004,S010,Breathlessness,10.0,0,,,,,,INSUFFICIENT_HISTORY
2026-06-01,H004,S011,Chest Pain,4.0,0,,,,,,INSUFFICIENT_HISTORY
2026-06-01,H004,S012,Loss of Taste,34.0,0,,,,,,INSUFFICIENT_HISTORY
2026-06-01,H004,S013,Loss of Smell,34.0,0,,,,,,INSUFFICIENT_HISTORY
2026-06-01,H004,S014,Muscle Pain,413.0,0,,,,,,INSUFFICIENT_HISTORY
2026-06-01,H004,S015,Joint Pain,167.0,0,,,,,,INSUFFICIENT_HISTORY
2026-06-01,H004,S016,Retro-orbital Pain,161.0,0,,,,,,INSUFFICIENT_HISTORY
2026-06-01,H004,S017,Rash,51.0,0,,,,,,INSUFFICIENT_HISTORY
2026-06-01,H004,S018,Nausea,138.0,0,,,,,,INSUFFICIENT_HISTORY
2026-06-01,H004,S019,Vomiting,194.0,0,,,,,,INSUFFICIENT_HISTORY
2026-06-01,H004,S020,Diarrhoea,150.0,0,,,,,,INSUFFICIENT_HISTORY
2026-06-01,H004,S021,Abdominal Pain,106.0,0,,,,,,INSUFFICIENT_HISTORY
2026-06-01,H004,S022,Loss of Appetite,36.0,0,,,,,,INSUFFICIENT_HISTORY
2026-06-01,H004,S023,Weight Loss,6.0,0,,,,,,INSUFFICIENT_HISTORY
2026-06-01,H004,S024,Night Sweats,12.0,0,,,,,,INSUFFICIENT_HISTORY
2026-06-01,H004,S025,Bleeding,2.0,0,,,,,,INSUFFICIENT_HISTORY
2026-06-01,H004,S026,Anaemia,2.0,0,,,,,,INSUFFICIENT_HISTORY
2026-06-01,H004,S027,Dehydration,5.0,0,,,,,,INSUFFICIENT_HISTORY
2026-06-01,H005,S001,Fever,786.0,0,,,,,,INSUFFICIENT_HISTORY
2026-06-01,H005,S002,Headache,462.0,0,,,,,,INSUFFICIENT_HISTORY
2026-06-01,H005,S003,Fatigue,166.0,0,,,,,,INSUFFICIENT_HISTORY
2026-06-01,H005,S004,Chills,114.0,0,,,,,,INSUFFICIENT_HISTORY
2026-06-01,H005,S005,Sweating,114.0,0,,,,,,INSUFFICIENT_HISTORY
2026-06-01,H005,S006,Dry Cough,355.0,0,,,,,,INSUFFICIENT_HISTORY
2026-06-01,H005,S007,Persistent Cough,21.0,0,,,,,,INSUFFICIENT_HISTORY
2026-06-01,H005,S008,Sore Throat,230.0,0,,,,,,INSUFFICIENT_HISTORY
2026-06-01,H005,S009,Runny Nose,160.0,0,,,,,,INSUFFICIENT_HISTORY
2026-06-01,H005,S010,Breathlessness,6.0,0,,,,,,INSUFFICIENT_HISTORY
2026-06-01,H005,S011,Chest Pain,1.0,0,,,,,,INSUFFICIENT_HISTORY
2026-06-01,H005,S012,Loss of Taste,14.0,0,,,,,,INSUFFICIENT_HISTORY
2026-06-01,H005,S013,Loss of Smell,15.0,0,,,,,,INSUFFICIENT_HISTORY
2026-06-01,H005,S014,Muscle Pain,412.0,0,,,,,,INSUFFICIENT_HISTORY
2026-06-01,H005,S015,Joint Pain,161.0,0,,,,,,INSUFFICIENT_HISTORY
2026-06-01,H005,S016,Retro-orbital Pain,147.0,0,,,,,,INSUFFICIENT_HISTORY
2026-06-01,H005,S017,Rash,63.0,0,,,,,,INSUFFICIENT_HISTORY
2026-06-01,H005,S018,Nausea,167.0,0,,,,,,INSUFFICIENT_HISTORY
2026-06-01,H005,S019,Vomiting,197.0,0,,,,,,INSUFFICIENT_HISTORY
2026-06-01,H005,S020,Diarrhoea,160.0,0,,,,,,INSUFFICIENT_HISTORY
2026-06-01,H005,S021,Abdominal Pain,108.0,0,,,,,,INSUFFICIENT_HISTORY
2026-06-01,H005,S022,Loss of Appetite,34.0,0,,,,,,INSUFFICIENT_HISTORY
2026-06-01,H005,S023,Weight Loss,5.0,0,,,,,,INSUFFICIENT_HISTORY
2026-06-01,H005,S024,Night Sweats,11.0,0,,,,,,INSUFFICIENT_HISTORY
2026-06-01,H005,S025,Bleeding,6.0,0,,,,,,INSUFFICIENT_HISTORY
2026-06-01,H005,S026,Anaemia,3.0,0,,,,,,INSUFFICIENT_HISTORY
2026-06-01,H005,S027,Dehydration,4.0,0,,,,,,INSUFFICIENT_HISTORY
2026-06-01,H006,S001,Fever,637.0,0,,,,,,INSUFFICIENT_HISTORY
2026-06-01,H006,S002,Headache,334.0,0,,,,,,INSUFFICIENT_HISTORY
2026-06-01,H006,S003,Fatigue,163.0,0,,,,,,INSUFFICIENT_HISTORY
2026-06-01,H006,S004,Chills,117.0,0,,,,,,INSUFFICIENT_HISTORY
2026-06-01,H006,S005,Sweating,117.0,0,,,,,,INSUFFICIENT_HISTORY
2026-06-01,H006,S006,Dry Cough,264.0,0,,,,,,INSUFFICIENT_HISTORY
2026-06-01,H006,S007,Persistent Cough,43.0,0,,,,,,INSUFFICIENT_HISTORY
2026-06-01,H006,S008,Sore Throat,179.0,0,,,,,,INSUFFICIENT_HISTORY
2026-06-01,H006,S009,Runny Nose,96.0,0,,,,,,INSUFFICIENT_HISTORY
2026-06-01,H006,S010,Breathlessness,8.0,0,,,,,,INSUFFICIENT_HISTORY
2026-06-01,H006,S011,Chest Pain,4.0,0,,,,,,INSUFFICIENT_HISTORY
2026-06-01,H006,S012,Loss of Taste,21.0,0,,,,,,INSUFFICIENT_HISTORY
2026-06-01,H006,S013,Loss of Smell,23.0,0,,,,,,INSUFFICIENT_HISTORY
2026-06-01,H006,S014,Muscle Pain,280.0,0,,,,,,INSUFFICIENT_HISTORY
2026-06-01,H006,S015,Joint Pain,139.0,0,,,,,,INSUFFICIENT_HISTORY
2026-06-01,H006,S016,Retro-orbital Pain,103.0,0,,,,,,INSUFFICIENT_HISTORY
2026-06-01,H006,S017,Rash,44.0,0,,,,,,INSUFFICIENT_HISTORY
2026-06-01,H006,S018,Nausea,100.0,0,,,,,,INSUFFICIENT_HISTORY
2026-06-01,H006,S019,Vomiting,138.0,0,,,,,,INSUFFICIENT_HISTORY
2026-06-01,H006,S020,Diarrhoea,105.0,0,,,,,,INSUFFICIENT_HISTORY
2026-06-01,H006,S021,Abdominal Pain,79.0,0,,,,,,INSUFFICIENT_HISTORY
2026-06-01,H006,S022,Loss of Appetite,26.0,0,,,,,,INSUFFICIENT_HISTORY
2026-06-01,H006,S023,Weight Loss,7.0,0,,,,,,INSUFFICIENT_HISTORY
2026-06-01,H006,S024,Night Sweats,11.0,0,,,,,,INSUFFICIENT_HISTORY
2026-06-01,H006,S025,Bleeding,1.0,0,,,,,,INSUFFICIENT_HISTORY
2026-06-01,H006,S026,Anaemia,3.0,0,,,,,,INSUFFICIENT_HISTORY
2026-06-01,H006,S027,Dehydration,1.0,0,,,,,,INSUFFICIENT_HISTORY
2026-06-01,H007,S001,Fever,576.0,0,,,,,,INSUFFICIENT_HISTORY
2026-06-01,H007,S002,Headache,292.0,0,,,,,,INSUFFICIENT_HISTORY
2026-06-01,H007,S003,Fatigue,154.0,0,,,,,,INSUFFICIENT_HISTORY
2026-06-01,H007,S004,Chills,87.0,0,,,,,,INSUFFICIENT_HISTORY
2026-06-01,H007,S005,Sweating,87.0,0,,,,,,INSUFFICIENT_HISTORY
2026-06-01,H007,S006,Dry Cough,294.0,0,,,,,,INSUFFICIENT_HISTORY
2026-06-01,H007,S007,Persistent Cough,19.0,0,,,,,,INSUFFICIENT_HISTORY
2026-06-01,H007,S008,Sore Throat,187.0,0,,,,,,INSUFFICIENT_HISTORY
2026-06-01,H007,S009,Runny Nose,107.0,0,,,,,,INSUFFICIENT_HISTORY
2026-06-01,H007,S010,Breathlessness,9.0,0,,,,,,INSUFFICIENT_HISTORY
2026-06-01,H007,S011,Chest Pain,2.0,0,,,,,,INSUFFICIENT_HISTORY
2026-06-01,H007,S012,Loss of Taste,23.0,0,,,,,,INSUFFICIENT_HISTORY
2026-06-01,H007,S013,Loss of Smell,27.0,0,,,,,,INSUFFICIENT_HISTORY
2026-06-01,H007,S014,Muscle Pain,244.0,0,,,,,,INSUFFICIENT_HISTORY
2026-06-01,H007,S015,Joint Pain,99.0,0,,,,,,INSUFFICIENT_HISTORY
2026-06-01,H007,S016,Retro-orbital Pain,81.0,0,,,,,,INSUFFICIENT_HISTORY
2026-06-01,H007,S017,Rash,32.0,0,,,,,,INSUFFICIENT_HISTORY
2026-06-01,H007,S018,Nausea,77.0,0,,,,,,INSUFFICIENT_HISTORY
2026-06-01,H007,S019,Vomiting,119.0,0,,,,,,INSUFFICIENT_HISTORY
2026-06-01,H007,S020,Diarrhoea,95.0,0,,,,,,INSUFFICIENT_HISTORY
2026-06-01,H007,S021,Abdominal Pain,73.0,0,,,,,,INSUFFICIENT_HISTORY
2026-06-01,H007,S022,Loss of Appetite,20.0,0,,,,,,INSUFFICIENT_HISTORY
2026-06-01,H007,S023,Weight Loss,6.0,0,,,,,,INSUFFICIENT_HISTORY
2026-06-01,H007,S024,Night Sweats,8.0,0,,,,,,INSUFFICIENT_HISTORY
2026-06-01,H007,S025,Bleeding,1.0,0,,,,,,INSUFFICIENT_HISTORY
2026-06-01,H007,S026,Anaemia,2.0,0,,,,,,INSUFFICIENT_HISTORY
2026-06-01,H007,S027,Dehydration,4.0,0,,,,,,INSUFFICIENT_HISTORY
2026-06-01,H008,S001,Fever,697.0,0,,,,,,INSUFFICIENT_HISTORY
2026-06-01,H008,S002,Headache,345.0,0,,,,,,INSUFFICIENT_HISTORY
2026-06-01,H008,S003,Fatigue,165.0,0,,,,,,INSUFFICIENT_HISTORY
2026-06-01,H008,S004,Chills,103.0,0,,,,,,INSUFFICIENT_HISTORY
2026-06-01,H008,S005,Sweating,103.0,0,,,,,,INSUFFICIENT_HISTORY
2026-06-01,H008,S006,Dry Cough,333.0,0,,,,,,INSUFFICIENT_HISTORY
2026-06-01,H008,S007,Persistent Cough,19.0,0,,,,,,INSUFFICIENT_HISTORY
2026-06-01,H008,S008,Sore Throat,225.0,0,,,,,,INSUFFICIENT_HISTORY
2026-06-01,H008,S009,Runny Nose,124.0,0,,,,,,INSUFFICIENT_HISTORY
2026-06-01,H008,S010,Breathlessness,16.0,0,,,,,,INSUFFICIENT_HISTORY
2026-06-01,H008,S011,Chest Pain,1.0,0,,,,,,INSUFFICIENT_HISTORY
2026-06-01,H008,S012,Loss of Taste,42.0,0,,,,,,INSUFFICIENT_HISTORY
2026-06-01,H008,S013,Loss of Smell,41.0,0,,,,,,INSUFFICIENT_HISTORY
2026-06-01,H008,S014,Muscle Pain,335.0,0,,,,,,INSUFFICIENT_HISTORY
2026-06-01,H008,S015,Joint Pain,130.0,0,,,,,,INSUFFICIENT_HISTORY
2026-06-01,H008,S016,Retro-orbital Pain,129.0,0,,,,,,INSUFFICIENT_HISTORY
2026-06-01,H008,S017,Rash,46.0,0,,,,,,INSUFFICIENT_HISTORY
2026-06-01,H008,S018,Nausea,108.0,0,,,,,,INSUFFICIENT_HISTORY
2026-06-01,H008,S019,Vomiting,135.0,0,,,,,,INSUFFICIENT_HISTORY
2026-06-01,H008,S020,Diarrhoea,97.0,0,,,,,,INSUFFICIENT_HISTORY
2026-06-01,H008,S021,Abdominal Pain,64.0,0,,,,,,INSUFFICIENT_HISTORY
2026-06-01,H008,S022,Loss of Appetite,23.0,0,,,,,,INSUFFICIENT_HISTORY
2026-06-01,H008,S023,Weight Loss,1.0,0,,,,,,INSUFFICIENT_HISTORY
2026-06-01,H008,S024,Night Sweats,4.0,0,,,,,,INSUFFICIENT_HISTORY
2026-06-01,H008,S025,Bleeding,4.0,0,,,,,,INSUFFICIENT_HISTORY
2026-06-01,H008,S026,Anaemia,4.0,0,,,,,,INSUFFICIENT_HISTORY
2026-06-01,H008,S027,Dehydration,6.0,0,,,,,,INSUFFICIENT_HISTORY
2026-06-01,H009,S001,Fever,527.0,0,,,,,,INSUFFICIENT_HISTORY
2026-06-01,H009,S002,Headache,288.0,0,,,,,,INSUFFICIENT_HISTORY
2026-06-01,H009,S003,Fatigue,137.0,0,,,,,,INSUFFICIENT_HISTORY
2026-06-01,H009,S004,Chills,99.0,0,,,,,,INSUFFICIENT_HISTORY
2026-06-01,H009,S005,Sweating,99.0,0,,,,,,INSUFFICIENT_HISTORY
2026-06-01,H009,S006,Dry Cough,228.0,0,,,,,,INSUFFICIENT_HISTORY
2026-06-01,H009,S007,Persistent Cough,14.0,0,,,,,,INSUFFICIENT_HISTORY
2026-06-01,H009,S008,Sore Throat,139.0,0,,,,,,INSUFFICIENT_HISTORY
2026-06-01,H009,S009,Runny Nose,80.0,0,,,,,,INSUFFICIENT_HISTORY
2026-06-01,H009,S010,Breathlessness,7.0,0,,,,,,INSUFFICIENT_HISTORY
2026-06-01,H009,S011,Chest Pain,2.0,0,,,,,,INSUFFICIENT_HISTORY
2026-06-01,H009,S012,Loss of Taste,18.0,0,,,,,,INSUFFICIENT_HISTORY
2026-06-01,H009,S013,Loss of Smell,26.0,0,,,,,,INSUFFICIENT_HISTORY
2026-06-01,H009,S014,Muscle Pain,232.0,0,,,,,,INSUFFICIENT_HISTORY
2026-06-01,H009,S015,Joint Pain,113.0,0,,,,,,INSUFFICIENT_HISTORY
2026-06-01,H009,S016,Retro-orbital Pain,83.0,0,,,,,,INSUFFICIENT_HISTORY
2026-06-01,H009,S017,Rash,38.0,0,,,,,,INSUFFICIENT_HISTORY
2026-06-01,H009,S018,Nausea,89.0,0,,,,,,INSUFFICIENT_HISTORY
2026-06-01,H009,S019,Vomiting,126.0,0,,,,,,INSUFFICIENT_HISTORY
2026-06-01,H009,S020,Diarrhoea,93.0,0,,,,,,INSUFFICIENT_HISTORY
2026-06-01,H009,S021,Abdominal Pain,61.0,0,,,,,,INSUFFICIENT_HISTORY
2026-06-01,H009,S022,Loss of Appetite,29.0,0,,,,,,INSUFFICIENT_HISTORY
2026-06-01,H009,S023,Weight Loss,2.0,0,,,,,,INSUFFICIENT_HISTORY
2026-06-01,H009,S024,Night Sweats,5.0,0,,,,,,INSUFFICIENT_HISTORY
2026-06-01,H009,S025,Bleeding,1.0,0,,,,,,INSUFFICIENT_HISTORY
2026-06-01,H009,S026,Anaemia,1.0,0,,,,,,INSUFFICIENT_HISTORY
2026-06-01,H009,S027,Dehydration,0.0,0,,,,,,INSUFFICIENT_HISTORY
2026-06-01,H010,S001,Fever,840.0,0,,,,,,INSUFFICIENT_HISTORY
2026-06-01,H010,S002,Headache,425.0,0,,,,,,INSUFFICIENT_HISTORY
2026-06-01,H010,S003,Fatigue,199.0,0,,,,,,INSUFFICIENT_HISTORY
2026-06-01,H010,S004,Chills,113.0,0,,,,,,INSUFFICIENT_HISTORY
2026-06-01,H010,S005,Sweating,113.0,0,,,,,,INSUFFICIENT_HISTORY
2026-06-01,H010,S006,Dry Cough,394.0,0,,,,,,INSUFFICIENT_HISTORY
2026-06-01,H010,S007,Persistent Cough,26.0,0,,,,,,INSUFFICIENT_HISTORY
2026-06-01,H010,S008,Sore Throat,248.0,0,,,,,,INSUFFICIENT_HISTORY
2026-06-01,H010,S009,Runny Nose,148.0,0,,,,,,INSUFFICIENT_HISTORY
2026-06-01,H010,S010,Breathlessness,11.0,0,,,,,,INSUFFICIENT_HISTORY
2026-06-01,H010,S011,Chest Pain,1.0,0,,,,,,INSUFFICIENT_HISTORY
2026-06-01,H010,S012,Loss of Taste,33.0,0,,,,,,INSUFFICIENT_HISTORY
2026-06-01,H010,S013,Loss of Smell,32.0,0,,,,,,INSUFFICIENT_HISTORY
2026-06-01,H010,S014,Muscle Pain,405.0,0,,,,,,INSUFFICIENT_HISTORY
2026-06-01,H010,S015,Joint Pain,170.0,0,,,,,,INSUFFICIENT_HISTORY
2026-06-01,H010,S016,Retro-orbital Pain,135.0,0,,,,,,INSUFFICIENT_HISTORY
2026-06-01,H010,S017,Rash,49.0,0,,,,,,INSUFFICIENT_HISTORY
2026-06-01,H010,S018,Nausea,146.0,0,,,,,,INSUFFICIENT_HISTORY
2026-06-01,H010,S019,Vomiting,187.0,0,,,,,,INSUFFICIENT_HISTORY
2026-06-01,H010,S020,Diarrhoea,157.0,0,,,,,,INSUFFICIENT_HISTORY
2026-06-01,H010,S021,Abdominal Pain,105.0,0,,,,,,INSUFFICIENT_HISTORY
2026-06-01,H010,S022,Loss of Appetite,34.0,0,,,,,,INSUFFICIENT_HISTORY
2026-06-01,H010,S023,Weight Loss,4.0,0,,,,,,INSUFFICIENT_HISTORY
2026-06-01,H010,S024,Night Sweats,17.0,0,,,,,,INSUFFICIENT_HISTORY
2026-06-01,H010,S025,Bleeding,3.0,0,,,,,,INSUFFICIENT_HISTORY
2026-06-01,H010,S026,Anaemia,1.0,0,,,,,,INSUFFICIENT_HISTORY
2026-06-01,H010,S027,Dehydration,1.0,0,,,,,,INSUFFICIENT_HISTORY
2026-06-08,H001,S001,Fever,924.0,1,922.0,,2.0,0.21691973969631237,inf,INSUFFICIENT_HISTORY
2026-06-08,H001,S002,Headache,463.0,1,489.0,,-26.0,-5.316973415132924,-inf,INSUFFICIENT_HISTORY
2026-06-08,H001,S003,Fatigue,218.0,1,214.0,,4.0,1.8691588785046727,inf,INSUFFICIENT_HISTORY
2026-06-08,H001,S004,Chills,138.0,1,147.0,,-9.0,-6.122448979591836,-inf,INSUFFICIENT_HISTORY
2026-06-08,H001,S005,Sweating,138.0,1,147.0,,-9.0,-6.122448979591836,-inf,INSUFFICIENT_HISTORY
2026-06-08,H001,S006,Dry Cough,474.0,1,469.0,,5.0,1.0660980810234542,inf,INSUFFICIENT_HISTORY
2026-06-08,H001,S007,Persistent Cough,35.0,1,27.0,,8.0,29.629629629629626,inf,INSUFFICIENT_HISTORY
2026-06-08,H001,S008,Sore Throat,313.0,1,289.0,,24.0,8.304498269896193,inf,INSUFFICIENT_HISTORY
2026-06-08,H001,S009,Runny Nose,171.0,1,179.0,,-8.0,-4.4692737430167595,-inf,INSUFFICIENT_HISTORY
2026-06-08,H001,S010,Breathlessness,13.0,1,18.0,,-5.0,-27.77777777777778,-inf,INSUFFICIENT_HISTORY
2026-06-08,H001,S011,Chest Pain,2.0,1,3.0,,-1.0,-33.33333333333333,-inf,INSUFFICIENT_HISTORY
2026-06-08,H001,S012,Loss of Taste,37.0,1,34.0,,3.0,8.823529411764707,inf,INSUFFICIENT_HISTORY
2026-06-08,H001,S013,Loss of Smell,40.0,1,38.0,,2.0,5.263157894736842,inf,INSUFFICIENT_HISTORY
2026-06-08,H001,S014,Muscle Pain,410.0,1,422.0,,-12.0,-2.843601895734597,-inf,INSUFFICIENT_HISTORY
2026-06-08,H001,S015,Joint Pain,161.0,1,175.0,,-14.0,-8.0,-inf,INSUFFICIENT_HISTORY
2026-06-08,H001,S016,Retro-orbital Pain,109.0,1,118.0,,-9.0,-7.627118644067797,-inf,INSUFFICIENT_HISTORY
2026-06-08,H001,S017,Rash,43.0,1,56.0,,-13.0,-23.214285714285715,-inf,INSUFFICIENT_HISTORY
2026-06-08,H001,S018,Nausea,119.0,1,136.0,,-17.0,-12.5,-inf,INSUFFICIENT_HISTORY
2026-06-08,H001,S019,Vomiting,174.0,1,183.0,,-9.0,-4.918032786885246,-inf,INSUFFICIENT_HISTORY
2026-06-08,H001,S020,Diarrhoea,137.0,1,143.0,,-6.0,-4.195804195804196,-inf,INSUFFICIENT_HISTORY
2026-06-08,H001,S021,Abdominal Pain,103.0,1,97.0,,6.0,6.185567010309279,inf,INSUFFICIENT_HISTORY
2026-06-08,H001,S022,Loss of Appetite,43.0,1,41.0,,2.0,4.878048780487805,inf,INSUFFICIENT_HISTORY
2026-06-08,H001,S023,Weight Loss,2.0,1,5.0,,-3.0,-60.0,-inf,INSUFFICIENT_HISTORY
2026-06-08,H001,S024,Night Sweats,8.0,1,8.0,,0.0,0.0,0.0,INSUFFICIENT_HISTORY
2026-06-08,H001,S025,Bleeding,5.0,1,4.0,,1.0,25.0,inf,INSUFFICIENT_HISTORY
2026-06-08,H001,S026,Anaemia,3.0,1,2.0,,1.0,50.0,inf,INSUFFICIENT_HISTORY
2026-06-08,H001,S027,Dehydration,7.0,1,2.0,,5.0,250.0,inf,INSUFFICIENT_HISTORY
2026-06-08,H002,S001,Fever,769.0,1,745.0,,24.0,3.2214765100671143,inf,INSUFFICIENT_HISTORY
2026-06-08,H002,S002,Headache,382.0,1,355.0,,27.0,7.605633802816901,inf,INSUFFICIENT_HISTORY
2026-06-08,H002,S003,Fatigue,185.0,1,189.0,,-4.0,-2.1164021164021163,-inf,INSUFFICIENT_HISTORY
2026-06-08,H002,S004,Chills,86.0,1,94.0,,-8.0,-8.51063829787234,-inf,INSUFFICIENT_HISTORY
2026-06-08,H002,S005,Sweating,86.0,1,94.0,,-8.0,-8.51063829787234,-inf,INSUFFICIENT_HISTORY
2026-06-08,H002,S006,Dry Cough,415.0,1,414.0,,1.0,0.24154589371980675,inf,INSUFFICIENT_HISTORY
2026-06-08,H002,S007,Persistent Cough,29.0,1,32.0,,-3.0,-9.375,-inf,INSUFFICIENT_HISTORY
2026-06-08,H002,S008,Sore Throat,256.0,1,284.0,,-28.0,-9.859154929577464,-inf,INSUFFICIENT_HISTORY
2026-06-08,H002,S009,Runny Nose,165.0,1,158.0,,7.0,4.430379746835443,inf,INSUFFICIENT_HISTORY
2026-06-08,H002,S010,Breathlessness,4.0,1,14.0,,-10.0,-71.42857142857143,-inf,INSUFFICIENT_HISTORY
2026-06-08,H002,S011,Chest Pain,2.0,1,2.0,,0.0,0.0,0.0,INSUFFICIENT_HISTORY
2026-06-08,H002,S012,Loss of Taste,28.0,1,38.0,,-10.0,-26.31578947368421,-inf,INSUFFICIENT_HISTORY
2026-06-08,H002,S013,Loss of Smell,27.0,1,44.0,,-17.0,-38.63636363636363,-inf,INSUFFICIENT_HISTORY
2026-06-08,H002,S014,Muscle Pain,355.0,1,333.0,,22.0,6.606606606606606,inf,INSUFFICIENT_HISTORY
2026-06-08,H002,S015,Joint Pain,147.0,1,120.0,,27.0,22.5,inf,INSUFFICIENT_HISTORY
2026-06-08,H002,S016,Retro-orbital Pain,114.0,1,93.0,,21.0,22.58064516129032,inf,INSUFFICIENT_HISTORY
2026-06-08,H002,S017,Rash,43.0,1,40.0,,3.0,7.5,inf,INSUFFICIENT_HISTORY
2026-06-08,H002,S018,Nausea,110.0,1,89.0,,21.0,23.595505617977526,inf,INSUFFICIENT_HISTORY
2026-06-08,H002,S019,Vomiting,144.0,1,139.0,,5.0,3.597122302158273,inf,INSUFFICIENT_HISTORY
2026-06-08,H002,S020,Diarrhoea,120.0,1,123.0,,-3.0,-2.4390243902439024,-inf,INSUFFICIENT_HISTORY
2026-06-08,H002,S021,Abdominal Pain,84.0,1,83.0,,1.0,1.2048192771084338,inf,INSUFFICIENT_HISTORY
2026-06-08,H002,S022,Loss of Appetite,41.0,1,29.0,,12.0,41.37931034482759,inf,INSUFFICIENT_HISTORY
2026-06-08,H002,S023,Weight Loss,3.0,1,3.0,,0.0,0.0,0.0,INSUFFICIENT_HISTORY
2026-06-08,H002,S024,Night Sweats,10.0,1,9.0,,1.0,11.11111111111111,inf,INSUFFICIENT_HISTORY
2026-06-08,H002,S025,Bleeding,5.0,1,2.0,,3.0,150.0,inf,INSUFFICIENT_HISTORY
2026-06-08,H002,S026,Anaemia,1.0,1,1.0,,0.0,0.0,0.0,INSUFFICIENT_HISTORY
2026-06-08,H002,S027,Dehydration,4.0,1,2.0,,2.0,100.0,inf,INSUFFICIENT_HISTORY
2026-06-08,H003,S001,Fever,920.0,1,920.0,,0.0,0.0,0.0,INSUFFICIENT_HISTORY
2026-06-08,H003,S002,Headache,460.0,1,487.0,,-27.0,-5.544147843942506,-inf,INSUFFICIENT_HISTORY
2026-06-08,H003,S003,Fatigue,192.0,1,209.0,,-17.0,-8.133971291866029,-inf,INSUFFICIENT_HISTORY
2026-06-08,H003,S004,Chills,150.0,1,146.0,,4.0,2.73972602739726,inf,INSUFFICIENT_HISTORY
2026-06-08,H003,S005,Sweating,150.0,1,146.0,,4.0,2.73972602739726,inf,INSUFFICIENT_HISTORY
2026-06-08,H003,S006,Dry Cough,415.0,1,394.0,,21.0,5.32994923857868,inf,INSUFFICIENT_HISTORY
2026-06-08,H003,S007,Persistent Cough,31.0,1,32.0,,-1.0,-3.125,-inf,INSUFFICIENT_HISTORY
2026-06-08,H003,S008,Sore Throat,263.0,1,251.0,,12.0,4.780876494023905,inf,INSUFFICIENT_HISTORY
2026-06-08,H003,S009,Runny Nose,169.0,1,137.0,,32.0,23.357664233576642,inf,INSUFFICIENT_HISTORY
2026-06-08,H003,S010,Breathlessness,12.0,1,6.0,,6.0,100.0,inf,INSUFFICIENT_HISTORY
2026-06-08,H003,S011,Chest Pain,3.0,1,0.0,,3.0,inf,inf,INSUFFICIENT_HISTORY
2026-06-08,H003,S012,Loss of Taste,33.0,1,19.0,,14.0,73.68421052631578,inf,INSUFFICIENT_HISTORY
2026-06-08,H003,S013,Loss of Smell,32.0,1,21.0,,11.0,52.38095238095239,inf,INSUFFICIENT_HISTORY
2026-06-08,H003,S014,Muscle Pain,436.0,1,456.0,,-20.0,-4.385964912280701,-inf,INSUFFICIENT_HISTORY
2026-06-08,H003,S015,Joint Pain,196.0,1,215.0,,-19.0,-8.837209302325581,-inf,INSUFFICIENT_HISTORY
2026-06-08,H003,S016,Retro-orbital Pain,155.0,1,159.0,,-4.0,-2.515723270440252,-inf,INSUFFICIENT_HISTORY
2026-06-08,H003,S017,Rash,53.0,1,77.0,,-24.0,-31.16883116883117,-inf,INSUFFICIENT_HISTORY
2026-06-08,H003,S018,Nausea,135.0,1,164.0,,-29.0,-17.682926829268293,-inf,INSUFFICIENT_HISTORY
2026-06-08,H003,S019,Vomiting,187.0,1,204.0,,-17.0,-8.333333333333332,-inf,INSUFFICIENT_HISTORY
2026-06-08,H003,S020,Diarrhoea,154.0,1,143.0,,11.0,7.6923076923076925,inf,INSUFFICIENT_HISTORY
2026-06-08,H003,S021,Abdominal Pain,116.0,1,96.0,,20.0,20.833333333333336,inf,INSUFFICIENT_HISTORY
2026-06-08,H003,S022,Loss of Appetite,40.0,1,44.0,,-4.0,-9.090909090909092,-inf,INSUFFICIENT_HISTORY
2026-06-08,H003,S023,Weight Loss,6.0,1,1.0,,5.0,500.0,inf,INSUFFICIENT_HISTORY
2026-06-08,H003,S024,Night Sweats,11.0,1,6.0,,5.0,83.33333333333334,inf,INSUFFICIENT_HISTORY
2026-06-08,H003,S025,Bleeding,3.0,1,2.0,,1.0,50.0,inf,INSUFFICIENT_HISTORY
2026-06-08,H003,S026,Anaemia,3.0,1,2.0,,1.0,50.0,inf,INSUFFICIENT_HISTORY
2026-06-08,H003,S027,Dehydration,10.0,1,5.0,,5.0,100.0,inf,INSUFFICIENT_HISTORY
2026-06-08,H004,S001,Fever,890.0,1,884.0,,6.0,0.6787330316742082,inf,INSUFFICIENT_HISTORY
2026-06-08,H004,S002,Headache,429.0,1,455.0,,-26.0,-5.714285714285714,-inf,INSUFFICIENT_HISTORY
2026-06-08,H004,S003,Fatigue,211.0,1,226.0,,-15.0,-6.637168141592921,-inf,INSUFFICIENT_HISTORY
2026-06-08,H004,S004,Chills,127.0,1,134.0,,-7.0,-5.223880597014925,-inf,INSUFFICIENT_HISTORY
2026-06-08,H004,S005,Sweating,127.0,1,134.0,,-7.0,-5.223880597014925,-inf,INSUFFICIENT_HISTORY
2026-06-08,H004,S006,Dry Cough,454.0,1,412.0,,42.0,10.194174757281553,inf,INSUFFICIENT_HISTORY
2026-06-08,H004,S007,Persistent Cough,33.0,1,36.0,,-3.0,-8.333333333333332,-inf,INSUFFICIENT_HISTORY
2026-06-08,H004,S008,Sore Throat,295.0,1,261.0,,34.0,13.026819923371647,inf,INSUFFICIENT_HISTORY
2026-06-08,H004,S009,Runny Nose,175.0,1,159.0,,16.0,10.062893081761008,inf,INSUFFICIENT_HISTORY
2026-06-08,H004,S010,Breathlessness,11.0,1,10.0,,1.0,10.0,inf,INSUFFICIENT_HISTORY
2026-06-08,H004,S011,Chest Pain,4.0,1,4.0,,0.0,0.0,0.0,INSUFFICIENT_HISTORY
2026-06-08,H004,S012,Loss of Taste,28.0,1,34.0,,-6.0,-17.647058823529413,-inf,INSUFFICIENT_HISTORY
2026-06-08,H004,S013,Loss of Smell,31.0,1,34.0,,-3.0,-8.823529411764707,-inf,INSUFFICIENT_HISTORY
2026-06-08,H004,S014,Muscle Pain,398.0,1,413.0,,-15.0,-3.631961259079903,-inf,INSUFFICIENT_HISTORY
2026-06-08,H004,S015,Joint Pain,169.0,1,167.0,,2.0,1.1976047904191618,inf,INSUFFICIENT_HISTORY
2026-06-08,H004,S016,Retro-orbital Pain,126.0,1,161.0,,-35.0,-21.73913043478261,-inf,INSUFFICIENT_HISTORY
2026-06-08,H004,S017,Rash,57.0,1,51.0,,6.0,11.76470588235294,inf,INSUFFICIENT_HISTORY
2026-06-08,H004,S018,Nausea,157.0,1,138.0,,19.0,13.768115942028986,inf,INSUFFICIENT_HISTORY
2026-06-08,H004,S019,Vomiting,201.0,1,194.0,,7.0,3.608247422680412,inf,INSUFFICIENT_HISTORY
2026-06-08,H004,S020,Diarrhoea,159.0,1,150.0,,9.0,6.0,inf,INSUFFICIENT_HISTORY
2026-06-08,H004,S021,Abdominal Pain,93.0,1,106.0,,-13.0,-12.264150943396226,-inf,INSUFFICIENT_HISTORY
2026-06-08,H004,S022,Loss of Appetite,29.0,1,36.0,,-7.0,-19.444444444444446,-inf,INSUFFICIENT_HISTORY
2026-06-08,H004,S023,Weight Loss,9.0,1,6.0,,3.0,50.0,inf,INSUFFICIENT_HISTORY
2026-06-08,H004,S024,Night Sweats,14.0,1,12.0,,2.0,16.666666666666664,inf,INSUFFICIENT_HISTORY
2026-06-08,H004,S025,Bleeding,4.0,1,2.0,,2.0,100.0,inf,INSUFFICIENT_HISTORY
2026-06-08,H004,S026,Anaemia,3.0,1,2.0,,1.0,50.0,inf,INSUFFICIENT_HISTORY
2026-06-08,H004,S027,Dehydration,7.0,1,5.0,,2.0,40.0,inf,INSUFFICIENT_HISTORY
2026-06-08,H005,S001,Fever,795.0,1,786.0,,9.0,1.1450381679389312,inf,INSUFFICIENT_HISTORY
2026-06-08,H005,S002,Headache,412.0,1,462.0,,-50.0,-10.822510822510822,-inf,INSUFFICIENT_HISTORY
2026-06-08,H005,S003,Fatigue,177.0,1,166.0,,11.0,6.626506024096386,inf,INSUFFICIENT_HISTORY
2026-06-08,H005,S004,Chills,123.0,1,114.0,,9.0,7.894736842105263,inf,INSUFFICIENT_HISTORY
2026-06-08,H005,S005,Sweating,123.0,1,114.0,,9.0,7.894736842105263,inf,INSUFFICIENT_HISTORY
2026-06-08,H005,S006,Dry Cough,363.0,1,355.0,,8.0,2.2535211267605635,inf,INSUFFICIENT_HISTORY
2026-06-08,H005,S007,Persistent Cough,29.0,1,21.0,,8.0,38.095238095238095,inf,INSUFFICIENT_HISTORY
2026-06-08,H005,S008,Sore Throat,238.0,1,230.0,,8.0,3.4782608695652173,inf,INSUFFICIENT_HISTORY
2026-06-08,H005,S009,Runny Nose,149.0,1,160.0,,-11.0,-6.875000000000001,-inf,INSUFFICIENT_HISTORY
2026-06-08,H005,S010,Breathlessness,16.0,1,6.0,,10.0,166.66666666666669,inf,INSUFFICIENT_HISTORY
2026-06-08,H005,S011,Chest Pain,2.0,1,1.0,,1.0,100.0,inf,INSUFFICIENT_HISTORY
2026-06-08,H005,S012,Loss of Taste,30.0,1,14.0,,16.0,114.28571428571428,inf,INSUFFICIENT_HISTORY
2026-06-08,H005,S013,Loss of Smell,34.0,1,15.0,,19.0,126.66666666666666,inf,INSUFFICIENT_HISTORY
2026-06-08,H005,S014,Muscle Pain,366.0,1,412.0,,-46.0,-11.165048543689322,-inf,INSUFFICIENT_HISTORY
2026-06-08,H005,S015,Joint Pain,159.0,1,161.0,,-2.0,-1.2422360248447204,-inf,INSUFFICIENT_HISTORY
2026-06-08,H005,S016,Retro-orbital Pain,142.0,1,147.0,,-5.0,-3.4013605442176873,-inf,INSUFFICIENT_HISTORY
2026-06-08,H005,S017,Rash,61.0,1,63.0,,-2.0,-3.1746031746031744,-inf,INSUFFICIENT_HISTORY
2026-06-08,H005,S018,Nausea,142.0,1,167.0,,-25.0,-14.97005988023952,-inf,INSUFFICIENT_HISTORY
2026-06-08,H005,S019,Vomiting,182.0,1,197.0,,-15.0,-7.614213197969544,-inf,INSUFFICIENT_HISTORY
2026-06-08,H005,S020,Diarrhoea,149.0,1,160.0,,-11.0,-6.875000000000001,-inf,INSUFFICIENT_HISTORY
2026-06-08,H005,S021,Abdominal Pain,90.0,1,108.0,,-18.0,-16.666666666666664,-inf,INSUFFICIENT_HISTORY
2026-06-08,H005,S022,Loss of Appetite,38.0,1,34.0,,4.0,11.76470588235294,inf,INSUFFICIENT_HISTORY
2026-06-08,H005,S023,Weight Loss,6.0,1,5.0,,1.0,20.0,inf,INSUFFICIENT_HISTORY
2026-06-08,H005,S024,Night Sweats,12.0,1,11.0,,1.0,9.090909090909092,inf,INSUFFICIENT_HISTORY
2026-06-08,H005,S025,Bleeding,3.0,1,6.0,,-3.0,-50.0,-inf,INSUFFICIENT_HISTORY
2026-06-08,H005,S026,Anaemia,2.0,1,3.0,,-1.0,-33.33333333333333,-inf,INSUFFICIENT_HISTORY
2026-06-08,H005,S027,Dehydration,3.0,1,4.0,,-1.0,-25.0,-inf,INSUFFICIENT_HISTORY
2026-06-08,H006,S001,Fever,636.0,1,637.0,,-1.0,-0.15698587127158556,-inf,INSUFFICIENT_HISTORY
2026-06-08,H006,S002,Headache,311.0,1,334.0,,-23.0,-6.88622754491018,-inf,INSUFFICIENT_HISTORY
2026-06-08,H006,S003,Fatigue,164.0,1,163.0,,1.0,0.6134969325153374,inf,INSUFFICIENT_HISTORY
2026-06-08,H006,S004,Chills,75.0,1,117.0,,-42.0,-35.8974358974359,-inf,INSUFFICIENT_HISTORY
2026-06-08,H006,S005,Sweating,75.0,1,117.0,,-42.0,-35.8974358974359,-inf,INSUFFICIENT_HISTORY
2026-06-08,H006,S006,Dry Cough,308.0,1,264.0,,44.0,16.666666666666664,inf,INSUFFICIENT_HISTORY
2026-06-08,H006,S007,Persistent Cough,32.0,1,43.0,,-11.0,-25.581395348837212,-inf,INSUFFICIENT_HISTORY
2026-06-08,H006,S008,Sore Throat,194.0,1,179.0,,15.0,8.379888268156424,inf,INSUFFICIENT_HISTORY
2026-06-08,H006,S009,Runny Nose,109.0,1,96.0,,13.0,13.541666666666666,inf,INSUFFICIENT_HISTORY
2026-06-08,H006,S010,Breathlessness,10.0,1,8.0,,2.0,25.0,inf,INSUFFICIENT_HISTORY
2026-06-08,H006,S011,Chest Pain,0.0,1,4.0,,-4.0,-100.0,-inf,INSUFFICIENT_HISTORY
2026-06-08,H006,S012,Loss of Taste,30.0,1,21.0,,9.0,42.857142857142854,inf,INSUFFICIENT_HISTORY
2026-06-08,H006,S013,Loss of Smell,31.0,1,23.0,,8.0,34.78260869565217,inf,INSUFFICIENT_HISTORY
2026-06-08,H006,S014,Muscle Pain,313.0,1,280.0,,33.0,11.785714285714285,inf,INSUFFICIENT_HISTORY
2026-06-08,H006,S015,Joint Pain,143.0,1,139.0,,4.0,2.877697841726619,inf,INSUFFICIENT_HISTORY
2026-06-08,H006,S016,Retro-orbital Pain,103.0,1,103.0,,0.0,0.0,0.0,INSUFFICIENT_HISTORY
2026-06-08,H006,S017,Rash,44.0,1,44.0,,0.0,0.0,0.0,INSUFFICIENT_HISTORY
2026-06-08,H006,S018,Nausea,93.0,1,100.0,,-7.0,-7.000000000000001,-inf,INSUFFICIENT_HISTORY
2026-06-08,H006,S019,Vomiting,131.0,1,138.0,,-7.0,-5.072463768115942,-inf,INSUFFICIENT_HISTORY
2026-06-08,H006,S020,Diarrhoea,105.0,1,105.0,,0.0,0.0,0.0,INSUFFICIENT_HISTORY
2026-06-08,H006,S021,Abdominal Pain,69.0,1,79.0,,-10.0,-12.658227848101266,-inf,INSUFFICIENT_HISTORY
2026-06-08,H006,S022,Loss of Appetite,26.0,1,26.0,,0.0,0.0,0.0,INSUFFICIENT_HISTORY
2026-06-08,H006,S023,Weight Loss,1.0,1,7.0,,-6.0,-85.71428571428571,-inf,INSUFFICIENT_HISTORY
2026-06-08,H006,S024,Night Sweats,8.0,1,11.0,,-3.0,-27.27272727272727,-inf,INSUFFICIENT_HISTORY
2026-06-08,H006,S025,Bleeding,1.0,1,1.0,,0.0,0.0,0.0,INSUFFICIENT_HISTORY
2026-06-08,H006,S026,Anaemia,3.0,1,3.0,,0.0,0.0,0.0,INSUFFICIENT_HISTORY
2026-06-08,H006,S027,Dehydration,8.0,1,1.0,,7.0,700.0,inf,INSUFFICIENT_HISTORY
2026-06-08,H007,S001,Fever,585.0,1,576.0,,9.0,1.5625,inf,INSUFFICIENT_HISTORY
2026-06-08,H007,S002,Headache,305.0,1,292.0,,13.0,4.4520547945205475,inf,INSUFFICIENT_HISTORY
2026-06-08,H007,S003,Fatigue,138.0,1,154.0,,-16.0,-10.38961038961039,-inf,INSUFFICIENT_HISTORY
2026-06-08,H007,S004,Chills,83.0,1,87.0,,-4.0,-4.597701149425287,-inf,INSUFFICIENT_HISTORY
2026-06-08,H007,S005,Sweating,83.0,1,87.0,,-4.0,-4.597701149425287,-inf,INSUFFICIENT_HISTORY
2026-06-08,H007,S006,Dry Cough,284.0,1,294.0,,-10.0,-3.4013605442176873,-inf,INSUFFICIENT_HISTORY
2026-06-08,H007,S007,Persistent Cough,25.0,1,19.0,,6.0,31.57894736842105,inf,INSUFFICIENT_HISTORY
2026-06-08,H007,S008,Sore Throat,181.0,1,187.0,,-6.0,-3.2085561497326207,-inf,INSUFFICIENT_HISTORY
2026-06-08,H007,S009,Runny Nose,124.0,1,107.0,,17.0,15.887850467289718,inf,INSUFFICIENT_HISTORY
2026-06-08,H007,S010,Breathlessness,8.0,1,9.0,,-1.0,-11.11111111111111,-inf,INSUFFICIENT_HISTORY
2026-06-08,H007,S011,Chest Pain,4.0,1,2.0,,2.0,100.0,inf,INSUFFICIENT_HISTORY
2026-06-08,H007,S012,Loss of Taste,15.0,1,23.0,,-8.0,-34.78260869565217,-inf,INSUFFICIENT_HISTORY
2026-06-08,H007,S013,Loss of Smell,15.0,1,27.0,,-12.0,-44.44444444444444,-inf,INSUFFICIENT_HISTORY
2026-06-08,H007,S014,Muscle Pain,270.0,1,244.0,,26.0,10.655737704918032,inf,INSUFFICIENT_HISTORY
2026-06-08,H007,S015,Joint Pain,116.0,1,99.0,,17.0,17.17171717171717,inf,INSUFFICIENT_HISTORY
2026-06-08,H007,S016,Retro-orbital Pain,78.0,1,81.0,,-3.0,-3.7037037037037033,-inf,INSUFFICIENT_HISTORY
2026-06-08,H007,S017,Rash,33.0,1,32.0,,1.0,3.125,inf,INSUFFICIENT_HISTORY
2026-06-08,H007,S018,Nausea,105.0,1,77.0,,28.0,36.36363636363637,inf,INSUFFICIENT_HISTORY
2026-06-08,H007,S019,Vomiting,125.0,1,119.0,,6.0,5.042016806722689,inf,INSUFFICIENT_HISTORY
2026-06-08,H007,S020,Diarrhoea,95.0,1,95.0,,0.0,0.0,0.0,INSUFFICIENT_HISTORY
2026-06-08,H007,S021,Abdominal Pain,73.0,1,73.0,,0.0,0.0,0.0,INSUFFICIENT_HISTORY
2026-06-08,H007,S022,Loss of Appetite,31.0,1,20.0,,11.0,55.00000000000001,inf,INSUFFICIENT_HISTORY
2026-06-08,H007,S023,Weight Loss,5.0,1,6.0,,-1.0,-16.666666666666664,-inf,INSUFFICIENT_HISTORY
2026-06-08,H007,S024,Night Sweats,13.0,1,8.0,,5.0,62.5,inf,INSUFFICIENT_HISTORY
2026-06-08,H007,S025,Bleeding,1.0,1,1.0,,0.0,0.0,0.0,INSUFFICIENT_HISTORY
2026-06-08,H007,S026,Anaemia,3.0,1,2.0,,1.0,50.0,inf,INSUFFICIENT_HISTORY
2026-06-08,H007,S027,Dehydration,1.0,1,4.0,,-3.0,-75.0,-inf,INSUFFICIENT_HISTORY
2026-06-08,H008,S001,Fever,649.0,1,697.0,,-48.0,-6.886657101865136,-inf,INSUFFICIENT_HISTORY
2026-06-08,H008,S002,Headache,310.0,1,345.0,,-35.0,-10.144927536231885,-inf,INSUFFICIENT_HISTORY
2026-06-08,H008,S003,Fatigue,142.0,1,165.0,,-23.0,-13.939393939393941,-inf,INSUFFICIENT_HISTORY
2026-06-08,H008,S004,Chills,100.0,1,103.0,,-3.0,-2.912621359223301,-inf,INSUFFICIENT_HISTORY
2026-06-08,H008,S005,Sweating,100.0,1,103.0,,-3.0,-2.912621359223301,-inf,INSUFFICIENT_HISTORY
2026-06-08,H008,S006,Dry Cough,304.0,1,333.0,,-29.0,-8.708708708708707,-inf,INSUFFICIENT_HISTORY
2026-06-08,H008,S007,Persistent Cough,21.0,1,19.0,,2.0,10.526315789473683,inf,INSUFFICIENT_HISTORY
2026-06-08,H008,S008,Sore Throat,188.0,1,225.0,,-37.0,-16.444444444444446,-inf,INSUFFICIENT_HISTORY
2026-06-08,H008,S009,Runny Nose,120.0,1,124.0,,-4.0,-3.225806451612903,-inf,INSUFFICIENT_HISTORY
2026-06-08,H008,S010,Breathlessness,6.0,1,16.0,,-10.0,-62.5,-inf,INSUFFICIENT_HISTORY
2026-06-08,H008,S011,Chest Pain,1.0,1,1.0,,0.0,0.0,0.0,INSUFFICIENT_HISTORY
2026-06-08,H008,S012,Loss of Taste,21.0,1,42.0,,-21.0,-50.0,-inf,INSUFFICIENT_HISTORY
2026-06-08,H008,S013,Loss of Smell,22.0,1,41.0,,-19.0,-46.34146341463415,-inf,INSUFFICIENT_HISTORY
2026-06-08,H008,S014,Muscle Pain,312.0,1,335.0,,-23.0,-6.865671641791045,-inf,INSUFFICIENT_HISTORY
2026-06-08,H008,S015,Joint Pain,142.0,1,130.0,,12.0,9.230769230769232,inf,INSUFFICIENT_HISTORY
2026-06-08,H008,S016,Retro-orbital Pain,111.0,1,129.0,,-18.0,-13.953488372093023,-inf,INSUFFICIENT_HISTORY
2026-06-08,H008,S017,Rash,39.0,1,46.0,,-7.0,-15.217391304347828,-inf,INSUFFICIENT_HISTORY
2026-06-08,H008,S018,Nausea,92.0,1,108.0,,-16.0,-14.814814814814813,-inf,INSUFFICIENT_HISTORY
2026-06-08,H008,S019,Vomiting,132.0,1,135.0,,-3.0,-2.2222222222222223,-inf,INSUFFICIENT_HISTORY
2026-06-08,H008,S020,Diarrhoea,95.0,1,97.0,,-2.0,-2.0618556701030926,-inf,INSUFFICIENT_HISTORY
2026-06-08,H008,S021,Abdominal Pain,60.0,1,64.0,,-4.0,-6.25,-inf,INSUFFICIENT_HISTORY
2026-06-08,H008,S022,Loss of Appetite,24.0,1,23.0,,1.0,4.3478260869565215,inf,INSUFFICIENT_HISTORY
2026-06-08,H008,S023,Weight Loss,2.0,1,1.0,,1.0,100.0,inf,INSUFFICIENT_HISTORY
2026-06-08,H008,S024,Night Sweats,4.0,1,4.0,,0.0,0.0,0.0,INSUFFICIENT_HISTORY
2026-06-08,H008,S025,Bleeding,1.0,1,4.0,,-3.0,-75.0,-inf,INSUFFICIENT_HISTORY
2026-06-08,H008,S026,Anaemia,1.0,1,4.0,,-3.0,-75.0,-inf,INSUFFICIENT_HISTORY
2026-06-08,H008,S027,Dehydration,0.0,1,6.0,,-6.0,-100.0,-inf,INSUFFICIENT_HISTORY
2026-06-08,H009,S001,Fever,528.0,1,527.0,,1.0,0.18975332068311196,inf,INSUFFICIENT_HISTORY
2026-06-08,H009,S002,Headache,283.0,1,288.0,,-5.0,-1.7361111111111112,-inf,INSUFFICIENT_HISTORY
2026-06-08,H009,S003,Fatigue,125.0,1,137.0,,-12.0,-8.75912408759124,-inf,INSUFFICIENT_HISTORY
2026-06-08,H009,S004,Chills,74.0,1,99.0,,-25.0,-25.252525252525253,-inf,INSUFFICIENT_HISTORY
2026-06-08,H009,S005,Sweating,74.0,1,99.0,,-25.0,-25.252525252525253,-inf,INSUFFICIENT_HISTORY
2026-06-08,H009,S006,Dry Cough,229.0,1,228.0,,1.0,0.43859649122807015,inf,INSUFFICIENT_HISTORY
2026-06-08,H009,S007,Persistent Cough,18.0,1,14.0,,4.0,28.57142857142857,inf,INSUFFICIENT_HISTORY
2026-06-08,H009,S008,Sore Throat,146.0,1,139.0,,7.0,5.0359712230215825,inf,INSUFFICIENT_HISTORY
2026-06-08,H009,S009,Runny Nose,80.0,1,80.0,,0.0,0.0,0.0,INSUFFICIENT_HISTORY
2026-06-08,H009,S010,Breathlessness,6.0,1,7.0,,-1.0,-14.285714285714285,-inf,INSUFFICIENT_HISTORY
2026-06-08,H009,S011,Chest Pain,0.0,1,2.0,,-2.0,-100.0,-inf,INSUFFICIENT_HISTORY
2026-06-08,H009,S012,Loss of Taste,12.0,1,18.0,,-6.0,-33.33333333333333,-inf,INSUFFICIENT_HISTORY
2026-06-08,H009,S013,Loss of Smell,16.0,1,26.0,,-10.0,-38.46153846153847,-inf,INSUFFICIENT_HISTORY
2026-06-08,H009,S014,Muscle Pain,268.0,1,232.0,,36.0,15.517241379310345,inf,INSUFFICIENT_HISTORY
2026-06-08,H009,S015,Joint Pain,125.0,1,113.0,,12.0,10.619469026548673,inf,INSUFFICIENT_HISTORY
2026-06-08,H009,S016,Retro-orbital Pain,92.0,1,83.0,,9.0,10.843373493975903,inf,INSUFFICIENT_HISTORY
2026-06-08,H009,S017,Rash,42.0,1,38.0,,4.0,10.526315789473683,inf,INSUFFICIENT_HISTORY
2026-06-08,H009,S018,Nausea,84.0,1,89.0,,-5.0,-5.617977528089887,-inf,INSUFFICIENT_HISTORY
2026-06-08,H009,S019,Vomiting,113.0,1,126.0,,-13.0,-10.317460317460316,-inf,INSUFFICIENT_HISTORY
2026-06-08,H009,S020,Diarrhoea,99.0,1,93.0,,6.0,6.451612903225806,inf,INSUFFICIENT_HISTORY
2026-06-08,H009,S021,Abdominal Pain,68.0,1,61.0,,7.0,11.475409836065573,inf,INSUFFICIENT_HISTORY
2026-06-08,H009,S022,Loss of Appetite,26.0,1,29.0,,-3.0,-10.344827586206897,-inf,INSUFFICIENT_HISTORY
2026-06-08,H009,S023,Weight Loss,1.0,1,2.0,,-1.0,-50.0,-inf,INSUFFICIENT_HISTORY
2026-06-08,H009,S024,Night Sweats,3.0,1,5.0,,-2.0,-40.0,-inf,INSUFFICIENT_HISTORY
2026-06-08,H009,S025,Bleeding,4.0,1,1.0,,3.0,300.0,inf,INSUFFICIENT_HISTORY
2026-06-08,H009,S026,Anaemia,2.0,1,1.0,,1.0,100.0,inf,INSUFFICIENT_HISTORY
2026-06-08,H009,S027,Dehydration,3.0,1,0.0,,3.0,inf,inf,INSUFFICIENT_HISTORY
2026-06-08,H010,S001,Fever,832.0,1,840.0,,-8.0,-0.9523809523809524,-inf,INSUFFICIENT_HISTORY
2026-06-08,H010,S002,Headache,416.0,1,425.0,,-9.0,-2.1176470588235294,-inf,INSUFFICIENT_HISTORY
2026-06-08,H010,S003,Fatigue,167.0,1,199.0,,-32.0,-16.08040201005025,-inf,INSUFFICIENT_HISTORY
2026-06-08,H010,S004,Chills,112.0,1,113.0,,-1.0,-0.8849557522123894,-inf,INSUFFICIENT_HISTORY
2026-06-08,H010,S005,Sweating,112.0,1,113.0,,-1.0,-0.8849557522123894,-inf,INSUFFICIENT_HISTORY
2026-06-08,H010,S006,Dry Cough,411.0,1,394.0,,17.0,4.314720812182741,inf,INSUFFICIENT_HISTORY
2026-06-08,H010,S007,Persistent Cough,22.0,1,26.0,,-4.0,-15.384615384615385,-inf,INSUFFICIENT_HISTORY
2026-06-08,H010,S008,Sore Throat,260.0,1,248.0,,12.0,4.838709677419355,inf,INSUFFICIENT_HISTORY
2026-06-08,H010,S009,Runny Nose,180.0,1,148.0,,32.0,21.62162162162162,inf,INSUFFICIENT_HISTORY
2026-06-08,H010,S010,Breathlessness,13.0,1,11.0,,2.0,18.181818181818183,inf,INSUFFICIENT_HISTORY
2026-06-08,H010,S011,Chest Pain,1.0,1,1.0,,0.0,0.0,0.0,INSUFFICIENT_HISTORY
2026-06-08,H010,S012,Loss of Taste,32.0,1,33.0,,-1.0,-3.0303030303030303,-inf,INSUFFICIENT_HISTORY
2026-06-08,H010,S013,Loss of Smell,34.0,1,32.0,,2.0,6.25,inf,INSUFFICIENT_HISTORY
2026-06-08,H010,S014,Muscle Pain,389.0,1,405.0,,-16.0,-3.950617283950617,-inf,INSUFFICIENT_HISTORY
2026-06-08,H010,S015,Joint Pain,177.0,1,170.0,,7.0,4.117647058823529,inf,INSUFFICIENT_HISTORY
2026-06-08,H010,S016,Retro-orbital Pain,123.0,1,135.0,,-12.0,-8.88888888888889,-inf,INSUFFICIENT_HISTORY
2026-06-08,H010,S017,Rash,60.0,1,49.0,,11.0,22.448979591836736,inf,INSUFFICIENT_HISTORY
2026-06-08,H010,S018,Nausea,132.0,1,146.0,,-14.0,-9.58904109589041,-inf,INSUFFICIENT_HISTORY
2026-06-08,H010,S019,Vomiting,187.0,1,187.0,,0.0,0.0,0.0,INSUFFICIENT_HISTORY
2026-06-08,H010,S020,Diarrhoea,146.0,1,157.0,,-11.0,-7.006369426751593,-inf,INSUFFICIENT_HISTORY
2026-06-08,H010,S021,Abdominal Pain,105.0,1,105.0,,0.0,0.0,0.0,INSUFFICIENT_HISTORY
2026-06-08,H010,S022,Loss of Appetite,38.0,1,34.0,,4.0,11.76470588235294,inf,INSUFFICIENT_HISTORY
2026-06-08,H010,S023,Weight Loss,4.0,1,4.0,,0.0,0.0,0.0,INSUFFICIENT_HISTORY
2026-06-08,H010,S024,Night Sweats,10.0,1,17.0,,-7.0,-41.17647058823529,-inf,INSUFFICIENT_HISTORY
2026-06-08,H010,S025,Bleeding,4.0,1,3.0,,1.0,33.33333333333333,inf,INSUFFICIENT_HISTORY
2026-06-08,H010,S026,Anaemia,5.0,1,1.0,,4.0,400.0,inf,INSUFFICIENT_HISTORY
2026-06-08,H010,S027,Dehydration,7.0,1,1.0,,6.0,600.0,inf,INSUFFICIENT_HISTORY
2026-06-15,H001,S001,Fever,918.0,2,923.0,1.4142135623730951,-5.0,-0.5417118093174431,-3.5355339059327373,INSUFFICIENT_HISTORY
2026-06-15,H001,S002,Headache,443.0,2,476.0,18.384776310850235,-33.0,-6.932773109243698,-1.79496336762739,INSUFFICIENT_HISTORY
2026-06-15,H001,S003,Fatigue,213.0,2,216.0,2.8284271247461903,-3.0,-1.3888888888888888,-1.0606601717798212,INSUFFICIENT_HISTORY
2026-06-15,H001,S004,Chills,127.0,2,142.5,6.363961030678928,-15.5,-10.87719298245614,-2.435590024086997,INSUFFICIENT_HISTORY
2026-06-15,H001,S005,Sweating,127.0,2,142.5,6.363961030678928,-15.5,-10.87719298245614,-2.435590024086997,INSUFFICIENT_HISTORY
2026-06-15,H001,S006,Dry Cough,494.0,2,471.5,3.5355339059327378,22.5,4.7720042417815485,6.363961030678928,INSUFFICIENT_HISTORY
2026-06-15,H001,S007,Persistent Cough,31.0,2,31.0,5.656854249492381,0.0,0.0,0.0,INSUFFICIENT_HISTORY
2026-06-15,H001,S008,Sore Throat,330.0,2,301.0,16.97056274847714,29.0,9.634551495016613,1.70884138786749,INSUFFICIENT_HISTORY
2026-06-15,H001,S009,Runny Nose,183.0,2,175.0,5.656854249492381,8.0,4.571428571428571,1.414213562373095,INSUFFICIENT_HISTORY
2026-06-15,H001,S010,Breathlessness,17.0,2,15.5,3.5355339059327378,1.5,9.67741935483871,0.4242640687119285,INSUFFICIENT_HISTORY
2026-06-15,H001,S011,Chest Pain,3.0,2,2.5,0.7071067811865476,0.5,20.0,0.7071067811865475,INSUFFICIENT_HISTORY
2026-06-15,H001,S012,Loss of Taste,44.0,2,35.5,2.1213203435596424,8.5,23.943661971830984,4.00693842672377,INSUFFICIENT_HISTORY
2026-06-15,H001,S013,Loss of Smell,44.0,2,39.0,1.4142135623730951,5.0,12.82051282051282,3.5355339059327373,INSUFFICIENT_HISTORY
2026-06-15,H001,S014,Muscle Pain,405.0,2,416.0,8.48528137423857,-11.0,-2.644230769230769,-1.2963624321753373,INSUFFICIENT_HISTORY
2026-06-15,H001,S015,Joint Pain,154.0,2,168.0,9.899494936611665,-14.0,-8.333333333333332,-1.4142135623730951,INSUFFICIENT_HISTORY
2026-06-15,H001,S016,Retro-orbital Pain,110.0,2,113.5,6.363961030678928,-3.5,-3.0837004405286343,-0.5499719409228703,INSUFFICIENT_HISTORY
2026-06-15,H001,S017,Rash,51.0,2,49.5,9.192388155425117,1.5,3.0303030303030303,0.16317848796612636,INSUFFICIENT_HISTORY
2026-06-15,H001,S018,Nausea,137.0,2,127.5,12.020815280171307,9.5,7.450980392156863,0.7902958142673179,INSUFFICIENT_HISTORY
2026-06-15,H001,S019,Vomiting,180.0,2,178.5,6.363961030678928,1.5,0.8403361344537815,0.23570226039551584,INSUFFICIENT_HISTORY
2026-06-15,H001,S020,Diarrhoea,152.0,2,140.0,4.242640687119285,12.0,8.571428571428571,2.8284271247461903,INSUFFICIENT_HISTORY
2026-06-15,H001,S021,Abdominal Pain,106.0,2,100.0,4.242640687119285,6.0,6.0,1.4142135623730951,INSUFFICIENT_HISTORY
2026-06-15,H001,S022,Loss of Appetite,39.0,2,42.0,1.4142135623730951,-3.0,-7.142857142857142,-2.1213203435596424,INSUFFICIENT_HISTORY
2026-06-15,H001,S023,Weight Loss,4.0,2,3.5,2.1213203435596424,0.5,14.285714285714285,0.23570226039551587,INSUFFICIENT_HISTORY
2026-06-15,H001,S024,Night Sweats,13.0,2,8.0,0.0,5.0,62.5,inf,INSUFFICIENT_HISTORY
2026-06-15,H001,S025,Bleeding,0.0,2,4.5,0.7071067811865476,-4.5,-100.0,-6.363961030678928,INSUFFICIENT_HISTORY
2026-06-15,H001,S026,Anaemia,2.0,2,2.5,0.7071067811865476,-0.5,-20.0,-0.7071067811865475,INSUFFICIENT_HISTORY
2026-06-15,H001,S027,Dehydration,4.0,2,4.5,3.5355339059327378,-0.5,-11.11111111111111,-0.1414213562373095,INSUFFICIENT_HISTORY
2026-06-15,H002,S001,Fever,765.0,2,757.0,16.97056274847714,8.0,1.0568031704095113,0.47140452079103173,INSUFFICIENT_HISTORY
2026-06-15,H002,S002,Headache,373.0,2,368.5,19.091883092036785,4.5,1.2211668928086838,0.2357022603955158,INSUFFICIENT_HISTORY
2026-06-15,H002,S003,Fatigue,177.0,2,187.0,2.8284271247461903,-10.0,-5.347593582887701,-3.5355339059327373,INSUFFICIENT_HISTORY
2026-06-15,H002,S004,Chills,114.0,2,90.0,5.656854249492381,24.0,26.666666666666668,4.242640687119285,INSUFFICIENT_HISTORY
2026-06-15,H002,S005,Sweating,114.0,2,90.0,5.656854249492381,24.0,26.666666666666668,4.242640687119285,INSUFFICIENT_HISTORY
2026-06-15,H002,S006,Dry Cough,374.0,2,414.5,0.7071067811865476,-40.5,-9.7708082026538,-57.27564927611034,INSUFFICIENT_HISTORY
2026-06-15,H002,S007,Persistent Cough,34.0,2,30.5,2.1213203435596424,3.5,11.475409836065573,1.649915822768611,INSUFFICIENT_HISTORY
2026-06-15,H002,S008,Sore Throat,247.0,2,270.0,19.79898987322333,-23.0,-8.518518518518519,-1.1616754262350424,INSUFFICIENT_HISTORY
2026-06-15,H002,S009,Runny Nose,137.0,2,161.5,4.949747468305833,-24.5,-15.170278637770899,-4.949747468305833,INSUFFICIENT_HISTORY
2026-06-15,H002,S010,Breathlessness,10.0,2,9.0,7.0710678118654755,1.0,11.11111111111111,0.1414213562373095,INSUFFICIENT_HISTORY
2026-06-15,H002,S011,Chest Pain,2.0,2,2.0,0.0,0.0,0.0,0.0,INSUFFICIENT_HISTORY
2026-06-15,H002,S012,Loss of Taste,29.0,2,33.0,7.0710678118654755,-4.0,-12.121212121212121,-0.565685424949238,INSUFFICIENT_HISTORY
2026-06-15,H002,S013,Loss of Smell,26.0,2,35.5,12.020815280171307,-9.5,-26.76056338028169,-0.7902958142673179,INSUFFICIENT_HISTORY
2026-06-15,H002,S014,Muscle Pain,347.0,2,344.0,15.556349186104045,3.0,0.872093023255814,0.19284730395996752,INSUFFICIENT_HISTORY
2026-06-15,H002,S015,Joint Pain,145.0,2,133.5,19.091883092036785,11.5,8.614232209737828,0.6023502210107626,INSUFFICIENT_HISTORY
2026-06-15,H002,S016,Retro-orbital Pain,112.0,2,103.5,14.849242404917497,8.5,8.212560386473431,0.5724197752462528,INSUFFICIENT_HISTORY
2026-06-15,H002,S017,Rash,56.0,2,41.5,2.1213203435596424,14.5,34.93975903614458,6.83536555146996,INSUFFICIENT_HISTORY
2026-06-15,H002,S018,Nausea,136.0,2,99.5,14.849242404917497,36.5,36.68341708542713,2.4580378584103797,INSUFFICIENT_HISTORY
2026-06-15,H002,S019,Vomiting,174.0,2,141.5,3.5355339059327378,32.5,22.968197879858657,9.192388155425117,INSUFFICIENT_HISTORY
2026-06-15,H002,S020,Diarrhoea,135.0,2,121.5,2.1213203435596424,13.5,11.11111111111111,6.3639610306789285,INSUFFICIENT_HISTORY
2026-06-15,H002,S021,Abdominal Pain,94.0,2,83.5,0.7071067811865476,10.5,12.574850299401197,14.849242404917497,INSUFFICIENT_HISTORY
2026-06-15,H002,S022,Loss of Appetite,33.0,2,35.0,8.48528137423857,-2.0,-5.714285714285714,-0.23570226039551587,INSUFFICIENT_HISTORY
2026-06-15,H002,S023,Weight Loss,9.0,2,3.0,0.0,6.0,200.0,inf,INSUFFICIENT_HISTORY
2026-06-15,H002,S024,Night Sweats,14.0,2,9.5,0.7071067811865476,4.5,47.368421052631575,6.363961030678928,INSUFFICIENT_HISTORY
2026-06-15,H002,S025,Bleeding,3.0,2,3.5,2.1213203435596424,-0.5,-14.285714285714285,-0.23570226039551587,INSUFFICIENT_HISTORY
2026-06-15,H002,S026,Anaemia,2.0,2,1.0,0.0,1.0,100.0,inf,INSUFFICIENT_HISTORY
2026-06-15,H002,S027,Dehydration,1.0,2,3.0,1.4142135623730951,-2.0,-66.66666666666666,-1.414213562373095,INSUFFICIENT_HISTORY
2026-06-15,H003,S001,Fever,916.0,2,920.0,0.0,-4.0,-0.43478260869565216,-inf,INSUFFICIENT_HISTORY
2026-06-15,H003,S002,Headache,501.0,2,473.5,19.091883092036785,27.5,5.807814149947202,1.4404027024170412,INSUFFICIENT_HISTORY
2026-06-15,H003,S003,Fatigue,202.0,2,200.5,12.020815280171307,1.5,0.7481296758104738,0.12478354962115545,INSUFFICIENT_HISTORY
2026-06-15,H003,S004,Chills,143.0,2,148.0,2.8284271247461903,-5.0,-3.3783783783783785,-1.7677669529663687,INSUFFICIENT_HISTORY
2026-06-15,H003,S005,Sweating,143.0,2,148.0,2.8284271247461903,-5.0,-3.3783783783783785,-1.7677669529663687,INSUFFICIENT_HISTORY
2026-06-15,H003,S006,Dry Cough,382.0,2,404.5,14.849242404917497,-22.5,-5.562422744128554,-1.5152288168283161,INSUFFICIENT_HISTORY
2026-06-15,H003,S007,Persistent Cough,31.0,2,31.5,0.7071067811865476,-0.5,-1.5873015873015872,-0.7071067811865475,INSUFFICIENT_HISTORY
2026-06-15,H003,S008,Sore Throat,229.0,2,257.0,8.48528137423857,-28.0,-10.894941634241246,-3.299831645537222,INSUFFICIENT_HISTORY
2026-06-15,H003,S009,Runny Nose,150.0,2,153.0,22.627416997969522,-3.0,-1.9607843137254901,-0.13258252147247765,INSUFFICIENT_HISTORY
2026-06-15,H003,S010,Breathlessness,4.0,2,9.0,4.242640687119285,-5.0,-55.55555555555556,-1.1785113019775793,INSUFFICIENT_HISTORY
2026-06-15,H003,S011,Chest Pain,4.0,2,1.5,2.1213203435596424,2.5,166.66666666666669,1.1785113019775793,INSUFFICIENT_HISTORY
2026-06-15,H003,S012,Loss of Taste,24.0,2,26.0,9.899494936611665,-2.0,-7.6923076923076925,-0.20203050891044214,INSUFFICIENT_HISTORY
2026-06-15,H003,S013,Loss of Smell,25.0,2,26.5,7.7781745930520225,-1.5,-5.660377358490567,-0.19284730395996752,INSUFFICIENT_HISTORY
2026-06-15,H003,S014,Muscle Pain,447.0,2,446.0,14.142135623730951,1.0,0.2242152466367713,0.07071067811865475,INSUFFICIENT_HISTORY
2026-06-15,H003,S015,Joint Pain,209.0,2,205.5,13.435028842544403,3.5,1.70316301703163,0.2605130246476754,INSUFFICIENT_HISTORY
2026-06-15,H003,S016,Retro-orbital Pain,178.0,2,157.0,2.8284271247461903,21.0,13.375796178343949,7.424621202458749,INSUFFICIENT_HISTORY
2026-06-15,H003,S017,Rash,70.0,2,65.0,16.97056274847714,5.0,7.6923076923076925,0.2946278254943948,INSUFFICIENT_HISTORY
2026-06-15,H003,S018,Nausea,157.0,2,149.5,20.506096654409877,7.5,5.016722408026756,0.36574488682062806,INSUFFICIENT_HISTORY
2026-06-15,H003,S019,Vomiting,197.0,2,195.5,12.020815280171307,1.5,0.7672634271099744,0.12478354962115545,INSUFFICIENT_HISTORY
2026-06-15,H003,S020,Diarrhoea,151.0,2,148.5,7.7781745930520225,2.5,1.6835016835016834,0.32141217326661253,INSUFFICIENT_HISTORY
2026-06-15,H003,S021,Abdominal Pain,111.0,2,106.0,14.142135623730951,5.0,4.716981132075472,0.35355339059327373,INSUFFICIENT_HISTORY
2026-06-15,H003,S022,Loss of Appetite,39.0,2,42.0,2.8284271247461903,-3.0,-7.142857142857142,-1.0606601717798212,INSUFFICIENT_HISTORY
2026-06-15,H003,S023,Weight Loss,8.0,2,3.5,3.5355339059327378,4.5,128.57142857142858,1.2727922061357855,INSUFFICIENT_HISTORY
2026-06-15,H003,S024,Night Sweats,15.0,2,8.5,3.5355339059327378,6.5,76.47058823529412,1.8384776310850235,INSUFFICIENT_HISTORY
2026-06-15,H003,S025,Bleeding,5.0,2,2.5,0.7071067811865476,2.5,100.0,3.5355339059327373,INSUFFICIENT_HISTORY
2026-06-15,H003,S026,Anaemia,5.0,2,2.5,0.7071067811865476,2.5,100.0,3.5355339059327373,INSUFFICIENT_HISTORY
2026-06-15,H003,S027,Dehydration,8.0,2,7.5,3.5355339059327378,0.5,6.666666666666667,0.1414213562373095,INSUFFICIENT_HISTORY
2026-06-15,H004,S001,Fever,873.0,2,887.0,4.242640687119285,-14.0,-1.5783540022547913,-3.299831645537222,INSUFFICIENT_HISTORY
2026-06-15,H004,S002,Headache,428.0,2,442.0,18.384776310850235,-14.0,-3.167420814479638,-0.7614996105085897,INSUFFICIENT_HISTORY
2026-06-15,H004,S003,Fatigue,213.0,2,218.5,10.606601717798213,-5.5,-2.517162471395881,-0.5185449728701348,INSUFFICIENT_HISTORY
2026-06-15,H004,S004,Chills,120.0,2,130.5,4.949747468305833,-10.5,-8.045977011494253,-2.1213203435596424,INSUFFICIENT_HISTORY
2026-06-15,H004,S005,Sweating,120.0,2,130.5,4.949747468305833,-10.5,-8.045977011494253,-2.1213203435596424,INSUFFICIENT_HISTORY
2026-06-15,H004,S006,Dry Cough,453.0,2,433.0,29.698484809834994,20.0,4.618937644341801,0.6734350297014738,INSUFFICIENT_HISTORY
2026-06-15,H004,S007,Persistent Cough,25.0,2,34.5,2.1213203435596424,-9.5,-27.536231884057973,-4.478342947514801,INSUFFICIENT_HISTORY
2026-06-15,H004,S008,Sore Throat,285.0,2,278.0,24.041630560342615,7.0,2.5179856115107913,0.29116161578269606,INSUFFICIENT_HISTORY
2026-06-15,H004,S009,Runny Nose,163.0,2,167.0,11.313708498984761,-4.0,-2.3952095808383236,-0.35355339059327373,INSUFFICIENT_HISTORY
2026-06-15,H004,S010,Breathlessness,9.0,2,10.5,0.7071067811865476,-1.5,-14.285714285714285,-2.1213203435596424,INSUFFICIENT_HISTORY
2026-06-15,H004,S011,Chest Pain,2.0,2,4.0,0.0,-2.0,-50.0,-inf,INSUFFICIENT_HISTORY
2026-06-15,H004,S012,Loss of Taste,32.0,2,31.0,4.242640687119285,1.0,3.225806451612903,0.23570226039551587,INSUFFICIENT_HISTORY
2026-06-15,H004,S013,Loss of Smell,31.0,2,32.5,2.1213203435596424,-1.5,-4.615384615384616,-0.7071067811865476,INSUFFICIENT_HISTORY
2026-06-15,H004,S014,Muscle Pain,381.0,2,405.5,10.606601717798213,-24.5,-6.041923551171394,-2.3098821518760553,INSUFFICIENT_HISTORY
2026-06-15,H004,S015,Joint Pain,144.0,2,168.0,1.4142135623730951,-24.0,-14.285714285714285,-16.97056274847714,INSUFFICIENT_HISTORY
2026-06-15,H004,S016,Retro-orbital Pain,130.0,2,143.5,24.748737341529164,-13.5,-9.40766550522648,-0.5454823740581938,INSUFFICIENT_HISTORY
2026-06-15,H004,S017,Rash,56.0,2,54.0,4.242640687119285,2.0,3.7037037037037033,0.47140452079103173,INSUFFICIENT_HISTORY
2026-06-15,H004,S018,Nausea,169.0,2,147.5,13.435028842544403,21.5,14.576271186440678,1.6002942942642917,INSUFFICIENT_HISTORY
2026-06-15,H004,S019,Vomiting,215.0,2,197.5,4.949747468305833,17.5,8.860759493670885,3.5355339059327378,INSUFFICIENT_HISTORY
2026-06-15,H004,S020,Diarrhoea,174.0,2,154.5,6.363961030678928,19.5,12.62135922330097,3.064129385141706,INSUFFICIENT_HISTORY
2026-06-15,H004,S021,Abdominal Pain,129.0,2,99.5,9.192388155425117,29.5,29.64824120603015,3.209176930000485,INSUFFICIENT_HISTORY
2026-06-15,H004,S022,Loss of Appetite,41.0,2,32.5,4.949747468305833,8.5,26.153846153846157,1.7172593257387583,INSUFFICIENT_HISTORY
2026-06-15,H004,S023,Weight Loss,5.0,2,7.5,2.1213203435596424,-2.5,-33.33333333333333,-1.1785113019775793,INSUFFICIENT_HISTORY
2026-06-15,H004,S024,Night Sweats,10.0,2,13.0,1.4142135623730951,-3.0,-23.076923076923077,-2.1213203435596424,INSUFFICIENT_HISTORY
2026-06-15,H004,S025,Bleeding,0.0,2,3.0,1.4142135623730951,-3.0,-100.0,-2.1213203435596424,INSUFFICIENT_HISTORY
2026-06-15,H004,S026,Anaemia,5.0,2,2.5,0.7071067811865476,2.5,100.0,3.5355339059327373,INSUFFICIENT_HISTORY
2026-06-15,H004,S027,Dehydration,5.0,2,6.0,1.4142135623730951,-1.0,-16.666666666666664,-0.7071067811865475,INSUFFICIENT_HISTORY
2026-06-15,H005,S001,Fever,783.0,2,790.5,6.363961030678928,-7.5,-0.9487666034155597,-1.1785113019775793,INSUFFICIENT_HISTORY
2026-06-15,H005,S002,Headache,389.0,2,437.0,35.35533905932738,-48.0,-10.983981693363845,-1.357645019878171,INSUFFICIENT_HISTORY
2026-06-15,H005,S003,Fatigue,201.0,2,171.5,7.7781745930520225,29.5,17.20116618075802,3.792663644546028,INSUFFICIENT_HISTORY
2026-06-15,H005,S004,Chills,120.0,2,118.5,6.363961030678928,1.5,1.2658227848101267,0.23570226039551584,INSUFFICIENT_HISTORY
2026-06-15,H005,S005,Sweating,120.0,2,118.5,6.363961030678928,1.5,1.2658227848101267,0.23570226039551584,INSUFFICIENT_HISTORY
2026-06-15,H005,S006,Dry Cough,365.0,2,359.0,5.656854249492381,6.0,1.6713091922005572,1.0606601717798212,INSUFFICIENT_HISTORY
2026-06-15,H005,S007,Persistent Cough,33.0,2,25.0,5.656854249492381,8.0,32.0,1.414213562373095,INSUFFICIENT_HISTORY
2026-06-15,H005,S008,Sore Throat,249.0,2,234.0,5.656854249492381,15.0,6.41025641025641,2.651650429449553,INSUFFICIENT_HISTORY
2026-06-15,H005,S009,Runny Nose,140.0,2,154.5,7.7781745930520225,-14.5,-9.385113268608414,-1.8641906049463526,INSUFFICIENT_HISTORY
2026-06-15,H005,S010,Breathlessness,14.0,2,11.0,7.0710678118654755,3.0,27.27272727272727,0.4242640687119285,INSUFFICIENT_HISTORY
2026-06-15,H005,S011,Chest Pain,3.0,2,1.5,0.7071067811865476,1.5,100.0,2.1213203435596424,INSUFFICIENT_HISTORY
2026-06-15,H005,S012,Loss of Taste,32.0,2,22.0,11.313708498984761,10.0,45.45454545454545,0.8838834764831843,INSUFFICIENT_HISTORY
2026-06-15,H005,S013,Loss of Smell,33.0,2,24.5,13.435028842544403,8.5,34.69387755102041,0.6326744884300688,INSUFFICIENT_HISTORY
2026-06-15,H005,S014,Muscle Pain,336.0,2,389.0,32.526911934581186,-53.0,-13.624678663239074,-1.629419974038566,INSUFFICIENT_HISTORY
2026-06-15,H005,S015,Joint Pain,131.0,2,160.0,1.4142135623730951,-29.0,-18.125,-20.506096654409877,INSUFFICIENT_HISTORY
2026-06-15,H005,S016,Retro-orbital Pain,122.0,2,144.5,3.5355339059327378,-22.5,-15.570934256055363,-6.363961030678928,INSUFFICIENT_HISTORY
2026-06-15,H005,S017,Rash,44.0,2,62.0,1.4142135623730951,-18.0,-29.03225806451613,-12.727922061357855,INSUFFICIENT_HISTORY
2026-06-15,H005,S018,Nausea,130.0,2,154.5,17.67766952966369,-24.5,-15.857605177993527,-1.3859292911256331,INSUFFICIENT_HISTORY
2026-06-15,H005,S019,Vomiting,181.0,2,189.5,10.606601717798213,-8.5,-4.485488126649076,-0.8013876853447538,INSUFFICIENT_HISTORY
2026-06-15,H005,S020,Diarrhoea,149.0,2,154.5,7.7781745930520225,-5.5,-3.559870550161812,-0.7071067811865476,INSUFFICIENT_HISTORY
2026-06-15,H005,S021,Abdominal Pain,114.0,2,99.0,12.727922061357855,15.0,15.151515151515152,1.1785113019775793,INSUFFICIENT_HISTORY
2026-06-15,H005,S022,Loss of Appetite,44.0,2,36.0,2.8284271247461903,8.0,22.22222222222222,2.82842712474619,INSUFFICIENT_HISTORY
2026-06-15,H005,S023,Weight Loss,6.0,2,5.5,0.7071067811865476,0.5,9.090909090909092,0.7071067811865475,INSUFFICIENT_HISTORY
2026-06-15,H005,S024,Night Sweats,12.0,2,11.5,0.7071067811865476,0.5,4.3478260869565215,0.7071067811865475,INSUFFICIENT_HISTORY
2026-06-15,H005,S025,Bleeding,5.0,2,4.5,2.1213203435596424,0.5,11.11111111111111,0.23570226039551587,INSUFFICIENT_HISTORY
2026-06-15,H005,S026,Anaemia,4.0,2,2.5,0.7071067811865476,1.5,60.0,2.1213203435596424,INSUFFICIENT_HISTORY
2026-06-15,H005,S027,Dehydration,12.0,2,3.5,0.7071067811865476,8.5,242.85714285714283,12.020815280171307,INSUFFICIENT_HISTORY
2026-06-15,H006,S001,Fever,633.0,2,636.5,0.7071067811865476,-3.5,-0.5498821681068342,-4.949747468305833,INSUFFICIENT_HISTORY
2026-06-15,H006,S002,Headache,341.0,2,322.5,16.263455967290593,18.5,5.736434108527131,1.1375196045174896,INSUFFICIENT_HISTORY
2026-06-15,H006,S003,Fatigue,135.0,2,163.5,0.7071067811865476,-28.5,-17.431192660550458,-40.30508652763321,INSUFFICIENT_HISTORY
2026-06-15,H006,S004,Chills,103.0,2,96.0,29.698484809834994,7.0,7.291666666666667,0.23570226039551587,INSUFFICIENT_HISTORY
2026-06-15,H006,S005,Sweating,103.0,2,96.0,29.698484809834994,7.0,7.291666666666667,0.23570226039551587,INSUFFICIENT_HISTORY
2026-06-15,H006,S006,Dry Cough,292.0,2,286.0,31.11269837220809,6.0,2.097902097902098,0.19284730395996752,INSUFFICIENT_HISTORY
2026-06-15,H006,S007,Persistent Cough,27.0,2,37.5,7.7781745930520225,-10.5,-28.000000000000004,-1.3499311277197725,INSUFFICIENT_HISTORY
2026-06-15,H006,S008,Sore Throat,170.0,2,186.5,10.606601717798213,-16.5,-8.847184986595174,-1.5556349186104046,INSUFFICIENT_HISTORY
2026-06-15,H006,S009,Runny Nose,110.0,2,102.5,9.192388155425117,7.5,7.317073170731707,0.8158924398306318,INSUFFICIENT_HISTORY
2026-06-15,H006,S010,Breathlessness,7.0,2,9.0,1.4142135623730951,-2.0,-22.22222222222222,-1.414213562373095,INSUFFICIENT_HISTORY
2026-06-15,H006,S011,Chest Pain,2.0,2,2.0,2.8284271247461903,0.0,0.0,0.0,INSUFFICIENT_HISTORY
2026-06-15,H006,S012,Loss of Taste,13.0,2,25.5,6.363961030678928,-12.5,-49.01960784313725,-1.9641855032959654,INSUFFICIENT_HISTORY
2026-06-15,H006,S013,Loss of Smell,10.0,2,27.0,5.656854249492381,-17.0,-62.96296296296296,-3.005203820042827,INSUFFICIENT_HISTORY
2026-06-15,H006,S014,Muscle Pain,292.0,2,296.5,23.33452377915607,-4.5,-1.5177065767284992,-0.1928473039599675,INSUFFICIENT_HISTORY
2026-06-15,H006,S015,Joint Pain,129.0,2,141.0,2.8284271247461903,-12.0,-8.51063829787234,-4.242640687119285,INSUFFICIENT_HISTORY
2026-06-15,H006,S016,Retro-orbital Pain,102.0,2,103.0,0.0,-1.0,-0.9708737864077669,-inf,INSUFFICIENT_HISTORY
2026-06-15,H006,S017,Rash,45.0,2,44.0,0.0,1.0,2.272727272727273,inf,INSUFFICIENT_HISTORY
2026-06-15,H006,S018,Nausea,101.0,2,96.5,4.949747468305833,4.5,4.66321243523316,0.9091372900969896,INSUFFICIENT_HISTORY
2026-06-15,H006,S019,Vomiting,135.0,2,134.5,4.949747468305833,0.5,0.37174721189591076,0.10101525445522107,INSUFFICIENT_HISTORY
2026-06-15,H006,S020,Diarrhoea,107.0,2,105.0,0.0,2.0,1.9047619047619049,inf,INSUFFICIENT_HISTORY
2026-06-15,H006,S021,Abdominal Pain,84.0,2,74.0,7.0710678118654755,10.0,13.513513513513514,1.414213562373095,INSUFFICIENT_HISTORY
2026-06-15,H006,S022,Loss of Appetite,30.0,2,26.0,0.0,4.0,15.384615384615385,inf,INSUFFICIENT_HISTORY
2026-06-15,H006,S023,Weight Loss,3.0,2,4.0,4.242640687119285,-1.0,-25.0,-0.23570226039551587,INSUFFICIENT_HISTORY
2026-06-15,H006,S024,Night Sweats,9.0,2,9.5,2.1213203435596424,-0.5,-5.263157894736842,-0.23570226039551587,INSUFFICIENT_HISTORY
2026-06-15,H006,S025,Bleeding,4.0,2,1.0,0.0,3.0,300.0,inf,INSUFFICIENT_HISTORY
2026-06-15,H006,S026,Anaemia,0.0,2,3.0,0.0,-3.0,-100.0,-inf,INSUFFICIENT_HISTORY
2026-06-15,H006,S027,Dehydration,3.0,2,4.5,4.949747468305833,-1.5,-33.33333333333333,-0.30304576336566325,INSUFFICIENT_HISTORY
2026-06-15,H007,S001,Fever,565.0,2,580.5,6.363961030678928,-15.5,-2.670111972437554,-2.435590024086997,INSUFFICIENT_HISTORY
2026-06-15,H007,S002,Headache,285.0,2,298.5,9.192388155425117,-13.5,-4.522613065326634,-1.4686063916951373,INSUFFICIENT_HISTORY
2026-06-15,H007,S003,Fatigue,129.0,2,146.0,11.313708498984761,-17.0,-11.643835616438356,-1.5026019100214134,INSUFFICIENT_HISTORY
2026-06-15,H007,S004,Chills,84.0,2,85.0,2.8284271247461903,-1.0,-1.1764705882352942,-0.35355339059327373,INSUFFICIENT_HISTORY
2026-06-15,H007,S005,Sweating,84.0,2,85.0,2.8284271247461903,-1.0,-1.1764705882352942,-0.35355339059327373,INSUFFICIENT_HISTORY
2026-06-15,H007,S006,Dry Cough,299.0,2,289.0,7.0710678118654755,10.0,3.4602076124567476,1.414213562373095,INSUFFICIENT_HISTORY
2026-06-15,H007,S007,Persistent Cough,19.0,2,22.0,4.242640687119285,-3.0,-13.636363636363635,-0.7071067811865476,INSUFFICIENT_HISTORY
2026-06-15,H007,S008,Sore Throat,201.0,2,184.0,4.242640687119285,17.0,9.239130434782608,4.00693842672377,INSUFFICIENT_HISTORY
2026-06-15,H007,S009,Runny Nose,121.0,2,115.5,12.020815280171307,5.5,4.761904761904762,0.45753968194423666,INSUFFICIENT_HISTORY
2026-06-15,H007,S010,Breathlessness,9.0,2,8.5,0.7071067811865476,0.5,5.88235294117647,0.7071067811865475,INSUFFICIENT_HISTORY
2026-06-15,H007,S011,Chest Pain,2.0,2,3.0,1.4142135623730951,-1.0,-33.33333333333333,-0.7071067811865475,INSUFFICIENT_HISTORY
2026-06-15,H007,S012,Loss of Taste,24.0,2,19.0,5.656854249492381,5.0,26.31578947368421,0.8838834764831843,INSUFFICIENT_HISTORY
2026-06-15,H007,S013,Loss of Smell,20.0,2,21.0,8.48528137423857,-1.0,-4.761904761904762,-0.11785113019775793,INSUFFICIENT_HISTORY
2026-06-15,H007,S014,Muscle Pain,269.0,2,257.0,18.384776310850235,12.0,4.669260700389105,0.6527139518645054,INSUFFICIENT_HISTORY
2026-06-15,H007,S015,Joint Pain,106.0,2,107.5,12.020815280171307,-1.5,-1.3953488372093024,-0.12478354962115545,INSUFFICIENT_HISTORY
2026-06-15,H007,S016,Retro-orbital Pain,79.0,2,79.5,2.1213203435596424,-0.5,-0.628930817610063,-0.23570226039551587,INSUFFICIENT_HISTORY
2026-06-15,H007,S017,Rash,26.0,2,32.5,0.7071067811865476,-6.5,-20.0,-9.192388155425117,INSUFFICIENT_HISTORY
2026-06-15,H007,S018,Nausea,82.0,2,91.0,19.79898987322333,-9.0,-9.89010989010989,-0.4545686450484948,INSUFFICIENT_HISTORY
2026-06-15,H007,S019,Vomiting,113.0,2,122.0,4.242640687119285,-9.0,-7.377049180327869,-2.121320343559643,INSUFFICIENT_HISTORY
2026-06-15,H007,S020,Diarrhoea,93.0,2,95.0,0.0,-2.0,-2.1052631578947367,-inf,INSUFFICIENT_HISTORY
2026-06-15,H007,S021,Abdominal Pain,61.0,2,73.0,0.0,-12.0,-16.43835616438356,-inf,INSUFFICIENT_HISTORY
2026-06-15,H007,S022,Loss of Appetite,24.0,2,25.5,7.7781745930520225,-1.5,-5.88235294117647,-0.19284730395996752,INSUFFICIENT_HISTORY
2026-06-15,H007,S023,Weight Loss,2.0,2,5.5,0.7071067811865476,-3.5,-63.63636363636363,-4.949747468305833,INSUFFICIENT_HISTORY
2026-06-15,H007,S024,Night Sweats,7.0,2,10.5,3.5355339059327378,-3.5,-33.33333333333333,-0.9899494936611665,INSUFFICIENT_HISTORY
2026-06-15,H007,S025,Bleeding,2.0,2,1.0,0.0,1.0,100.0,inf,INSUFFICIENT_HISTORY
2026-06-15,H007,S026,Anaemia,0.0,2,2.5,0.7071067811865476,-2.5,-100.0,-3.5355339059327373,INSUFFICIENT_HISTORY
2026-06-15,H007,S027,Dehydration,2.0,2,2.5,2.1213203435596424,-0.5,-20.0,-0.23570226039551587,INSUFFICIENT_HISTORY
2026-06-15,H008,S001,Fever,649.0,2,673.0,33.94112549695428,-24.0,-3.566121842496285,-0.7071067811865476,INSUFFICIENT_HISTORY
2026-06-15,H008,S002,Headache,328.0,2,327.5,24.748737341529164,0.5,0.15267175572519084,0.020203050891044214,INSUFFICIENT_HISTORY
2026-06-15,H008,S003,Fatigue,182.0,2,153.5,16.263455967290593,28.5,18.566775244299674,1.7523950664188352,INSUFFICIENT_HISTORY
2026-06-15,H008,S004,Chills,92.0,2,101.5,2.1213203435596424,-9.5,-9.35960591133005,-4.478342947514801,INSUFFICIENT_HISTORY
2026-06-15,H008,S005,Sweating,92.0,2,101.5,2.1213203435596424,-9.5,-9.35960591133005,-4.478342947514801,INSUFFICIENT_HISTORY
2026-06-15,H008,S006,Dry Cough,323.0,2,318.5,20.506096654409877,4.5,1.4128728414442702,0.21944693209237684,INSUFFICIENT_HISTORY
2026-06-15,H008,S007,Persistent Cough,27.0,2,20.0,1.4142135623730951,7.0,35.0,4.949747468305833,INSUFFICIENT_HISTORY
2026-06-15,H008,S008,Sore Throat,219.0,2,206.5,26.16295090390226,12.5,6.053268765133172,0.47777485215307264,INSUFFICIENT_HISTORY
2026-06-15,H008,S009,Runny Nose,120.0,2,122.0,2.8284271247461903,-2.0,-1.639344262295082,-0.7071067811865475,INSUFFICIENT_HISTORY
2026-06-15,H008,S010,Breathlessness,11.0,2,11.0,7.0710678118654755,0.0,0.0,0.0,INSUFFICIENT_HISTORY
2026-06-15,H008,S011,Chest Pain,2.0,2,1.0,0.0,1.0,100.0,inf,INSUFFICIENT_HISTORY
2026-06-15,H008,S012,Loss of Taste,29.0,2,31.5,14.849242404917497,-2.5,-7.936507936507936,-0.16835875742536846,INSUFFICIENT_HISTORY
2026-06-15,H008,S013,Loss of Smell,26.0,2,31.5,13.435028842544403,-5.5,-17.46031746031746,-0.4093776101606328,INSUFFICIENT_HISTORY
2026-06-15,H008,S014,Muscle Pain,293.0,2,323.5,16.263455967290593,-30.5,-9.428129829984544,-1.8753701587991043,INSUFFICIENT_HISTORY
2026-06-15,H008,S015,Joint Pain,134.0,2,136.0,8.48528137423857,-2.0,-1.4705882352941175,-0.23570226039551587,INSUFFICIENT_HISTORY
2026-06-15,H008,S016,Retro-orbital Pain,100.0,2,120.0,12.727922061357855,-20.0,-16.666666666666664,-1.5713484026367723,INSUFFICIENT_HISTORY
2026-06-15,H008,S017,Rash,54.0,2,42.5,4.949747468305833,11.5,27.058823529411764,2.3233508524700848,INSUFFICIENT_HISTORY
2026-06-15,H008,S018,Nausea,111.0,2,100.0,11.313708498984761,11.0,11.0,0.9722718241315028,INSUFFICIENT_HISTORY
2026-06-15,H008,S019,Vomiting,143.0,2,133.5,2.1213203435596424,9.5,7.116104868913857,4.478342947514801,INSUFFICIENT_HISTORY
2026-06-15,H008,S020,Diarrhoea,113.0,2,96.0,1.4142135623730951,17.0,17.708333333333336,12.020815280171307,INSUFFICIENT_HISTORY
2026-06-15,H008,S021,Abdominal Pain,82.0,2,62.0,2.8284271247461903,20.0,32.25806451612903,7.071067811865475,INSUFFICIENT_HISTORY
2026-06-15,H008,S022,Loss of Appetite,21.0,2,23.5,0.7071067811865476,-2.5,-10.638297872340425,-3.5355339059327373,INSUFFICIENT_HISTORY
2026-06-15,H008,S023,Weight Loss,4.0,2,1.5,0.7071067811865476,2.5,166.66666666666669,3.5355339059327373,INSUFFICIENT_HISTORY
2026-06-15,H008,S024,Night Sweats,6.0,2,4.0,0.0,2.0,50.0,inf,INSUFFICIENT_HISTORY
2026-06-15,H008,S025,Bleeding,0.0,2,2.5,2.1213203435596424,-2.5,-100.0,-1.1785113019775793,INSUFFICIENT_HISTORY
2026-06-15,H008,S026,Anaemia,1.0,2,2.5,2.1213203435596424,-1.5,-60.0,-0.7071067811865476,INSUFFICIENT_HISTORY
2026-06-15,H008,S027,Dehydration,5.0,2,3.0,4.242640687119285,2.0,66.66666666666666,0.47140452079103173,INSUFFICIENT_HISTORY
2026-06-15,H009,S001,Fever,515.0,2,527.5,0.7071067811865476,-12.5,-2.3696682464454977,-17.677669529663685,INSUFFICIENT_HISTORY
2026-06-15,H009,S002,Headache,264.0,2,285.5,3.5355339059327378,-21.5,-7.530647985989491,-6.081118318204308,INSUFFICIENT_HISTORY
2026-06-15,H009,S003,Fatigue,108.0,2,131.0,8.48528137423857,-23.0,-17.557251908396946,-2.7105759945484325,INSUFFICIENT_HISTORY
2026-06-15,H009,S004,Chills,87.0,2,86.5,17.67766952966369,0.5,0.5780346820809248,0.0282842712474619,INSUFFICIENT_HISTORY
2026-06-15,H009,S005,Sweating,87.0,2,86.5,17.67766952966369,0.5,0.5780346820809248,0.0282842712474619,INSUFFICIENT_HISTORY
2026-06-15,H009,S006,Dry Cough,201.0,2,228.5,0.7071067811865476,-27.5,-12.035010940919037,-38.89087296526011,INSUFFICIENT_HISTORY
2026-06-15,H009,S007,Persistent Cough,22.0,2,16.0,2.8284271247461903,6.0,37.5,2.1213203435596424,INSUFFICIENT_HISTORY
2026-06-15,H009,S008,Sore Throat,133.0,2,142.5,4.949747468305833,-9.5,-6.666666666666667,-1.9192898346492004,INSUFFICIENT_HISTORY
2026-06-15,H009,S009,Runny Nose,67.0,2,80.0,0.0,-13.0,-16.25,-inf,INSUFFICIENT_HISTORY
2026-06-15,H009,S010,Breathlessness,6.0,2,6.5,0.7071067811865476,-0.5,-7.6923076923076925,-0.7071067811865475,INSUFFICIENT_HISTORY
2026-06-15,H009,S011,Chest Pain,1.0,2,1.0,1.4142135623730951,0.0,0.0,0.0,INSUFFICIENT_HISTORY
2026-06-15,H009,S012,Loss of Taste,14.0,2,15.0,4.242640687119285,-1.0,-6.666666666666667,-0.23570226039551587,INSUFFICIENT_HISTORY
2026-06-15,H009,S013,Loss of Smell,17.0,2,21.0,7.0710678118654755,-4.0,-19.047619047619047,-0.565685424949238,INSUFFICIENT_HISTORY
2026-06-15,H009,S014,Muscle Pain,237.0,2,250.0,25.45584412271571,-13.0,-5.2,-0.510688230856951,INSUFFICIENT_HISTORY
2026-06-15,H009,S015,Joint Pain,111.0,2,119.0,8.48528137423857,-8.0,-6.722689075630252,-0.9428090415820635,INSUFFICIENT_HISTORY
2026-06-15,H009,S016,Retro-orbital Pain,89.0,2,87.5,6.363961030678928,1.5,1.7142857142857144,0.23570226039551584,INSUFFICIENT_HISTORY
2026-06-15,H009,S017,Rash,30.0,2,40.0,2.8284271247461903,-10.0,-25.0,-3.5355339059327373,INSUFFICIENT_HISTORY
2026-06-15,H009,S018,Nausea,91.0,2,86.5,3.5355339059327378,4.5,5.202312138728324,1.2727922061357855,INSUFFICIENT_HISTORY
2026-06-15,H009,S019,Vomiting,138.0,2,119.5,9.192388155425117,18.5,15.481171548117153,2.0125346849155585,INSUFFICIENT_HISTORY
2026-06-15,H009,S020,Diarrhoea,110.0,2,96.0,4.242640687119285,14.0,14.583333333333334,3.299831645537222,INSUFFICIENT_HISTORY
2026-06-15,H009,S021,Abdominal Pain,84.0,2,64.5,4.949747468305833,19.5,30.23255813953488,3.939594923753622,INSUFFICIENT_HISTORY
2026-06-15,H009,S022,Loss of Appetite,33.0,2,27.5,2.1213203435596424,5.5,20.0,2.5927248643506746,INSUFFICIENT_HISTORY
2026-06-15,H009,S023,Weight Loss,2.0,2,1.5,0.7071067811865476,0.5,33.33333333333333,0.7071067811865475,INSUFFICIENT_HISTORY
2026-06-15,H009,S024,Night Sweats,8.0,2,4.0,1.4142135623730951,4.0,100.0,2.82842712474619,INSUFFICIENT_HISTORY
2026-06-15,H009,S025,Bleeding,3.0,2,2.5,2.1213203435596424,0.5,20.0,0.23570226039551587,INSUFFICIENT_HISTORY
2026-06-15,H009,S026,Anaemia,1.0,2,1.5,0.7071067811865476,-0.5,-33.33333333333333,-0.7071067811865475,INSUFFICIENT_HISTORY
2026-06-15,H009,S027,Dehydration,4.0,2,1.5,2.1213203435596424,2.5,166.66666666666669,1.1785113019775793,INSUFFICIENT_HISTORY
2026-06-15,H010,S001,Fever,799.0,2,836.0,5.656854249492381,-37.0,-4.425837320574163,-6.540737725975564,INSUFFICIENT_HISTORY
2026-06-15,H010,S002,Headache,407.0,2,420.5,6.363961030678928,-13.5,-3.2104637336504163,-2.121320343559643,INSUFFICIENT_HISTORY
2026-06-15,H010,S003,Fatigue,177.0,2,183.0,22.627416997969522,-6.0,-3.278688524590164,-0.2651650429449553,INSUFFICIENT_HISTORY
2026-06-15,H010,S004,Chills,121.0,2,112.5,0.7071067811865476,8.5,7.555555555555555,12.020815280171307,INSUFFICIENT_HISTORY
2026-06-15,H010,S005,Sweating,121.0,2,112.5,0.7071067811865476,8.5,7.555555555555555,12.020815280171307,INSUFFICIENT_HISTORY
2026-06-15,H010,S006,Dry Cough,403.0,2,402.5,12.020815280171307,0.5,0.12422360248447205,0.04159451654038515,INSUFFICIENT_HISTORY
2026-06-15,H010,S007,Persistent Cough,41.0,2,24.0,2.8284271247461903,17.0,70.83333333333334,6.010407640085654,INSUFFICIENT_HISTORY
2026-06-15,H010,S008,Sore Throat,251.0,2,254.0,8.48528137423857,-3.0,-1.1811023622047243,-0.3535533905932738,INSUFFICIENT_HISTORY
2026-06-15,H010,S009,Runny Nose,180.0,2,164.0,22.627416997969522,16.0,9.75609756097561,0.7071067811865475,INSUFFICIENT_HISTORY
2026-06-15,H010,S010,Breathlessness,5.0,2,12.0,1.4142135623730951,-7.0,-58.333333333333336,-4.949747468305833,INSUFFICIENT_HISTORY
2026-06-15,H010,S011,Chest Pain,6.0,2,1.0,0.0,5.0,500.0,inf,INSUFFICIENT_HISTORY
2026-06-15,H010,S012,Loss of Taste,21.0,2,32.5,0.7071067811865476,-11.5,-35.38461538461539,-16.263455967290593,INSUFFICIENT_HISTORY
2026-06-15,H010,S013,Loss of Smell,24.0,2,33.0,1.4142135623730951,-9.0,-27.27272727272727,-6.363961030678928,INSUFFICIENT_HISTORY
2026-06-15,H010,S014,Muscle Pain,377.0,2,397.0,11.313708498984761,-20.0,-5.037783375314862,-1.7677669529663687,INSUFFICIENT_HISTORY
2026-06-15,H010,S015,Joint Pain,145.0,2,173.5,4.949747468305833,-28.5,-16.42651296829971,-5.757869503947601,INSUFFICIENT_HISTORY
2026-06-15,H010,S016,Retro-orbital Pain,115.0,2,129.0,8.48528137423857,-14.0,-10.852713178294573,-1.649915822768611,INSUFFICIENT_HISTORY
2026-06-15,H010,S017,Rash,51.0,2,54.5,7.7781745930520225,-3.5,-6.422018348623854,-0.44997704257325755,INSUFFICIENT_HISTORY
2026-06-15,H010,S018,Nausea,149.0,2,139.0,9.899494936611665,10.0,7.194244604316546,1.0101525445522108,INSUFFICIENT_HISTORY
2026-06-15,H010,S019,Vomiting,202.0,2,187.0,0.0,15.0,8.02139037433155,inf,INSUFFICIENT_HISTORY
2026-06-15,H010,S020,Diarrhoea,162.0,2,151.5,7.7781745930520225,10.5,6.9306930693069315,1.3499311277197725,INSUFFICIENT_HISTORY
2026-06-15,H010,S021,Abdominal Pain,108.0,2,105.0,0.0,3.0,2.857142857142857,inf,INSUFFICIENT_HISTORY
2026-06-15,H010,S022,Loss of Appetite,39.0,2,36.0,2.8284271247461903,3.0,8.333333333333332,1.0606601717798212,INSUFFICIENT_HISTORY
2026-06-15,H010,S023,Weight Loss,9.0,2,4.0,0.0,5.0,125.0,inf,INSUFFICIENT_HISTORY
2026-06-15,H010,S024,Night Sweats,14.0,2,13.5,4.949747468305833,0.5,3.7037037037037033,0.10101525445522107,INSUFFICIENT_HISTORY
2026-06-15,H010,S025,Bleeding,5.0,2,3.5,0.7071067811865476,1.5,42.857142857142854,2.1213203435596424,INSUFFICIENT_HISTORY
2026-06-15,H010,S026,Anaemia,3.0,2,3.0,2.8284271247461903,0.0,0.0,0.0,INSUFFICIENT_HISTORY
2026-06-15,H010,S027,Dehydration,3.0,2,4.0,4.242640687119285,-1.0,-25.0,-0.23570226039551587,INSUFFICIENT_HISTORY
2026-06-22,H001,S001,Fever,943.0,3,921.3333333333334,3.055050463303909,21.66666666666663,2.351664254703324,7.092081432669704,INSUFFICIENT_HISTORY
2026-06-22,H001,S002,Headache,485.0,3,465.0,23.065125189341593,20.0,4.301075268817205,0.8671099695241199,INSUFFICIENT_HISTORY
2026-06-22,H001,S003,Fatigue,229.0,3,215.0,2.6457513110645907,14.0,6.511627906976744,5.2915026221291805,INSUFFICIENT_HISTORY
2026-06-22,H001,S004,Chills,128.0,3,137.33333333333334,10.016652800877816,-9.333333333333343,-6.796116504854376,-0.9317816558956111,INSUFFICIENT_HISTORY
2026-06-22,H001,S005,Sweating,128.0,3,137.33333333333334,10.016652800877816,-9.333333333333343,-6.796116504854376,-0.9317816558956111,INSUFFICIENT_HISTORY
2026-06-22,H001,S006,Dry Cough,493.0,3,479.0,13.228756555322953,14.0,2.9227557411273484,1.0583005244258363,INSUFFICIENT_HISTORY
2026-06-22,H001,S007,Persistent Cough,24.0,3,31.0,4.0,-7.0,-22.58064516129032,-1.75,INSUFFICIENT_HISTORY
2026-06-22,H001,S008,Sore Throat,303.0,3,310.6666666666667,20.599352740640494,-7.666666666666686,-2.467811158798289,-0.3721799788175435,INSUFFICIENT_HISTORY
2026-06-22,H001,S009,Runny Nose,197.0,3,177.66666666666666,6.11010092660779,19.333333333333343,10.88180112570357,3.1641594084218894,INSUFFICIENT_HISTORY
2026-06-22,H001,S010,Breathlessness,12.0,3,16.0,2.6457513110645907,-4.0,-25.0,-1.5118578920369088,INSUFFICIENT_HISTORY
2026-06-22,H001,S011,Chest Pain,3.0,3,2.6666666666666665,0.5773502691896258,0.3333333333333335,12.500000000000005,0.577350269189626,INSUFFICIENT_HISTORY
2026-06-22,H001,S012,Loss of Taste,41.0,3,38.333333333333336,5.131601439446883,2.6666666666666643,6.956521739130428,0.5196558419693044,INSUFFICIENT_HISTORY
2026-06-22,H001,S013,Loss of Smell,42.0,3,40.666666666666664,3.0550504633038944,1.3333333333333357,3.27868852459017,0.4364357804719854,INSUFFICIENT_HISTORY
2026-06-22,H001,S014,Muscle Pain,436.0,3,412.3333333333333,8.736894948054099,23.666666666666686,5.739692805173813,2.7088189576936346,INSUFFICIENT_HISTORY
2026-06-22,H001,S015,Joint Pain,164.0,3,163.33333333333334,10.69267662156363,0.6666666666666572,0.4081632653061166,0.062347968638854064,INSUFFICIENT_HISTORY
2026-06-22,H001,S016,Retro-orbital Pain,129.0,3,112.33333333333333,4.932882862316246,16.66666666666667,14.836795252225524,3.3786868919974316,INSUFFICIENT_HISTORY
2026-06-22,H001,S017,Rash,50.0,3,50.0,6.557438524302,0.0,0.0,0.0,INSUFFICIENT_HISTORY
2026-06-22,H001,S018,Nausea,116.0,3,130.66666666666666,10.11599393699568,-14.666666666666657,-11.22448979591836,-1.4498492939016596,INSUFFICIENT_HISTORY
2026-06-22,H001,S019,Vomiting,168.0,3,179.0,4.58257569495584,-11.0,-6.145251396648044,-2.400396792595916,INSUFFICIENT_HISTORY
2026-06-22,H001,S020,Diarrhoea,132.0,3,144.0,7.54983443527075,-12.0,-8.333333333333332,-1.5894388284780525,INSUFFICIENT_HISTORY
2026-06-22,H001,S021,Abdominal Pain,93.0,3,102.0,4.58257569495584,-9.0,-8.823529411764707,-1.9639610121239315,INSUFFICIENT_HISTORY
2026-06-22,H001,S022,Loss of Appetite,38.0,3,41.0,2.0,-3.0,-7.317073170731707,-1.5,INSUFFICIENT_HISTORY
2026-06-22,H001,S023,Weight Loss,6.0,3,3.6666666666666665,1.5275252316519468,2.3333333333333335,63.63636363636365,1.5275252316519468,INSUFFICIENT_HISTORY
2026-06-22,H001,S024,Night Sweats,8.0,3,9.666666666666666,2.886751345948129,-1.666666666666666,-17.241379310344822,-0.5773502691896255,INSUFFICIENT_HISTORY
2026-06-22,H001,S025,Bleeding,3.0,3,3.0,2.6457513110645907,0.0,0.0,0.0,INSUFFICIENT_HISTORY
2026-06-22,H001,S026,Anaemia,6.0,3,2.3333333333333335,0.5773502691896258,3.6666666666666665,157.1428571428571,6.350852961085883,INSUFFICIENT_HISTORY
2026-06-22,H001,S027,Dehydration,3.0,3,4.333333333333333,2.516611478423583,-1.333333333333333,-30.769230769230766,-0.5298129428260174,INSUFFICIENT_HISTORY
2026-06-22,H002,S001,Fever,782.0,3,759.6666666666666,12.85820101465728,22.33333333333337,2.9398859148749503,1.7368940886734645,INSUFFICIENT_HISTORY
2026-06-22,H002,S002,Headache,386.0,3,370.0,13.74772708486752,16.0,4.324324324324325,1.1638287479252927,INSUFFICIENT_HISTORY
2026-06-22,H002,S003,Fatigue,166.0,3,183.66666666666666,6.110100926607783,-17.666666666666657,-9.61887477313974,-2.8913870456268995,INSUFFICIENT_HISTORY
2026-06-22,H002,S004,Chills,104.0,3,98.0,14.422205101855956,6.0,6.122448979591836,0.41602514716892186,INSUFFICIENT_HISTORY
2026-06-22,H002,S005,Sweating,104.0,3,98.0,14.422205101855956,6.0,6.122448979591836,0.41602514716892186,INSUFFICIENT_HISTORY
2026-06-22,H002,S006,Dry Cough,420.0,3,401.0,23.388031127053,19.0,4.738154613466334,0.8123813371371242,INSUFFICIENT_HISTORY
2026-06-22,H002,S007,Persistent Cough,20.0,3,31.666666666666668,2.5166114784235827,-11.666666666666668,-36.8421052631579,-4.635863249727655,INSUFFICIENT_HISTORY
2026-06-22,H002,S008,Sore Throat,288.0,3,262.3333333333333,19.2959408512084,25.666666666666686,9.783989834815763,1.3301588590358537,INSUFFICIENT_HISTORY
2026-06-22,H002,S009,Runny Nose,170.0,3,153.33333333333334,14.571661996262934,16.666666666666657,10.869565217391298,1.1437725271791928,INSUFFICIENT_HISTORY
2026-06-22,H002,S010,Breathlessness,17.0,3,9.333333333333334,5.033222956847166,7.666666666666666,82.14285714285712,1.5232122106248003,INSUFFICIENT_HISTORY
2026-06-22,H002,S011,Chest Pain,0.0,3,2.0,0.0,-2.0,-100.0,-inf,INSUFFICIENT_HISTORY
2026-06-22,H002,S012,Loss of Taste,31.0,3,31.666666666666668,5.507570547286102,-0.6666666666666679,-2.1052631578947407,-0.1210455065337607,INSUFFICIENT_HISTORY
2026-06-22,H002,S013,Loss of Smell,35.0,3,32.333333333333336,10.115993936995679,2.6666666666666643,8.247422680412363,0.26360896252757443,INSUFFICIENT_HISTORY
2026-06-22,H002,S014,Muscle Pain,383.0,3,345.0,11.135528725660043,38.0,11.014492753623188,3.412500738508723,INSUFFICIENT_HISTORY
2026-06-22,H002,S015,Joint Pain,143.0,3,137.33333333333334,15.044378795195675,5.666666666666657,4.126213592233002,0.37666338662492804,INSUFFICIENT_HISTORY
2026-06-22,H002,S016,Retro-orbital Pain,116.0,3,106.33333333333333,11.590225767142474,9.666666666666671,9.090909090909095,0.834036097387424,INSUFFICIENT_HISTORY
2026-06-22,H002,S017,Rash,36.0,3,46.333333333333336,8.504900548115382,-10.333333333333336,-22.3021582733813,-1.2149857925879122,INSUFFICIENT_HISTORY
2026-06-22,H002,S018,Nausea,94.0,3,111.66666666666667,23.544284515213736,-17.66666666666667,-15.820895522388062,-0.7503590374662228,INSUFFICIENT_HISTORY
2026-06-22,H002,S019,Vomiting,140.0,3,152.33333333333334,18.92969448600091,-12.333333333333343,-8.096280087527358,-0.6515336706809622,INSUFFICIENT_HISTORY
2026-06-22,H002,S020,Diarrhoea,102.0,3,126.0,7.937253933193772,-24.0,-19.047619047619047,-3.0237157840738176,INSUFFICIENT_HISTORY
2026-06-22,H002,S021,Abdominal Pain,71.0,3,87.0,6.082762530298219,-16.0,-18.39080459770115,-2.6303837968857167,INSUFFICIENT_HISTORY
2026-06-22,H002,S022,Loss of Appetite,24.0,3,34.333333333333336,6.110100926607787,-10.333333333333336,-30.09708737864078,-1.6911886493289412,INSUFFICIENT_HISTORY
2026-06-22,H002,S023,Weight Loss,1.0,3,5.0,3.4641016151377544,-4.0,-80.0,-1.1547005383792517,INSUFFICIENT_HISTORY
2026-06-22,H002,S024,Night Sweats,7.0,3,11.0,2.6457513110645907,-4.0,-36.36363636363637,-1.5118578920369088,INSUFFICIENT_HISTORY
2026-06-22,H002,S025,Bleeding,1.0,3,3.3333333333333335,1.5275252316519468,-2.3333333333333335,-70.0,-1.5275252316519468,INSUFFICIENT_HISTORY
2026-06-22,H002,S026,Anaemia,0.0,3,1.3333333333333333,0.5773502691896258,-1.3333333333333333,-100.0,-2.3094010767585025,INSUFFICIENT_HISTORY
2026-06-22,H002,S027,Dehydration,4.0,3,2.3333333333333335,1.5275252316519468,1.6666666666666665,71.42857142857142,1.0910894511799618,INSUFFICIENT_HISTORY
2026-06-22,H003,S001,Fever,963.0,3,918.6666666666666,2.3094010767584865,44.33333333333337,4.825834542815679,19.19689645055521,INSUFFICIENT_HISTORY
2026-06-22,H003,S002,Headache,496.0,3,482.6666666666667,20.84066537645411,13.333333333333314,2.7624309392265154,0.6397748388780995,INSUFFICIENT_HISTORY
2026-06-22,H003,S003,Fatigue,220.0,3,201.0,8.54400374531753,19.0,9.45273631840796,2.223781796726481,INSUFFICIENT_HISTORY
2026-06-22,H003,S004,Chills,163.0,3,146.33333333333334,3.5118845842842497,16.666666666666657,11.38952164009111,4.745789978762487,INSUFFICIENT_HISTORY
2026-06-22,H003,S005,Sweating,163.0,3,146.33333333333334,3.5118845842842497,16.666666666666657,11.38952164009111,4.745789978762487,INSUFFICIENT_HISTORY
2026-06-22,H003,S006,Dry Cough,408.0,3,397.0,16.703293088490067,11.0,2.770780856423174,0.6585527740981746,INSUFFICIENT_HISTORY
2026-06-22,H003,S007,Persistent Cough,24.0,3,31.333333333333332,0.5773502691896255,-7.333333333333332,-23.404255319148934,-12.70170592217177,INSUFFICIENT_HISTORY
2026-06-22,H003,S008,Sore Throat,245.0,3,247.66666666666666,17.243356208503414,-2.666666666666657,-1.0767160161507365,-0.1546489346054113,INSUFFICIENT_HISTORY
2026-06-22,H003,S009,Runny Nose,143.0,3,152.0,16.09347693943108,-9.0,-5.921052631578947,-0.55923278940108,INSUFFICIENT_HISTORY
2026-06-22,H003,S010,Breathlessness,9.0,3,7.333333333333333,4.163331998932265,1.666666666666667,22.727272727272734,0.40032038451271795,INSUFFICIENT_HISTORY
2026-06-22,H003,S011,Chest Pain,1.0,3,2.3333333333333335,2.0816659994661326,-1.3333333333333335,-57.14285714285715,-0.6405126152203486,INSUFFICIENT_HISTORY
2026-06-22,H003,S012,Loss of Taste,36.0,3,25.333333333333332,7.094598884597588,10.666666666666668,42.10526315789475,1.5034911543518068,INSUFFICIENT_HISTORY
2026-06-22,H003,S013,Loss of Smell,38.0,3,26.0,5.5677643628300215,12.0,46.15384615384615,2.155263624321299,INSUFFICIENT_HISTORY
2026-06-22,H003,S014,Muscle Pain,437.0,3,446.3333333333333,10.016652800877813,-9.333333333333314,-2.091112770724417,-0.9317816558956087,INSUFFICIENT_HISTORY
2026-06-22,H003,S015,Joint Pain,229.0,3,206.66666666666666,9.71253485622231,22.333333333333343,10.806451612903231,2.2994340472328445,INSUFFICIENT_HISTORY
2026-06-22,H003,S016,Retro-orbital Pain,171.0,3,164.0,12.288205727444508,7.0,4.2682926829268295,0.5696519211398116,INSUFFICIENT_HISTORY
2026-06-22,H003,S017,Rash,71.0,3,66.66666666666667,12.34233905438241,4.333333333333329,6.499999999999992,0.35109498404151246,INSUFFICIENT_HISTORY
2026-06-22,H003,S018,Nausea,149.0,3,152.0,15.132745950421556,-3.0,-1.9736842105263157,-0.19824558013652693,INSUFFICIENT_HISTORY
2026-06-22,H003,S019,Vomiting,186.0,3,196.0,8.54400374531753,-10.0,-5.1020408163265305,-1.1704114719613057,INSUFFICIENT_HISTORY
2026-06-22,H003,S020,Diarrhoea,140.0,3,149.33333333333334,5.686240703077326,-9.333333333333343,-6.250000000000005,-1.6413890689295396,INSUFFICIENT_HISTORY
2026-06-22,H003,S021,Abdominal Pain,98.0,3,107.66666666666667,10.408329997330663,-9.666666666666671,-8.978328173374617,-0.9287432920695059,INSUFFICIENT_HISTORY
2026-06-22,H003,S022,Loss of Appetite,33.0,3,41.0,2.6457513110645907,-8.0,-19.51219512195122,-3.0237157840738176,INSUFFICIENT_HISTORY
2026-06-22,H003,S023,Weight Loss,2.0,3,5.0,3.605551275463989,-3.0,-60.0,-0.8320502943378437,INSUFFICIENT_HISTORY
2026-06-22,H003,S024,Night Sweats,10.0,3,10.666666666666666,4.509249752822894,-0.6666666666666661,-6.249999999999995,-0.14784425419091443,INSUFFICIENT_HISTORY
2026-06-22,H003,S025,Bleeding,7.0,3,3.3333333333333335,1.5275252316519465,3.6666666666666665,109.99999999999999,2.400396792595916,INSUFFICIENT_HISTORY
2026-06-22,H003,S026,Anaemia,2.0,3,3.3333333333333335,1.5275252316519465,-1.3333333333333335,-40.0,-0.8728715609439697,INSUFFICIENT_HISTORY
2026-06-22,H003,S027,Dehydration,5.0,3,7.666666666666667,2.516611478423583,-2.666666666666667,-34.78260869565218,-1.0596258856520353,INSUFFICIENT_HISTORY
2026-06-22,H004,S001,Fever,898.0,3,882.3333333333334,8.621678104251723,15.666666666666629,1.7755950132225116,1.8171249816135813,INSUFFICIENT_HISTORY
2026-06-22,H004,S002,Headache,442.0,3,437.3333333333333,15.307950004273374,4.666666666666686,1.0670731707317118,0.30485248941654086,INSUFFICIENT_HISTORY
2026-06-22,H004,S003,Fatigue,219.0,3,216.66666666666666,8.144527815247077,2.333333333333343,1.0769230769230813,0.2864909281745215,INSUFFICIENT_HISTORY
2026-06-22,H004,S004,Chills,112.0,3,127.0,7.0,-15.0,-11.811023622047244,-2.142857142857143,INSUFFICIENT_HISTORY
2026-06-22,H004,S005,Sweating,112.0,3,127.0,7.0,-15.0,-11.811023622047244,-2.142857142857143,INSUFFICIENT_HISTORY
2026-06-22,H004,S006,Dry Cough,436.0,3,439.6666666666667,23.965252624024917,-3.6666666666666856,-0.8339651250947729,-0.15299929127352033,INSUFFICIENT_HISTORY
2026-06-22,H004,S007,Persistent Cough,22.0,3,31.333333333333332,5.686240703077327,-9.333333333333332,-29.78723404255319,-1.6413890689295376,INSUFFICIENT_HISTORY
2026-06-22,H004,S008,Sore Throat,280.0,3,280.3333333333333,17.47378989610821,-0.3333333333333144,-0.11890606420926791,-0.019076189842911803,INSUFFICIENT_HISTORY
2026-06-22,H004,S009,Runny Nose,171.0,3,165.66666666666666,8.32666399786453,5.333333333333343,3.2193158953722394,0.6405126152203497,INSUFFICIENT_HISTORY
2026-06-22,H004,S010,Breathlessness,6.0,3,10.0,1.0,-4.0,-40.0,-4.0,INSUFFICIENT_HISTORY
2026-06-22,H004,S011,Chest Pain,4.0,3,3.3333333333333335,1.1547005383792517,0.6666666666666665,19.999999999999996,0.5773502691896255,INSUFFICIENT_HISTORY
2026-06-22,H004,S012,Loss of Taste,40.0,3,31.333333333333332,3.0550504633038935,8.666666666666668,27.65957446808511,2.8368325730679014,INSUFFICIENT_HISTORY
2026-06-22,H004,S013,Loss of Smell,32.0,3,32.0,1.7320508075688772,0.0,0.0,0.0,INSUFFICIENT_HISTORY
2026-06-22,H004,S014,Muscle Pain,427.0,3,397.3333333333333,16.01041327803043,29.666666666666686,7.466442953020139,1.8529607044794674,INSUFFICIENT_HISTORY
2026-06-22,H004,S015,Joint Pain,184.0,3,160.0,13.892443989449804,24.0,15.0,1.727557801796867,INSUFFICIENT_HISTORY
2026-06-22,H004,S016,Retro-orbital Pain,157.0,3,139.0,19.157244060668017,18.0,12.949640287769784,0.939592351749385,INSUFFICIENT_HISTORY
2026-06-22,H004,S017,Rash,66.0,3,54.666666666666664,3.214550253664319,11.333333333333336,20.731707317073177,3.525635762083446,INSUFFICIENT_HISTORY
2026-06-22,H004,S018,Nausea,149.0,3,154.66666666666666,15.631165450257809,-5.666666666666657,-3.66379310344827,-0.3625236189009307,INSUFFICIENT_HISTORY
2026-06-22,H004,S019,Vomiting,190.0,3,203.33333333333334,10.692676621563622,-13.333333333333343,-6.5573770491803325,-1.2469593727771007,INSUFFICIENT_HISTORY
2026-06-22,H004,S020,Diarrhoea,149.0,3,161.0,12.12435565298214,-12.0,-7.453416149068323,-0.989743318610787,INSUFFICIENT_HISTORY
2026-06-22,H004,S021,Abdominal Pain,107.0,3,109.33333333333333,18.23001188516709,-2.3333333333333286,-2.1341463414634103,-0.1279940653923464,INSUFFICIENT_HISTORY
2026-06-22,H004,S022,Loss of Appetite,31.0,3,35.333333333333336,6.027713773341707,-4.333333333333336,-12.264150943396231,-0.7189016426921309,INSUFFICIENT_HISTORY
2026-06-22,H004,S023,Weight Loss,5.0,3,6.666666666666667,2.081665999466133,-1.666666666666667,-25.000000000000007,-0.8006407690254357,INSUFFICIENT_HISTORY
2026-06-22,H004,S024,Night Sweats,10.0,3,12.0,2.0,-2.0,-16.666666666666664,-1.0,INSUFFICIENT_HISTORY
2026-06-22,H004,S025,Bleeding,4.0,3,2.0,2.0,2.0,100.0,1.0,INSUFFICIENT_HISTORY
2026-06-22,H004,S026,Anaemia,2.0,3,3.3333333333333335,1.5275252316519465,-1.3333333333333335,-40.0,-0.8728715609439697,INSUFFICIENT_HISTORY
2026-06-22,H004,S027,Dehydration,11.0,3,5.666666666666667,1.1547005383792517,5.333333333333333,94.11764705882352,4.618802153517005,INSUFFICIENT_HISTORY
2026-06-22,H005,S001,Fever,797.0,3,788.0,6.244997998398398,9.0,1.1421319796954315,1.4411533842457842,INSUFFICIENT_HISTORY
2026-06-22,H005,S002,Headache,400.0,3,421.0,37.322915213043046,-21.0,-4.98812351543943,-0.5626570132619555,INSUFFICIENT_HISTORY
2026-06-22,H005,S003,Fatigue,198.0,3,181.33333333333334,17.897858344878394,16.666666666666657,9.191176470588228,0.9312101115961703,INSUFFICIENT_HISTORY
2026-06-22,H005,S004,Chills,109.0,3,119.0,4.58257569495584,-10.0,-8.403361344537815,-2.182178902359924,INSUFFICIENT_HISTORY
2026-06-22,H005,S005,Sweating,109.0,3,119.0,4.58257569495584,-10.0,-8.403361344537815,-2.182178902359924,INSUFFICIENT_HISTORY
2026-06-22,H005,S006,Dry Cough,398.0,3,361.0,5.291502622129181,37.0,10.249307479224377,6.992342750670703,INSUFFICIENT_HISTORY
2026-06-22,H005,S007,Persistent Cough,29.0,3,27.666666666666668,6.110100926607786,1.3333333333333321,4.81927710843373,0.2182178902359922,INSUFFICIENT_HISTORY
2026-06-22,H005,S008,Sore Throat,258.0,3,239.0,9.539392014169456,19.0,7.949790794979079,1.9917411897716448,INSUFFICIENT_HISTORY
2026-06-22,H005,S009,Runny Nose,148.0,3,149.66666666666666,10.016652800877809,-1.6666666666666572,-1.1135857461024437,-0.16638958140992957,INSUFFICIENT_HISTORY
2026-06-22,H005,S010,Breathlessness,11.0,3,12.0,5.291502622129181,-1.0,-8.333333333333332,-0.1889822365046136,INSUFFICIENT_HISTORY
2026-06-22,H005,S011,Chest Pain,3.0,3,2.0,1.0,1.0,50.0,1.0,INSUFFICIENT_HISTORY
2026-06-22,H005,S012,Loss of Taste,34.0,3,25.333333333333332,9.865765724632496,8.666666666666668,34.21052631578948,0.8784585919193317,INSUFFICIENT_HISTORY
2026-06-22,H005,S013,Loss of Smell,34.0,3,27.333333333333332,10.692676621563628,6.666666666666668,24.39024390243903,0.6234796863885497,INSUFFICIENT_HISTORY
2026-06-22,H005,S014,Muscle Pain,359.0,3,371.3333333333333,38.27967258654824,-12.333333333333314,-3.321364452423693,-0.3221901468840499,INSUFFICIENT_HISTORY
2026-06-22,H005,S015,Joint Pain,149.0,3,150.33333333333334,16.772994167212172,-1.3333333333333428,-0.886917960088698,-0.07949286335171696,INSUFFICIENT_HISTORY
2026-06-22,H005,S016,Retro-orbital Pain,117.0,3,137.0,13.228756555322953,-20.0,-14.5985401459854,-1.511857892036909,INSUFFICIENT_HISTORY
2026-06-22,H005,S017,Rash,53.0,3,56.0,10.44030650891055,-3.0,-5.357142857142857,-0.2873478855663454,INSUFFICIENT_HISTORY
2026-06-22,H005,S018,Nausea,141.0,3,146.33333333333334,18.876793513023696,-5.333333333333343,-3.6446469248291633,-0.2825338598768752,INSUFFICIENT_HISTORY
2026-06-22,H005,S019,Vomiting,185.0,3,186.66666666666666,8.962886439832499,-1.6666666666666572,-0.8928571428571378,-0.18595200082639946,INSUFFICIENT_HISTORY
2026-06-22,H005,S020,Diarrhoea,162.0,3,152.66666666666666,6.350852961085882,9.333333333333343,6.113537117903936,1.4696188670281403,INSUFFICIENT_HISTORY
2026-06-22,H005,S021,Abdominal Pain,112.0,3,104.0,12.489995996796797,8.0,7.6923076923076925,0.6405126152203485,INSUFFICIENT_HISTORY
2026-06-22,H005,S022,Loss of Appetite,42.0,3,38.666666666666664,5.033222956847167,3.3333333333333357,8.62068965517242,0.6622661785325222,INSUFFICIENT_HISTORY
2026-06-22,H005,S023,Weight Loss,4.0,3,5.666666666666667,0.5773502691896257,-1.666666666666667,-29.411764705882355,-2.8867513459481295,INSUFFICIENT_HISTORY
2026-06-22,H005,S024,Night Sweats,11.0,3,11.666666666666666,0.5773502691896258,-0.6666666666666661,-5.714285714285709,-1.1547005383792504,INSUFFICIENT_HISTORY
2026-06-22,H005,S025,Bleeding,4.0,3,4.666666666666667,1.5275252316519465,-0.666666666666667,-14.28571428571429,-0.436435780471985,INSUFFICIENT_HISTORY
2026-06-22,H005,S026,Anaemia,0.0,3,3.0,1.0,-3.0,-100.0,-3.0,INSUFFICIENT_HISTORY
2026-06-22,H005,S027,Dehydration,8.0,3,6.333333333333333,4.932882862316247,1.666666666666667,26.315789473684216,0.33786868919974306,INSUFFICIENT_HISTORY
2026-06-22,H006,S001,Fever,645.0,3,635.3333333333334,2.0816659994661486,9.666666666666629,1.521511017838399,4.643716460347473,INSUFFICIENT_HISTORY
2026-06-22,H006,S002,Headache,326.0,3,328.6666666666667,15.695009822658065,-2.6666666666666856,-0.8113590263691741,-0.1699053837364892,INSUFFICIENT_HISTORY
2026-06-22,H006,S003,Fatigue,161.0,3,154.0,16.46207763315433,7.0,4.545454545454546,0.42521971746155085,INSUFFICIENT_HISTORY
2026-06-22,H006,S004,Chills,98.0,3,98.33333333333333,21.385353243127255,-0.3333333333333286,-0.33898305084745284,-0.015586992159713518,INSUFFICIENT_HISTORY
2026-06-22,H006,S005,Sweating,98.0,3,98.33333333333333,21.385353243127255,-0.3333333333333286,-0.33898305084745284,-0.015586992159713518,INSUFFICIENT_HISTORY
2026-06-22,H006,S006,Dry Cough,301.0,3,288.0,22.271057451320086,13.0,4.513888888888888,0.5837172315870185,INSUFFICIENT_HISTORY
2026-06-22,H006,S007,Persistent Cough,33.0,3,34.0,8.18535277187245,-1.0,-2.941176470588235,-0.12216944435630522,INSUFFICIENT_HISTORY
2026-06-22,H006,S008,Sore Throat,198.0,3,181.0,12.12435565298214,17.0,9.392265193370166,1.4021363680319483,INSUFFICIENT_HISTORY
2026-06-22,H006,S009,Runny Nose,116.0,3,105.0,7.810249675906654,11.0,10.476190476190476,1.4084056792618558,INSUFFICIENT_HISTORY
2026-06-22,H006,S010,Breathlessness,7.0,3,8.333333333333334,1.5275252316519468,-1.333333333333334,-16.000000000000007,-0.8728715609439699,INSUFFICIENT_HISTORY
2026-06-22,H006,S011,Chest Pain,2.0,3,2.0,2.0,0.0,0.0,0.0,INSUFFICIENT_HISTORY
2026-06-22,H006,S012,Loss of Taste,26.0,3,21.333333333333332,8.504900548115382,4.666666666666668,21.875000000000007,0.5487032611687346,INSUFFICIENT_HISTORY
2026-06-22,H006,S013,Loss of Smell,22.0,3,21.333333333333332,10.598742063723098,0.6666666666666679,3.1250000000000053,0.062900546372244,INSUFFICIENT_HISTORY
2026-06-22,H006,S014,Muscle Pain,301.0,3,295.0,16.703293088490067,6.0,2.0338983050847457,0.35921060405354976,INSUFFICIENT_HISTORY
2026-06-22,H006,S015,Joint Pain,136.0,3,137.0,7.211102550927978,-1.0,-0.7299270072992701,-0.1386750490563073,INSUFFICIENT_HISTORY
2026-06-22,H006,S016,Retro-orbital Pain,108.0,3,102.66666666666667,0.5773502691896278,5.333333333333329,5.19480519480519,9.23760430703397,INSUFFICIENT_HISTORY
2026-06-22,H006,S017,Rash,44.0,3,44.333333333333336,0.5773502691896247,-0.3333333333333357,-0.7518796992481256,-0.577350269189631,INSUFFICIENT_HISTORY
2026-06-22,H006,S018,Nausea,108.0,3,98.0,4.358898943540674,10.0,10.204081632653061,2.2941573387056176,INSUFFICIENT_HISTORY
2026-06-22,H006,S019,Vomiting,153.0,3,134.66666666666666,3.5118845842842465,18.333333333333343,13.613861386138623,5.220368976638746,INSUFFICIENT_HISTORY
2026-06-22,H006,S020,Diarrhoea,119.0,3,105.66666666666667,1.1547005383792495,13.333333333333329,12.618296529968449,11.547005383792532,INSUFFICIENT_HISTORY
2026-06-22,H006,S021,Abdominal Pain,89.0,3,77.33333333333333,7.637626158259735,11.666666666666671,15.086206896551731,1.527525231651947,INSUFFICIENT_HISTORY
2026-06-22,H006,S022,Loss of Appetite,26.0,3,27.333333333333332,2.3094010767585034,-1.3333333333333321,-4.878048780487801,-0.5773502691896252,INSUFFICIENT_HISTORY
2026-06-22,H006,S023,Weight Loss,2.0,3,3.6666666666666665,3.0550504633038935,-1.6666666666666665,-45.45454545454545,-0.5455447255899809,INSUFFICIENT_HISTORY
2026-06-22,H006,S024,Night Sweats,10.0,3,9.333333333333334,1.5275252316519468,0.6666666666666661,7.142857142857135,0.43643578047198434,INSUFFICIENT_HISTORY
2026-06-22,H006,S025,Bleeding,5.0,3,2.0,1.7320508075688772,3.0,150.0,1.7320508075688774,INSUFFICIENT_HISTORY
2026-06-22,H006,S026,Anaemia,6.0,3,2.0,1.7320508075688772,4.0,200.0,2.3094010767585034,INSUFFICIENT_HISTORY
2026-06-22,H006,S027,Dehydration,9.0,3,4.0,3.605551275463989,5.0,125.0,1.386750490563073,INSUFFICIENT_HISTORY
2026-06-22,H007,S001,Fever,561.0,3,575.3333333333334,10.016652800877827,-14.333333333333371,-2.491309385863274,-1.4309504001254036,INSUFFICIENT_HISTORY
2026-06-22,H007,S002,Headache,285.0,3,294.0,10.14889156509222,-9.0,-3.061224489795918,-0.8867963503478639,INSUFFICIENT_HISTORY
2026-06-22,H007,S003,Fatigue,145.0,3,140.33333333333334,12.66227994214839,4.666666666666657,3.325415676959613,0.3685486885448586,INSUFFICIENT_HISTORY
2026-06-22,H007,S004,Chills,63.0,3,84.66666666666667,2.0816659994661335,-21.66666666666667,-25.590551181102366,-10.408329997330663,INSUFFICIENT_HISTORY
2026-06-22,H007,S005,Sweating,63.0,3,84.66666666666667,2.0816659994661335,-21.66666666666667,-25.590551181102366,-10.408329997330663,INSUFFICIENT_HISTORY
2026-06-22,H007,S006,Dry Cough,280.0,3,292.3333333333333,7.63762615825974,-12.333333333333314,-4.218928164196116,-1.6148123877463398,INSUFFICIENT_HISTORY
2026-06-22,H007,S007,Persistent Cough,30.0,3,21.0,3.4641016151377544,9.0,42.857142857142854,2.598076211353316,INSUFFICIENT_HISTORY
2026-06-22,H007,S008,Sore Throat,181.0,3,189.66666666666666,10.263202878893772,-8.666666666666657,-4.56942003514938,-0.844440743200119,INSUFFICIENT_HISTORY
2026-06-22,H007,S009,Runny Nose,117.0,3,117.33333333333333,9.073771725877467,-0.3333333333333286,-0.28409090909090506,-0.03673591791853172,INSUFFICIENT_HISTORY
2026-06-22,H007,S010,Breathlessness,11.0,3,8.666666666666666,0.5773502691896258,2.333333333333334,26.923076923076934,4.041451884327381,INSUFFICIENT_HISTORY
2026-06-22,H007,S011,Chest Pain,3.0,3,2.6666666666666665,1.1547005383792515,0.3333333333333335,12.500000000000005,0.28867513459481303,INSUFFICIENT_HISTORY
2026-06-22,H007,S012,Loss of Taste,26.0,3,20.666666666666668,4.932882862316247,5.333333333333332,25.80645161290322,1.0811798054391772,INSUFFICIENT_HISTORY
2026-06-22,H007,S013,Loss of Smell,29.0,3,20.666666666666668,6.027713773341708,8.333333333333332,40.32258064516128,1.3825031590233272,INSUFFICIENT_HISTORY
2026-06-22,H007,S014,Muscle Pain,278.0,3,261.0,14.730919862656235,17.0,6.513409961685824,1.1540351966136222,INSUFFICIENT_HISTORY
2026-06-22,H007,S015,Joint Pain,106.0,3,107.0,8.54400374531753,-1.0,-0.9345794392523363,-0.11704114719613057,INSUFFICIENT_HISTORY
2026-06-22,H007,S016,Retro-orbital Pain,91.0,3,79.33333333333333,1.5275252316519463,11.666666666666671,14.705882352941183,7.637626158259738,INSUFFICIENT_HISTORY
2026-06-22,H007,S017,Rash,46.0,3,30.333333333333332,3.785938897200182,15.666666666666668,51.64835164835166,4.138119259730432,INSUFFICIENT_HISTORY
2026-06-22,H007,S018,Nausea,74.0,3,88.0,14.933184523068078,-14.0,-15.909090909090908,-0.9375093422553951,INSUFFICIENT_HISTORY
2026-06-22,H007,S019,Vomiting,123.0,3,119.0,6.0,4.0,3.361344537815126,0.6666666666666666,INSUFFICIENT_HISTORY
2026-06-22,H007,S020,Diarrhoea,89.0,3,94.33333333333333,1.1547005383792495,-5.333333333333329,-5.653710247349818,-4.61880215351701,INSUFFICIENT_HISTORY
2026-06-22,H007,S021,Abdominal Pain,65.0,3,69.0,6.928203230275509,-4.0,-5.797101449275362,-0.5773502691896258,INSUFFICIENT_HISTORY
2026-06-22,H007,S022,Loss of Appetite,25.0,3,25.0,5.5677643628300215,0.0,0.0,0.0,INSUFFICIENT_HISTORY
2026-06-22,H007,S023,Weight Loss,9.0,3,4.333333333333333,2.0816659994661326,4.666666666666667,107.69230769230771,2.2417941532712202,INSUFFICIENT_HISTORY
2026-06-22,H007,S024,Night Sweats,15.0,3,9.333333333333334,3.2145502536643185,5.666666666666666,60.71428571428571,1.7628178810417228,INSUFFICIENT_HISTORY
2026-06-22,H007,S025,Bleeding,1.0,3,1.3333333333333333,0.5773502691896258,-0.33333333333333326,-24.999999999999993,-0.5773502691896255,INSUFFICIENT_HISTORY
2026-06-22,H007,S026,Anaemia,1.0,3,1.6666666666666667,1.5275252316519465,-0.6666666666666667,-40.0,-0.43643578047198484,INSUFFICIENT_HISTORY
2026-06-22,H007,S027,Dehydration,2.0,3,2.3333333333333335,1.5275252316519468,-0.3333333333333335,-14.28571428571429,-0.21821789023599247,INSUFFICIENT_HISTORY
2026-06-22,H008,S001,Fever,680.0,3,665.0,27.712812921102035,15.0,2.2556390977443606,0.5412658773652742,INSUFFICIENT_HISTORY
2026-06-22,H008,S002,Headache,338.0,3,327.6666666666667,17.502380790433435,10.333333333333314,3.1536113936927714,0.5903958699710942,INSUFFICIENT_HISTORY
2026-06-22,H008,S003,Fatigue,178.0,3,163.0,20.074859899884732,15.0,9.202453987730062,0.7472032220800768,INSUFFICIENT_HISTORY
2026-06-22,H008,S004,Chills,102.0,3,98.33333333333333,5.686240703077325,3.6666666666666714,3.728813559322039,0.6448314199366051,INSUFFICIENT_HISTORY
2026-06-22,H008,S005,Sweating,102.0,3,98.33333333333333,5.686240703077325,3.6666666666666714,3.728813559322039,0.6448314199366051,INSUFFICIENT_HISTORY
2026-06-22,H008,S006,Dry Cough,325.0,3,320.0,14.730919862656235,5.0,1.5625,0.33942211665106536,INSUFFICIENT_HISTORY
2026-06-22,H008,S007,Persistent Cough,35.0,3,22.333333333333332,4.163331998932266,12.666666666666668,56.71641791044777,3.042434922296655,INSUFFICIENT_HISTORY
2026-06-22,H008,S008,Sore Throat,207.0,3,210.66666666666666,19.85782801147531,-3.666666666666657,-1.7405063291139198,-0.18464590712276227,INSUFFICIENT_HISTORY
2026-06-22,H008,S009,Runny Nose,105.0,3,121.33333333333333,2.309401076758502,-16.33333333333333,-13.461538461538458,-7.072540797572917,INSUFFICIENT_HISTORY
2026-06-22,H008,S010,Breathlessness,10.0,3,11.0,5.0,-1.0,-9.090909090909092,-0.2,INSUFFICIENT_HISTORY
2026-06-22,H008,S011,Chest Pain,5.0,3,1.3333333333333333,0.5773502691896258,3.666666666666667,275.00000000000006,6.3508529610858835,INSUFFICIENT_HISTORY
2026-06-22,H008,S012,Loss of Taste,30.0,3,30.666666666666668,10.598742063723098,-0.6666666666666679,-2.1739130434782648,-0.062900546372244,INSUFFICIENT_HISTORY
2026-06-22,H008,S013,Loss of Smell,29.0,3,29.666666666666668,10.016652800877813,-0.6666666666666679,-2.2471910112359588,-0.0665558325639723,INSUFFICIENT_HISTORY
2026-06-22,H008,S014,Muscle Pain,287.0,3,313.3333333333333,21.031722072463136,-26.333333333333314,-8.40425531914893,-1.2520768980592218,INSUFFICIENT_HISTORY
2026-06-22,H008,S015,Joint Pain,132.0,3,135.33333333333334,6.110100926607787,-3.333333333333343,-2.463054187192125,-0.5455447255899825,INSUFFICIENT_HISTORY
2026-06-22,H008,S016,Retro-orbital Pain,113.0,3,113.33333333333333,14.640127503998498,-0.3333333333333286,-0.2941176470588194,-0.022768472012439023,INSUFFICIENT_HISTORY
2026-06-22,H008,S017,Rash,41.0,3,46.333333333333336,7.505553499465134,-5.333333333333336,-11.51079136690648,-0.7105849466949244,INSUFFICIENT_HISTORY
2026-06-22,H008,S018,Nausea,101.0,3,103.66666666666667,10.214368964029708,-2.6666666666666714,-2.5723472668810334,-0.2610701332659355,INSUFFICIENT_HISTORY
2026-06-22,H008,S019,Vomiting,142.0,3,136.66666666666666,5.686240703077331,5.333333333333343,3.902439024390251,0.9379366108168796,INSUFFICIENT_HISTORY
2026-06-22,H008,S020,Diarrhoea,107.0,3,101.66666666666667,9.865765724632492,5.333333333333329,5.2459016393442575,0.5405899027195884,INSUFFICIENT_HISTORY
2026-06-22,H008,S021,Abdominal Pain,74.0,3,68.66666666666667,11.71893055416463,5.333333333333329,7.766990291262128,0.4551040991908591,INSUFFICIENT_HISTORY
2026-06-22,H008,S022,Loss of Appetite,31.0,3,22.666666666666668,1.5275252316519472,8.333333333333332,36.764705882352935,5.455447255899807,INSUFFICIENT_HISTORY
2026-06-22,H008,S023,Weight Loss,8.0,3,2.3333333333333335,1.5275252316519465,5.666666666666666,242.85714285714283,3.7097041340118704,INSUFFICIENT_HISTORY
2026-06-22,H008,S024,Night Sweats,11.0,3,4.666666666666667,1.1547005383792515,6.333333333333333,135.7142857142857,5.484827557301445,INSUFFICIENT_HISTORY
2026-06-22,H008,S025,Bleeding,4.0,3,1.6666666666666667,2.0816659994661326,2.333333333333333,139.99999999999997,1.12089707663561,INSUFFICIENT_HISTORY
2026-06-22,H008,S026,Anaemia,2.0,3,2.0,1.7320508075688772,0.0,0.0,0.0,INSUFFICIENT_HISTORY
2026-06-22,H008,S027,Dehydration,1.0,3,3.6666666666666665,3.2145502536643185,-2.6666666666666665,-72.72727272727273,-0.8295613557843401,INSUFFICIENT_HISTORY
2026-06-22,H009,S001,Fever,577.0,3,523.3333333333334,7.234178138070251,53.66666666666663,10.254777070063687,7.418488409103849,INSUFFICIENT_HISTORY
2026-06-22,H009,S002,Headache,289.0,3,278.3333333333333,12.662279942148379,10.666666666666686,3.8323353293413245,0.8423970023882522,INSUFFICIENT_HISTORY
2026-06-22,H009,S003,Fatigue,125.0,3,123.33333333333333,14.571661996262927,1.6666666666666714,1.3513513513513553,0.11437725271791972,INSUFFICIENT_HISTORY
2026-06-22,H009,S004,Chills,97.0,3,86.66666666666667,12.503332889007368,10.333333333333329,11.923076923076916,0.8264463103608278,INSUFFICIENT_HISTORY
2026-06-22,H009,S005,Sweating,97.0,3,86.66666666666667,12.503332889007368,10.333333333333329,11.923076923076916,0.8264463103608278,INSUFFICIENT_HISTORY
2026-06-22,H009,S006,Dry Cough,251.0,3,219.33333333333334,15.885003409925144,31.666666666666657,14.437689969604858,1.9934944834120047,INSUFFICIENT_HISTORY
2026-06-22,H009,S007,Persistent Cough,21.0,3,18.0,4.0,3.0,16.666666666666664,0.75,INSUFFICIENT_HISTORY
2026-06-22,H009,S008,Sore Throat,162.0,3,139.33333333333334,6.506407098647715,22.666666666666657,16.26794258373205,3.4837455331342047,INSUFFICIENT_HISTORY
2026-06-22,H009,S009,Runny Nose,89.0,3,75.66666666666667,7.505553499465137,13.333333333333329,17.62114537444933,1.776462366737309,INSUFFICIENT_HISTORY
2026-06-22,H009,S010,Breathlessness,8.0,3,6.333333333333333,0.5773502691896257,1.666666666666667,26.315789473684216,2.8867513459481295,INSUFFICIENT_HISTORY
2026-06-22,H009,S011,Chest Pain,2.0,3,1.0,1.0,1.0,100.0,1.0,INSUFFICIENT_HISTORY
2026-06-22,H009,S012,Loss of Taste,23.0,3,14.666666666666666,3.055050463303893,8.333333333333334,56.81818181818182,2.727723627949905,INSUFFICIENT_HISTORY
2026-06-22,H009,S013,Loss of Smell,16.0,3,19.666666666666668,5.507570547286102,-3.666666666666668,-18.644067796610177,-0.6657502859356829,INSUFFICIENT_HISTORY
2026-06-22,H009,S014,Muscle Pain,281.0,3,245.66666666666666,19.5021366350801,35.33333333333334,14.382632293080059,1.8117672947576609,INSUFFICIENT_HISTORY
2026-06-22,H009,S015,Joint Pain,127.0,3,116.33333333333333,7.571877794400364,10.666666666666671,9.169054441260748,1.4087214501209988,INSUFFICIENT_HISTORY
2026-06-22,H009,S016,Retro-orbital Pain,103.0,3,88.0,4.58257569495584,15.0,17.045454545454543,3.2732683535398857,INSUFFICIENT_HISTORY
2026-06-22,H009,S017,Rash,45.0,3,36.666666666666664,6.110100926607786,8.333333333333336,22.727272727272734,1.363861813974953,INSUFFICIENT_HISTORY
2026-06-22,H009,S018,Nausea,111.0,3,88.0,3.605551275463989,23.0,26.136363636363637,6.3790522565901355,INSUFFICIENT_HISTORY
2026-06-22,H009,S019,Vomiting,140.0,3,125.66666666666667,12.503332889007366,14.333333333333329,11.405835543766575,1.1463610111456646,INSUFFICIENT_HISTORY
2026-06-22,H009,S020,Diarrhoea,102.0,3,100.66666666666667,8.621678104251707,1.3333333333333286,1.3245033112582734,0.1546489346054113,INSUFFICIENT_HISTORY
2026-06-22,H009,S021,Abdominal Pain,69.0,3,71.0,11.789826122551595,-2.0,-2.8169014084507045,-0.16963778593599418,INSUFFICIENT_HISTORY
2026-06-22,H009,S022,Loss of Appetite,16.0,3,29.333333333333332,3.5118845842842465,-13.333333333333332,-45.45454545454545,-3.7966319830099953,INSUFFICIENT_HISTORY
2026-06-22,H009,S023,Weight Loss,3.0,3,1.6666666666666667,0.5773502691896257,1.3333333333333333,80.0,2.309401076758503,INSUFFICIENT_HISTORY
2026-06-22,H009,S024,Night Sweats,9.0,3,5.333333333333333,2.5166114784235836,3.666666666666667,68.75000000000001,1.456985592771548,INSUFFICIENT_HISTORY
2026-06-22,H009,S025,Bleeding,2.0,3,2.6666666666666665,1.5275252316519468,-0.6666666666666665,-24.999999999999993,-0.4364357804719846,INSUFFICIENT_HISTORY
2026-06-22,H009,S026,Anaemia,0.0,3,1.3333333333333333,0.5773502691896257,-1.3333333333333333,-100.0,-2.309401076758503,INSUFFICIENT_HISTORY
2026-06-22,H009,S027,Dehydration,5.0,3,2.3333333333333335,2.0816659994661326,2.6666666666666665,114.28571428571428,1.281025230440697,INSUFFICIENT_HISTORY
2026-06-22,H010,S001,Fever,866.0,3,823.6666666666666,21.733231083604036,42.33333333333337,5.13961958721166,1.9478619249242901,INSUFFICIENT_HISTORY
2026-06-22,H010,S002,Headache,456.0,3,416.0,9.0,40.0,9.615384615384617,4.444444444444445,INSUFFICIENT_HISTORY
2026-06-22,H010,S003,Fatigue,204.0,3,181.0,16.3707055437449,23.0,12.70718232044199,1.40494861009751,INSUFFICIENT_HISTORY
2026-06-22,H010,S004,Chills,142.0,3,115.33333333333333,4.93288286231625,26.66666666666667,23.121387283237,5.405899027195886,INSUFFICIENT_HISTORY
2026-06-22,H010,S005,Sweating,142.0,3,115.33333333333333,4.93288286231625,26.66666666666667,23.121387283237,5.405899027195886,INSUFFICIENT_HISTORY
2026-06-22,H010,S006,Dry Cough,384.0,3,402.6666666666667,8.504900548115382,-18.666666666666686,-4.635761589403978,-2.1948130446749397,INSUFFICIENT_HISTORY
2026-06-22,H010,S007,Persistent Cough,32.0,3,29.666666666666668,10.016652800877813,2.333333333333332,7.865168539325838,0.2329454139739025,INSUFFICIENT_HISTORY
2026-06-22,H010,S008,Sore Throat,247.0,3,253.0,6.244997998398398,-6.0,-2.371541501976284,-0.9607689228305227,INSUFFICIENT_HISTORY
2026-06-22,H010,S009,Runny Nose,146.0,3,169.33333333333334,18.475208614068023,-23.333333333333343,-13.779527559055124,-1.262953713852307,INSUFFICIENT_HISTORY
2026-06-22,H010,S010,Breathlessness,8.0,3,9.666666666666666,4.163331998932265,-1.666666666666666,-17.241379310344822,-0.40032038451271773,INSUFFICIENT_HISTORY
2026-06-22,H010,S011,Chest Pain,3.0,3,2.6666666666666665,2.8867513459481287,0.3333333333333335,12.500000000000005,0.1154700538379252,INSUFFICIENT_HISTORY
2026-06-22,H010,S012,Loss of Taste,34.0,3,28.666666666666668,6.658328118479393,5.333333333333332,18.60465116279069,0.801001878914814,INSUFFICIENT_HISTORY
2026-06-22,H010,S013,Loss of Smell,30.0,3,30.0,5.291502622129181,0.0,0.0,0.0,INSUFFICIENT_HISTORY
2026-06-22,H010,S014,Muscle Pain,382.0,3,390.3333333333333,14.047538337136979,-8.333333333333314,-2.134927412467971,-0.5932237473453108,INSUFFICIENT_HISTORY
2026-06-22,H010,S015,Joint Pain,159.0,3,164.0,16.822603841260722,-5.0,-3.048780487804878,-0.29721914913888203,INSUFFICIENT_HISTORY
2026-06-22,H010,S016,Retro-orbital Pain,121.0,3,124.33333333333333,10.06644591369433,-3.3333333333333286,-2.6809651474530796,-0.33113308926626056,INSUFFICIENT_HISTORY
2026-06-22,H010,S017,Rash,43.0,3,53.333333333333336,5.8594652770823155,-10.333333333333336,-19.375000000000004,-1.7635283843645806,INSUFFICIENT_HISTORY
2026-06-22,H010,S018,Nausea,134.0,3,142.33333333333334,9.073771725877464,-8.333333333333343,-5.854800936768156,-0.9183979479633076,INSUFFICIENT_HISTORY
2026-06-22,H010,S019,Vomiting,210.0,3,192.0,8.660254037844387,18.0,9.375,2.0784609690826525,INSUFFICIENT_HISTORY
2026-06-22,H010,S020,Diarrhoea,173.0,3,155.0,8.18535277187245,18.0,11.612903225806452,2.199049998413494,INSUFFICIENT_HISTORY
2026-06-22,H010,S021,Abdominal Pain,128.0,3,106.0,1.7320508075688772,22.0,20.754716981132077,12.701705922171767,INSUFFICIENT_HISTORY
2026-06-22,H010,S022,Loss of Appetite,49.0,3,37.0,2.6457513110645907,12.0,32.432432432432435,4.535573676110727,INSUFFICIENT_HISTORY
2026-06-22,H010,S023,Weight Loss,6.0,3,5.666666666666667,2.8867513459481287,0.33333333333333304,5.882352941176465,0.11547005383792505,INSUFFICIENT_HISTORY
2026-06-22,H010,S024,Night Sweats,11.0,3,13.666666666666666,3.5118845842842465,-2.666666666666666,-19.512195121951216,-0.759326396601999,INSUFFICIENT_HISTORY
2026-06-22,H010,S025,Bleeding,4.0,3,4.0,1.0,0.0,0.0,0.0,INSUFFICIENT_HISTORY
2026-06-22,H010,S026,Anaemia,1.0,3,3.0,2.0,-2.0,-66.66666666666666,-1.0,INSUFFICIENT_HISTORY
2026-06-22,H010,S027,Dehydration,8.0,3,3.6666666666666665,3.0550504633038935,4.333333333333334,118.18181818181822,1.4184162865339507,INSUFFICIENT_HISTORY
2026-06-29,H001,S001,Fever,943.0,4,926.75,11.116804097101522,16.25,1.7534394388993795,1.4617510444604176,GREEN
2026-06-29,H001,S002,Headache,470.0,4,470.0,21.322914122292634,0.0,0.0,0.0,GREEN
2026-06-29,H001,S003,Fatigue,232.0,4,218.5,7.32575365861197,13.5,6.178489702517163,1.842813808532825,YELLOW
2026-06-29,H001,S004,Chills,127.0,4,135.0,9.416297927883694,-8.0,-5.9259259259259265,-0.849590790485746,GREEN
2026-06-29,H001,S005,Sweating,127.0,4,135.0,9.416297927883694,-8.0,-5.9259259259259265,-0.849590790485746,GREEN
2026-06-29,H001,S006,Dry Cough,495.0,4,482.5,12.871156384205214,12.5,2.5906735751295336,0.9711637110818825,GREEN
2026-06-29,H001,S007,Persistent Cough,34.0,4,29.25,4.7871355387816905,4.75,16.23931623931624,0.9922426389474777,GREEN
2026-06-29,H001,S008,Sore Throat,318.0,4,308.75,17.250603854165025,9.25,2.9959514170040484,0.5362131133610525,GREEN
2026-06-29,H001,S009,Runny Nose,196.0,4,182.5,10.87811258138715,13.5,7.397260273972603,1.2410241113976883,GREEN
2026-06-29,H001,S010,Breathlessness,11.0,4,15.0,2.943920288775949,-4.0,-26.666666666666668,-1.3587324409735149,GREEN
2026-06-29,H001,S011,Chest Pain,4.0,4,2.75,0.5,1.25,45.45454545454545,2.5,ORANGE
2026-06-29,H001,S012,Loss of Taste,34.0,4,39.0,4.396968652757638,-5.0,-12.82051282051282,-1.1371470653683555,GREEN
2026-06-29,H001,S013,Loss of Smell,37.0,4,41.0,2.581988897471612,-4.0,-9.75609756097561,-1.5491933384829664,GREEN
2026-06-29,H001,S014,Muscle Pain,405.0,4,418.25,13.817259737975064,-13.25,-3.167961745367603,-0.9589455688948207,GREEN
2026-06-29,H001,S015,Joint Pain,155.0,4,163.5,8.736894948054106,-8.5,-5.198776758409786,-0.9728856819885573,GREEN
2026-06-29,H001,S016,Retro-orbital Pain,110.0,4,116.5,9.255628917943215,-6.5,-5.579399141630901,-0.7022753459139792,GREEN
2026-06-29,H001,S017,Rash,56.0,4,50.0,5.354126134736337,6.0,12.0,1.1206310514564426,GREEN
2026-06-29,H001,S018,Nausea,120.0,4,127.0,11.045361017187261,-7.0,-5.511811023622047,-0.6337502222976297,GREEN
2026-06-29,H001,S019,Vomiting,184.0,4,176.25,6.652067347825035,7.75,4.397163120567376,1.1650513434043848,GREEN
2026-06-29,H001,S020,Diarrhoea,148.0,4,141.0,8.602325267042627,7.0,4.964539007092199,0.813733471206735,GREEN
2026-06-29,H001,S021,Abdominal Pain,104.0,4,99.75,5.852349955359813,4.25,4.260651629072681,0.7262040090592468,GREEN
2026-06-29,H001,S022,Loss of Appetite,56.0,4,40.25,2.217355782608345,15.75,39.130434782608695,7.1030549646267325,RED
2026-06-29,H001,S023,Weight Loss,6.0,4,4.25,1.707825127659933,1.75,41.17647058823529,1.02469507659596,GREEN
2026-06-29,H001,S024,Night Sweats,12.0,4,9.25,2.5,2.75,29.72972972972973,1.1,GREEN
2026-06-29,H001,S025,Bleeding,2.0,4,3.0,2.160246899469287,-1.0,-33.33333333333333,-0.4629100498862757,GREEN
2026-06-29,H001,S026,Anaemia,3.0,4,3.25,1.892969448600091,-0.25,-7.6923076923076925,-0.13206763594884358,GREEN
2026-06-29,H001,S027,Dehydration,6.0,4,4.0,2.160246899469287,2.0,50.0,0.9258200997725514,GREEN
2026-06-29,H002,S001,Fever,749.0,4,765.25,15.326991442115016,-16.25,-2.1234890558640966,-1.0602211178476142,GREEN
2026-06-29,H002,S002,Headache,373.0,4,374.0,13.784048752090222,-1.0,-0.267379679144385,-0.07254762501100116,GREEN
2026-06-29,H002,S003,Fatigue,172.0,4,179.25,10.144785195688797,-7.25,-4.044630404463041,-0.7146528842307094,GREEN
2026-06-29,H002,S004,Chills,107.0,4,99.5,12.151817422372122,7.5,7.537688442211055,0.6171916298044532,GREEN
2026-06-29,H002,S005,Sweating,107.0,4,99.5,12.151817422372122,7.5,7.537688442211055,0.6171916298044532,GREEN
2026-06-29,H002,S006,Dry Cough,384.0,4,405.75,21.328775554791388,-21.75,-5.360443622920517,-1.0197491151860325,GREEN
2026-06-29,H002,S007,Persistent Cough,35.0,4,28.75,6.18465843842649,6.25,21.73913043478261,1.0105651043180541,GREEN
2026-06-29,H002,S008,Sore Throat,255.0,4,268.75,20.320351046836436,-13.75,-5.116279069767442,-0.6766615383911225,GREEN
2026-06-29,H002,S009,Runny Nose,131.0,4,157.5,14.525839046333951,-26.5,-16.825396825396826,-1.8243352356770126,GREEN
2026-06-29,H002,S010,Breathlessness,9.0,4,11.25,5.619905100029122,-2.25,-20.0,-0.4003626324559005,GREEN
2026-06-29,H002,S011,Chest Pain,3.0,4,1.5,1.0,1.5,100.0,1.5,YELLOW
2026-06-29,H002,S012,Loss of Taste,35.0,4,31.5,4.509249752822894,3.5,11.11111111111111,0.7761823345023015,GREEN
2026-06-29,H002,S013,Loss of Smell,38.0,4,33.0,8.366600265340756,5.0,15.151515151515152,0.5976143046671968,GREEN
2026-06-29,H002,S014,Muscle Pain,348.0,4,354.5,21.06339637063944,-6.5,-1.8335684062059237,-0.3085922082851007,GREEN
2026-06-29,H002,S015,Joint Pain,140.0,4,138.75,12.606215398233786,1.25,0.9009009009009009,0.09915743627346978,GREEN
2026-06-29,H002,S016,Retro-orbital Pain,109.0,4,108.75,10.626225419530055,0.25,0.22988505747126436,0.023526698345822994,GREEN
2026-06-29,H002,S017,Rash,55.0,4,43.75,8.65544144839919,11.25,25.71428571428571,1.2997603954770753,GREEN
2026-06-29,H002,S018,Nausea,123.0,4,107.25,21.156165374030646,15.75,14.685314685314685,0.7444638346102761,GREEN
2026-06-29,H002,S019,Vomiting,141.0,4,149.25,16.64081328140745,-8.25,-5.527638190954774,-0.49576903847708037,GREEN
2026-06-29,H002,S020,Diarrhoea,110.0,4,120.0,13.638181696985855,-10.0,-8.333333333333332,-0.7332355751067665,GREEN
2026-06-29,H002,S021,Abdominal Pain,67.0,4,83.0,9.41629792788369,-16.0,-19.27710843373494,-1.6991815809714927,GREEN
2026-06-29,H002,S022,Loss of Appetite,19.0,4,31.75,7.182153808805082,-12.75,-40.15748031496063,-1.7752334939372816,GREEN
2026-06-29,H002,S023,Weight Loss,8.0,4,4.0,3.4641016151377544,4.0,100.0,1.1547005383792517,GREEN
2026-06-29,H002,S024,Night Sweats,14.0,4,10.0,2.943920288775949,4.0,40.0,1.3587324409735149,GREEN
2026-06-29,H002,S025,Bleeding,3.0,4,2.75,1.707825127659933,0.25,9.090909090909092,0.14638501094227999,GREEN
2026-06-29,H002,S026,Anaemia,1.0,4,1.0,0.816496580927726,0.0,0.0,0.0,GREEN
2026-06-29,H002,S027,Dehydration,4.0,4,2.75,1.5,1.25,45.45454545454545,0.8333333333333334,GREEN
2026-06-29,H003,S001,Fever,911.0,4,929.75,22.246722605064033,-18.75,-2.016671148158107,-0.8428207755749122,GREEN
2026-06-29,H003,S002,Headache,473.0,4,486.0,18.27566688249706,-13.0,-2.674897119341564,-0.7113283517139578,GREEN
2026-06-29,H003,S003,Fatigue,221.0,4,205.75,11.786291472158096,15.25,7.411907654921021,1.2938760284372717,GREEN
2026-06-29,H003,S004,Chills,153.0,4,150.5,8.812869377601523,2.5,1.6611295681063125,0.2836760529270877,GREEN
2026-06-29,H003,S005,Sweating,153.0,4,150.5,8.812869377601523,2.5,1.6611295681063125,0.2836760529270877,GREEN
2026-06-29,H003,S006,Dry Cough,377.0,4,399.75,14.705441169852742,-22.75,-5.691056910569105,-1.5470464120885545,GREEN
2026-06-29,H003,S007,Persistent Cough,30.0,4,29.5,3.696845502136472,0.5,1.694915254237288,0.13525044520011487,GREEN
2026-06-29,H003,S008,Sore Throat,246.0,4,247.0,14.142135623730947,-1.0,-0.4048582995951417,-0.07071067811865477,GREEN
2026-06-29,H003,S009,Runny Nose,135.0,4,149.75,13.889444433333777,-14.75,-9.84974958263773,-1.0619575225486302,GREEN
2026-06-29,H003,S010,Breathlessness,8.0,4,7.75,3.5,0.25,3.225806451612903,0.07142857142857142,GREEN
2026-06-29,H003,S011,Chest Pain,2.0,4,2.0,1.8257418583505538,0.0,0.0,0.0,GREEN
2026-06-29,H003,S012,Loss of Taste,26.0,4,28.0,7.874007874011811,-2.0,-7.142857142857142,-0.254000254000381,GREEN
2026-06-29,H003,S013,Loss of Smell,31.0,4,29.0,7.52772652709081,2.0,6.896551724137931,0.2656844656620286,GREEN
2026-06-29,H003,S014,Muscle Pain,421.0,4,444.0,9.416297927883688,-23.0,-5.18018018018018,-2.4425735226465215,GREEN
2026-06-29,H003,S015,Joint Pain,205.0,4,212.25,13.696106502701175,-7.25,-3.415783274440518,-0.5293475192070198,GREEN
2026-06-29,H003,S016,Retro-orbital Pain,171.0,4,165.75,10.626225419530053,5.25,3.167420814479638,0.494060665262283,GREEN
2026-06-29,H003,S017,Rash,66.0,4,67.75,10.30776406404415,-1.75,-2.5830258302583027,-0.1697749375254331,GREEN
2026-06-29,H003,S018,Nausea,140.0,4,151.25,12.446552400832395,-11.25,-7.43801652892562,-0.9038647520776618,GREEN
2026-06-29,H003,S019,Vomiting,194.0,4,193.5,8.582928793055823,0.5,0.2583979328165375,0.0582551728035463,GREEN
2026-06-29,H003,S020,Diarrhoea,146.0,4,147.0,6.582805886043834,-1.0,-0.6802721088435374,-0.15191090506254995,GREEN
2026-06-29,H003,S021,Abdominal Pain,111.0,4,105.25,9.776672917374976,5.75,5.463182897862233,0.5881346393189829,GREEN
2026-06-29,H003,S022,Loss of Appetite,47.0,4,39.0,4.546060565661952,8.0,20.51282051282051,1.7597653802562396,YELLOW
2026-06-29,H003,S023,Weight Loss,3.0,4,4.25,3.304037933599835,-1.25,-29.411764705882355,-0.3783249542289887,GREEN
2026-06-29,H003,S024,Night Sweats,10.0,4,10.5,3.696845502136473,-0.5,-4.761904761904762,-0.1352504452001148,GREEN
2026-06-29,H003,S025,Bleeding,5.0,4,4.25,2.217355782608345,0.75,17.647058823529413,0.338240712601273,GREEN
2026-06-29,H003,S026,Anaemia,4.0,4,3.0,1.4142135623730951,1.0,33.33333333333333,0.7071067811865475,GREEN
2026-06-29,H003,S027,Dehydration,4.0,4,7.0,2.449489742783178,-3.0,-42.857142857142854,-1.2247448713915892,GREEN
2026-06-29,H004,S001,Fever,872.0,4,886.25,10.531698185319721,-14.25,-1.607898448519041,-1.3530581440192875,GREEN
2026-06-29,H004,S002,Headache,405.0,4,438.5,12.714820748507098,-33.5,-7.639680729760548,-2.634720588092709,GREEN
2026-06-29,H004,S003,Fatigue,182.0,4,217.25,6.751543033509697,-35.25,-16.225546605293438,-5.22102870781463,GREEN
2026-06-29,H004,S004,Chills,114.0,4,123.25,9.429563439877091,-9.25,-7.505070993914807,-0.9809573962758734,GREEN
2026-06-29,H004,S005,Sweating,114.0,4,123.25,9.429563439877091,-9.25,-7.505070993914807,-0.9809573962758734,GREEN
2026-06-29,H004,S006,Dry Cough,418.0,4,438.75,19.653244007033546,-20.75,-4.72934472934473,-1.0558053414781776,GREEN
2026-06-29,H004,S007,Persistent Cough,23.0,4,29.0,6.582805886043833,-6.0,-20.689655172413794,-0.9114654303752999,GREEN
2026-06-29,H004,S008,Sore Throat,286.0,4,280.25,14.268263150549663,5.75,2.0517395182872438,0.4029922871010751,GREEN
2026-06-29,H004,S009,Runny Nose,152.0,4,167.0,7.302967433402215,-15.0,-8.982035928143713,-2.053959590644373,GREEN
2026-06-29,H004,S010,Breathlessness,7.0,4,9.0,2.160246899469287,-2.0,-22.22222222222222,-0.9258200997725514,GREEN
2026-06-29,H004,S011,Chest Pain,2.0,4,3.5,1.0,-1.5,-42.857142857142854,-1.5,GREEN
2026-06-29,H004,S012,Loss of Taste,30.0,4,33.5,5.0,-3.5,-10.44776119402985,-0.7,GREEN
2026-06-29,H004,S013,Loss of Smell,30.0,4,32.0,1.4142135623730951,-2.0,-6.25,-1.414213562373095,GREEN
2026-06-29,H004,S014,Muscle Pain,404.0,4,404.75,19.771612647092464,-0.75,-0.1852995676343422,-0.037933172846692,GREEN
2026-06-29,H004,S015,Joint Pain,168.0,4,166.0,16.51262143533445,2.0,1.2048192771084338,0.121119472630815,GREEN
2026-06-29,H004,S016,Retro-orbital Pain,143.0,4,143.5,18.046236911518886,-0.5,-0.34843205574912894,-0.027706607336006477,GREEN
2026-06-29,H004,S017,Rash,61.0,4,57.5,6.244997998398399,3.5,6.086956521739131,0.5604485383178048,GREEN
2026-06-29,H004,S018,Nausea,124.0,4,153.25,13.073510112692258,-29.25,-19.086460032626427,-2.23734863459531,GREEN
2026-06-29,H004,S019,Vomiting,174.0,4,200.0,10.984838035522719,-26.0,-13.0,-2.366898803234178,GREEN
2026-06-29,H004,S020,Diarrhoea,137.0,4,158.0,11.575836902790225,-21.0,-13.291139240506327,-1.8141236937208562,GREEN
2026-06-29,H004,S021,Abdominal Pain,94.0,4,108.75,14.9303940559741,-14.75,-13.563218390804598,-0.9879176627691271,GREEN
2026-06-29,H004,S022,Loss of Appetite,45.0,4,34.25,5.377421934967225,10.75,31.386861313868614,1.9990992207803235,YELLOW
2026-06-29,H004,S023,Weight Loss,7.0,4,6.25,1.8929694486000914,0.75,12.0,0.39620290784653067,GREEN
2026-06-29,H004,S024,Night Sweats,10.0,4,11.5,1.9148542155126762,-1.5,-13.043478260869565,-0.7833494518006403,GREEN
2026-06-29,H004,S025,Bleeding,3.0,4,2.5,1.9148542155126762,0.5,20.0,0.26111648393354675,GREEN
2026-06-29,H004,S026,Anaemia,1.0,4,3.0,1.4142135623730951,-2.0,-66.66666666666666,-1.414213562373095,GREEN
2026-06-29,H004,S027,Dehydration,6.0,4,7.0,2.8284271247461903,-1.0,-14.285714285714285,-0.35355339059327373,GREEN
2026-06-29,H005,S001,Fever,802.0,4,790.25,6.800735254367722,11.75,1.4868712432774438,1.727754361920448,YELLOW
2026-06-29,H005,S002,Headache,413.0,4,415.75,32.23223024655084,-2.75,-0.661455201443175,-0.08531832823744105,GREEN
2026-06-29,H005,S003,Fatigue,180.0,4,185.5,16.822603841260715,-5.5,-2.964959568733154,-0.32694106405277035,GREEN
2026-06-29,H005,S004,Chills,121.0,4,116.5,6.244997998398398,4.5,3.862660944206009,0.7205766921228921,GREEN
2026-06-29,H005,S005,Sweating,121.0,4,116.5,6.244997998398398,4.5,3.862660944206009,0.7205766921228921,GREEN
2026-06-29,H005,S006,Dry Cough,367.0,4,370.25,18.997806890972093,-3.25,-0.8777852802160702,-0.17107237791454893,GREEN
2026-06-29,H005,S007,Persistent Cough,29.0,4,28.0,5.033222956847166,1.0,3.571428571428571,0.1986798535597566,GREEN
2026-06-29,H005,S008,Sore Throat,241.0,4,243.75,12.284814474246922,-2.75,-1.1282051282051282,-0.22385360444513994,GREEN
2026-06-29,H005,S009,Runny Nose,143.0,4,149.25,8.220908303425679,-6.25,-4.1876046901172534,-0.7602566248544099,GREEN
2026-06-29,H005,S010,Breathlessness,7.0,4,11.75,4.349329450233296,-4.75,-40.42553191489361,-1.09212237296607,GREEN
2026-06-29,H005,S011,Chest Pain,1.0,4,2.25,0.9574271077563381,-1.25,-55.55555555555556,-1.3055824196677337,GREEN
2026-06-29,H005,S012,Loss of Taste,27.0,4,27.5,9.146948489341495,-0.5,-1.8181818181818181,-0.05466303878092527,GREEN
2026-06-29,H005,S013,Loss of Smell,27.0,4,29.0,9.345230512584124,-2.0,-6.896551724137931,-0.21401291250192653,GREEN
2026-06-29,H005,S014,Muscle Pain,363.0,4,368.25,31.8577567739266,-5.25,-1.4256619144602851,-0.16479503052445824,GREEN
2026-06-29,H005,S015,Joint Pain,160.0,4,150.0,13.711309200802093,10.0,6.666666666666667,0.7293249574894726,GREEN
2026-06-29,H005,S016,Retro-orbital Pain,136.0,4,132.0,14.719601443879744,4.0,3.0303030303030303,0.271746488194703,GREEN
2026-06-29,H005,S017,Rash,54.0,4,55.25,8.65544144839919,-1.25,-2.262443438914027,-0.14441782171967504,GREEN
2026-06-29,H005,S018,Nausea,129.0,4,145.0,15.641824275533425,-16.0,-11.03448275862069,-1.0228985902256187,GREEN
2026-06-29,H005,S019,Vomiting,185.0,4,186.25,7.3654599313281155,-1.25,-0.6711409395973155,-0.1697110583255327,GREEN
2026-06-29,H005,S020,Diarrhoea,149.0,4,155.0,6.97614984548545,-6.0,-3.870967741935484,-0.8600732686214938,GREEN
2026-06-29,H005,S021,Abdominal Pain,106.0,4,106.0,10.954451150103322,0.0,0.0,0.0,GREEN
2026-06-29,H005,S022,Loss of Appetite,34.0,4,39.5,4.434711565216691,-5.5,-13.924050632911392,-1.2402159462046674,GREEN
2026-06-29,H005,S023,Weight Loss,2.0,4,5.25,0.9574271077563382,-3.25,-61.904761904761905,-3.3945142911361077,GREEN
2026-06-29,H005,S024,Night Sweats,13.0,4,11.5,0.5773502691896257,1.5,13.043478260869565,2.598076211353316,ORANGE
2026-06-29,H005,S025,Bleeding,8.0,4,4.5,1.2909944487358056,3.5,77.77777777777779,2.711088342345192,ORANGE
2026-06-29,H005,S026,Anaemia,3.0,4,2.25,1.707825127659933,0.75,33.33333333333333,0.43915503282683993,GREEN
2026-06-29,H005,S027,Dehydration,9.0,4,6.75,4.112987559751022,2.25,33.33333333333333,0.5470476064693478,GREEN
2026-06-29,H006,S001,Fever,645.0,4,637.75,5.1234753829797945,7.25,1.1368090944727558,1.4150551057753744,GREEN
2026-06-29,H006,S002,Headache,321.0,4,328.0,12.88409872672512,-7.0,-2.1341463414634148,-0.5433053679944332,GREEN
2026-06-29,H006,S003,Fatigue,160.0,4,155.75,13.889444433333777,4.25,2.7287319422150884,0.3059877607343511,GREEN
2026-06-29,H006,S004,Chills,107.0,4,98.25,17.461863207191456,8.75,8.9058524173028,0.5010920023927583,GREEN
2026-06-29,H006,S005,Sweating,107.0,4,98.25,17.461863207191456,8.75,8.9058524173028,0.5010920023927583,GREEN
2026-06-29,H006,S006,Dry Cough,296.0,4,291.25,19.311050377094112,4.75,1.6309012875536482,0.24597315564119876,GREEN
2026-06-29,H006,S007,Persistent Cough,41.0,4,33.75,6.701989754294367,7.25,21.48148148148148,1.0817682905818367,GREEN
2026-06-29,H006,S008,Sore Throat,184.0,4,185.25,13.047988350699889,-1.25,-0.6747638326585695,-0.09580020815491842,GREEN
2026-06-29,H006,S009,Runny Nose,98.0,4,107.75,8.421203397773187,-9.75,-9.048723897911833,-1.1577917714917307,GREEN
2026-06-29,H006,S010,Breathlessness,14.0,4,8.0,1.4142135623730951,6.0,75.0,4.242640687119285,RED
2026-06-29,H006,S011,Chest Pain,2.0,4,2.0,1.632993161855452,0.0,0.0,0.0,GREEN
2026-06-29,H006,S012,Loss of Taste,31.0,4,22.5,7.32575365861197,8.5,37.77777777777778,1.1602901757428896,GREEN
2026-06-29,H006,S013,Loss of Smell,28.0,4,21.5,8.660254037844387,6.5,30.23255813953488,0.7505553499465134,GREEN
2026-06-29,H006,S014,Muscle Pain,282.0,4,296.5,13.96424004376894,-14.5,-4.8903878583473865,-1.0383665673571778,GREEN
2026-06-29,H006,S015,Joint Pain,117.0,4,136.75,5.909032633745278,-19.75,-14.442413162705666,-3.342340654409621,GREEN
2026-06-29,H006,S016,Retro-orbital Pain,95.0,4,104.0,2.708012801545319,-9.0,-8.653846153846153,-3.323470256441985,GREEN
2026-06-29,H006,S017,Rash,29.0,4,44.25,0.4999999999999994,-15.25,-34.463276836158194,-30.500000000000036,GREEN
2026-06-29,H006,S018,Nausea,91.0,4,100.5,6.137317546507322,-9.5,-9.45273631840796,-1.54790752279167,GREEN
2026-06-29,H006,S019,Vomiting,131.0,4,139.25,9.604686356149275,-8.25,-5.9245960502693,-0.8589556903873332,GREEN
2026-06-29,H006,S020,Diarrhoea,103.0,4,109.0,6.733003292241384,-6.0,-5.5045871559633035,-0.891132788679007,GREEN
2026-06-29,H006,S021,Abdominal Pain,63.0,4,80.25,8.539125638299668,-17.25,-21.49532710280374,-2.0201131510034633,GREEN
2026-06-29,H006,S022,Loss of Appetite,28.0,4,27.0,2.0,1.0,3.7037037037037033,0.5,GREEN
2026-06-29,H006,S023,Weight Loss,4.0,4,3.25,2.6299556396765835,0.75,23.076923076923077,0.28517591273601506,GREEN
2026-06-29,H006,S024,Night Sweats,9.0,4,9.5,1.2909944487358056,-0.5,-5.263157894736842,-0.3872983346207417,GREEN
2026-06-29,H006,S025,Bleeding,3.0,4,2.75,2.0615528128088303,0.25,9.090909090909092,0.12126781251816648,GREEN
2026-06-29,H006,S026,Anaemia,1.0,4,3.0,2.449489742783178,-2.0,-66.66666666666666,-0.8164965809277261,GREEN
2026-06-29,H006,S027,Dehydration,3.0,4,5.25,3.8622100754188224,-2.25,-42.857142857142854,-0.5825680002028392,GREEN
2026-06-29,H007,S001,Fever,576.0,4,571.75,10.874281585465788,4.25,0.7433318758198513,0.3908304163909469,GREEN
2026-06-29,H007,S002,Headache,268.0,4,291.75,9.429563439877091,-23.75,-8.140531276778065,-2.5186743958434588,GREEN
2026-06-29,H007,S003,Fatigue,142.0,4,141.5,10.5987420637231,0.5,0.35335689045936397,0.047175409779182914,GREEN
2026-06-29,H007,S004,Chills,86.0,4,79.25,10.965856099730656,6.75,8.517350157728707,0.6155470159931967,GREEN
2026-06-29,H007,S005,Sweating,86.0,4,79.25,10.965856099730656,6.75,8.517350157728707,0.6155470159931967,GREEN
2026-06-29,H007,S006,Dry Cough,309.0,4,289.25,8.770214744615247,19.75,6.82800345721694,2.2519402973714118,ORANGE
2026-06-29,H007,S007,Persistent Cough,24.0,4,23.25,5.315072906367325,0.75,3.225806451612903,0.1411081302575396,GREEN
2026-06-29,H007,S008,Sore Throat,200.0,4,187.5,9.433981132056607,12.5,6.666666666666667,1.3249973500079495,GREEN
2026-06-29,H007,S009,Runny Nose,112.0,4,117.25,7.4105780251385704,-5.25,-4.477611940298507,-0.7084467611285734,GREEN
2026-06-29,H007,S010,Breathlessness,11.0,4,9.25,1.2583057392117918,1.75,18.91891891891892,1.3907589749182958,GREEN
2026-06-29,H007,S011,Chest Pain,2.0,4,2.75,0.9574271077563381,-0.75,-27.27272727272727,-0.7833494518006403,GREEN
2026-06-29,H007,S012,Loss of Taste,23.0,4,22.0,4.830458915396479,1.0,4.545454545454546,0.2070196678027063,GREEN
2026-06-29,H007,S013,Loss of Smell,25.0,4,22.75,6.4485140407177015,2.25,9.89010989010989,0.3489175933855269,GREEN
2026-06-29,H007,S014,Muscle Pain,253.0,4,265.25,14.72809107341025,-12.25,-4.618284637134779,-0.8317439061818311,GREEN
2026-06-29,H007,S015,Joint Pain,105.0,4,106.75,6.994045086119096,-1.75,-1.639344262295082,-0.25021285657325554,GREEN
2026-06-29,H007,S016,Retro-orbital Pain,82.0,4,82.25,5.9651767227244274,-0.25,-0.303951367781155,-0.041909906717033436,GREEN
2026-06-29,H007,S017,Rash,30.0,4,34.25,8.421203397773187,-4.25,-12.408759124087592,-0.5046784644963954,GREEN
2026-06-29,H007,S018,Nausea,76.0,4,84.5,14.059397805975427,-8.5,-10.059171597633137,-0.6045778145908489,GREEN
2026-06-29,H007,S019,Vomiting,100.0,4,120.0,5.291502622129181,-20.0,-16.666666666666664,-3.779644730092272,GREEN
2026-06-29,H007,S020,Diarrhoea,79.0,4,93.0,2.8284271247461885,-14.0,-15.053763440860216,-4.949747468305835,GREEN
2026-06-29,H007,S021,Abdominal Pain,47.0,4,68.0,6.0,-21.0,-30.88235294117647,-3.5,GREEN
2026-06-29,H007,S022,Loss of Appetite,22.0,4,25.0,4.546060565661952,-3.0,-12.0,-0.6599120175960899,GREEN
2026-06-29,H007,S023,Weight Loss,2.0,4,5.5,2.886751345948129,-3.5,-63.63636363636363,-1.212435565298214,GREEN
2026-06-29,H007,S024,Night Sweats,7.0,4,10.75,3.8622100754188224,-3.75,-34.883720930232556,-0.970946667004732,GREEN
2026-06-29,H007,S025,Bleeding,6.0,4,1.25,0.5,4.75,380.0,9.5,RED
2026-06-29,H007,S026,Anaemia,2.0,4,1.5,1.2909944487358054,0.5,33.33333333333333,0.38729833462074176,GREEN
2026-06-29,H007,S027,Dehydration,2.0,4,2.25,1.2583057392117916,-0.25,-11.11111111111111,-0.1986798535597566,GREEN
2026-06-29,H008,S001,Fever,698.0,4,668.75,23.837994882120434,29.25,4.373831775700935,1.2270327326036474,GREEN
2026-06-29,H008,S002,Headache,362.0,4,330.25,15.195942440884231,31.75,9.613928841786526,2.089373536621037,ORANGE
2026-06-29,H008,S003,Fatigue,178.0,4,166.75,18.02544497832624,11.25,6.746626686656672,0.6241177409782104,GREEN
2026-06-29,H008,S004,Chills,99.0,4,99.25,4.991659710623978,-0.25,-0.2518891687657431,-0.05008354224706335,GREEN
2026-06-29,H008,S005,Sweating,99.0,4,99.25,4.991659710623978,-0.25,-0.2518891687657431,-0.05008354224706335,GREEN
2026-06-29,H008,S006,Dry Cough,328.0,4,321.25,12.284814474246922,6.75,2.1011673151750974,0.5494588472744344,GREEN
2026-06-29,H008,S007,Persistent Cough,26.0,4,25.5,7.187952884282608,0.5,1.9607843137254901,0.06956083436402524,GREEN
2026-06-29,H008,S008,Sore Throat,214.0,4,209.75,16.31716887208072,4.25,2.026221692491061,0.2604618505402556,GREEN
2026-06-29,H008,S009,Runny Nose,124.0,4,117.25,8.381527307120104,6.75,5.756929637526652,0.8053424814670564,GREEN
2026-06-29,H008,S010,Breathlessness,7.0,4,10.75,4.112987559751022,-3.75,-34.883720930232556,-0.9117460107822463,GREEN
2026-06-29,H008,S011,Chest Pain,2.0,4,2.25,1.8929694486000912,-0.25,-11.11111111111111,-0.13206763594884358,GREEN
2026-06-29,H008,S012,Loss of Taste,20.0,4,30.5,8.660254037844387,-10.5,-34.42622950819672,-1.212435565298214,GREEN
2026-06-29,H008,S013,Loss of Smell,21.0,4,29.5,8.18535277187245,-8.5,-28.8135593220339,-1.0384402770285943,GREEN
2026-06-29,H008,S014,Muscle Pain,331.0,4,306.75,21.639085008382395,24.25,7.905460472697637,1.1206573656236485,GREEN
2026-06-29,H008,S015,Joint Pain,153.0,4,134.5,5.259911279353168,18.5,13.754646840148698,3.5171695904108518,RED
2026-06-29,H008,S016,Retro-orbital Pain,121.0,4,113.25,11.95477589361953,7.75,6.843267108167771,0.6482764770300972,GREEN
2026-06-29,H008,S017,Rash,42.0,4,45.0,6.683312551921141,-3.0,-6.666666666666667,-0.4488792012484348,GREEN
2026-06-29,H008,S018,Nausea,97.0,4,103.0,8.445906306213285,-6.0,-5.825242718446602,-0.7104033341674726,GREEN
2026-06-29,H008,S019,Vomiting,143.0,4,138.0,5.354126134736341,5.0,3.6231884057971016,0.9338592095470347,GREEN
2026-06-29,H008,S020,Diarrhoea,105.0,4,103.0,8.485281374238568,2.0,1.9417475728155338,0.23570226039551592,GREEN
2026-06-29,H008,S021,Abdominal Pain,72.0,4,70.0,9.933109617167558,2.0,2.857142857142857,0.20134681656420733,GREEN
2026-06-29,H008,S022,Loss of Appetite,24.0,4,24.75,4.349329450233296,-0.75,-3.0303030303030303,-0.17244037467885318,GREEN
2026-06-29,H008,S023,Weight Loss,4.0,4,3.75,3.095695936834452,0.25,6.666666666666667,0.08075728530872482,GREEN
2026-06-29,H008,S024,Night Sweats,12.0,4,6.25,3.304037933599835,5.75,92.0,1.740294789453348,YELLOW
2026-06-29,H008,S025,Bleeding,4.0,4,2.25,2.0615528128088303,1.75,77.77777777777779,0.8488746876271654,GREEN
2026-06-29,H008,S026,Anaemia,1.0,4,2.0,1.4142135623730951,-1.0,-50.0,-0.7071067811865475,GREEN
2026-06-29,H008,S027,Dehydration,3.0,4,3.0,2.943920288775949,0.0,0.0,0.0,GREEN
2026-06-29,H009,S001,Fever,539.0,4,536.75,27.47574688096151,2.25,0.41918956683744757,0.08189040355292651,GREEN
2026-06-29,H009,S002,Headache,276.0,4,281.0,11.633285577743429,-5.0,-1.7793594306049825,-0.4298011912959397,GREEN
2026-06-29,H009,S003,Fatigue,146.0,4,123.75,11.926860441876562,22.25,17.97979797979798,1.8655370462689178,YELLOW
2026-06-29,H009,S004,Chills,99.0,4,89.25,11.4418821295566,9.75,10.92436974789916,0.8521325328823184,GREEN
2026-06-29,H009,S005,Sweating,99.0,4,89.25,11.4418821295566,9.75,10.92436974789916,0.8521325328823184,GREEN
2026-06-29,H009,S006,Dry Cough,234.0,4,227.25,20.467453839368165,6.75,2.9702970297029703,0.3297918760670025,GREEN
2026-06-29,H009,S007,Persistent Cough,23.0,4,18.75,3.593976442141304,4.25,22.666666666666664,1.1825341841884291,GREEN
2026-06-29,H009,S008,Sore Throat,168.0,4,145.0,12.516655570345723,23.0,15.862068965517242,1.837551562455011,YELLOW
2026-06-29,H009,S009,Runny Nose,94.0,4,79.0,9.055385138137417,15.0,18.9873417721519,1.656472891122698,YELLOW
2026-06-29,H009,S010,Breathlessness,11.0,4,6.75,0.9574271077563382,4.25,62.96296296296296,4.438980226870294,RED
2026-06-29,H009,S011,Chest Pain,4.0,4,1.25,0.9574271077563381,2.75,220.00000000000003,2.8722813232690143,ORANGE
2026-06-29,H009,S012,Loss of Taste,27.0,4,16.75,4.856267428111155,10.25,61.19402985074627,2.110674535892834,ORANGE
2026-06-29,H009,S013,Loss of Smell,23.0,4,18.75,4.856267428111155,4.25,22.666666666666664,0.8751577343945898,GREEN
2026-06-29,H009,S014,Muscle Pain,236.0,4,254.5,23.78374795247096,-18.5,-7.269155206286837,-0.7778420809441005,GREEN
2026-06-29,H009,S015,Joint Pain,117.0,4,119.0,8.16496580927726,-2.0,-1.680672268907563,-0.2449489742783178,GREEN
2026-06-29,H009,S016,Retro-orbital Pain,81.0,4,91.75,8.381527307120106,-10.75,-11.716621253405995,-1.2825824704845712,GREEN
2026-06-29,H009,S017,Rash,43.0,4,38.75,6.5,4.25,10.967741935483872,0.6538461538461539,GREEN
2026-06-29,H009,S018,Nausea,93.0,4,93.75,11.87083260208258,-0.75,-0.8,-0.0631800670719948,GREEN
2026-06-29,H009,S019,Vomiting,116.0,4,129.25,12.473304828045103,-13.25,-10.251450676982591,-1.0622685954253734,GREEN
2026-06-29,H009,S020,Diarrhoea,89.0,4,101.0,7.071067811865474,-12.0,-11.881188118811881,-1.6970562748477145,GREEN
2026-06-29,H009,S021,Abdominal Pain,63.0,4,70.5,9.678154093971983,-7.5,-10.638297872340425,-0.774941164108077,GREEN
2026-06-29,H009,S022,Loss of Appetite,23.0,4,26.0,7.2571803523590805,-3.0,-11.538461538461538,-0.4133836909571628,GREEN
2026-06-29,H009,S023,Weight Loss,5.0,4,2.0,0.816496580927726,3.0,150.0,3.6742346141747673,RED
2026-06-29,H009,S024,Night Sweats,8.0,4,6.25,2.753785273643051,1.75,28.000000000000004,0.6354889093022426,GREEN
2026-06-29,H009,S025,Bleeding,2.0,4,2.5,1.2909944487358056,-0.5,-20.0,-0.3872983346207417,GREEN
2026-06-29,H009,S026,Anaemia,3.0,4,1.0,0.816496580927726,2.0,200.0,2.449489742783178,ORANGE
2026-06-29,H009,S027,Dehydration,1.0,4,3.0,2.160246899469287,-2.0,-66.66666666666666,-0.9258200997725514,GREEN
2026-06-29,H010,S001,Fever,864.0,4,834.25,27.62094615806393,29.75,3.5660773149535507,1.0770811336350437,GREEN
2026-06-29,H010,S002,Headache,451.0,4,426.0,21.307275752662516,25.0,5.868544600938967,1.17330813615983,GREEN
2026-06-29,H010,S003,Fatigue,202.0,4,186.75,17.63282923034947,15.25,8.165997322623829,0.8648640442653318,GREEN
2026-06-29,H010,S004,Chills,133.0,4,122.0,13.928388277184123,11.0,9.01639344262295,0.7897539744795117,GREEN
2026-06-29,H010,S005,Sweating,133.0,4,122.0,13.928388277184123,11.0,9.01639344262295,0.7897539744795117,GREEN
2026-06-29,H010,S006,Dry Cough,406.0,4,398.0,11.633285577743434,8.0,2.0100502512562812,0.6876819060735032,GREEN
2026-06-29,H010,S007,Persistent Cough,36.0,4,30.25,8.261355820929152,5.75,19.00826446280992,0.6960116625691228,GREEN
2026-06-29,H010,S008,Sore Throat,253.0,4,251.5,5.916079783099616,1.5,0.5964214711729622,0.253546276418555,GREEN
2026-06-29,H010,S009,Runny Nose,174.0,4,163.5,19.070046320517072,10.5,6.422018348623854,0.5506017040295946,GREEN
2026-06-29,H010,S010,Breathlessness,7.0,4,9.25,3.5,-2.25,-24.324324324324326,-0.6428571428571429,GREEN
2026-06-29,H010,S011,Chest Pain,3.0,4,2.75,2.362907813126304,0.25,9.090909090909092,0.10580184237878976,GREEN
2026-06-29,H010,S012,Loss of Taste,26.0,4,30.0,6.0553007081949835,-4.0,-13.333333333333334,-0.6605782590758164,GREEN
2026-06-29,H010,S013,Loss of Smell,29.0,4,30.0,4.320493798938574,-1.0,-3.3333333333333335,-0.23145502494313785,GREEN
2026-06-29,H010,S014,Muscle Pain,416.0,4,388.25,12.203141671990311,27.75,7.147456535737283,2.274004575698253,ORANGE
2026-06-29,H010,S015,Joint Pain,173.0,4,162.75,13.961255912942311,10.25,6.29800307219662,0.7341746375767013,GREEN
2026-06-29,H010,S016,Retro-orbital Pain,134.0,4,123.5,8.38649708360608,10.5,8.502024291497975,1.252012597789534,GREEN
2026-06-29,H010,S017,Rash,53.0,4,50.75,7.04154339142587,2.25,4.433497536945813,0.3195322211235268,GREEN
2026-06-29,H010,S018,Nausea,144.0,4,140.25,8.5,3.75,2.6737967914438503,0.4411764705882353,GREEN
2026-06-29,H010,S019,Vomiting,209.0,4,196.5,11.445523142259598,12.5,6.361323155216285,1.0921300708262973,GREEN
2026-06-29,H010,S020,Diarrhoea,154.0,4,159.5,11.210114480533491,-5.5,-3.4482758620689653,-0.4906283525962934,GREEN
2026-06-29,H010,S021,Abdominal Pain,108.0,4,111.5,11.090536506409418,-3.5,-3.1390134529147984,-0.3155843721336013,GREEN
2026-06-29,H010,S022,Loss of Appetite,37.0,4,40.0,6.377042156569663,-3.0,-7.5,-0.470437536140385,GREEN
2026-06-29,H010,S023,Weight Loss,6.0,4,5.75,2.362907813126304,0.25,4.3478260869565215,0.10580184237878976,GREEN
2026-06-29,H010,S024,Night Sweats,14.0,4,13.0,3.1622776601683795,1.0,7.6923076923076925,0.31622776601683794,GREEN
2026-06-29,H010,S025,Bleeding,3.0,4,4.0,0.816496580927726,-1.0,-25.0,-1.224744871391589,GREEN
2026-06-29,H010,S026,Anaemia,5.0,4,2.5,1.9148542155126762,2.5,100.0,1.3055824196677337,GREEN
2026-06-29,H010,S027,Dehydration,11.0,4,4.75,3.304037933599835,6.25,131.57894736842107,1.8916247711449437,YELLOW
2026-07-06,H001,S001,Fever,907.0,5,930.0,12.062338081814813,-23.0,-2.4731182795698925,-1.906761346266261,GREEN
2026-07-06,H001,S002,Headache,459.0,5,470.0,18.466185312619388,-11.0,-2.3404255319148937,-0.5956833971812706,GREEN
2026-07-06,H001,S003,Fatigue,203.0,5,221.2,8.757853618324528,-18.19999999999999,-8.227848101265819,-2.078134756890564,GREEN
2026-07-06,H001,S004,Chills,146.0,5,133.4,8.905054744357278,12.599999999999994,9.445277361319336,1.4149267311336893,GREEN
2026-07-06,H001,S005,Sweating,146.0,5,133.4,8.905054744357278,12.599999999999994,9.445277361319336,1.4149267311336893,GREEN
2026-07-06,H001,S006,Dry Cough,457.0,5,485.0,12.469963913339926,-28.0,-5.77319587628866,-2.245395431340951,GREEN
2026-07-06,H001,S007,Persistent Cough,45.0,5,30.2,4.658325879540847,14.8,49.0066225165563,3.1771070514840796,RED
2026-07-06,H001,S008,Sore Throat,298.0,5,310.6,15.50161281931657,-12.600000000000023,-4.05666452028333,-0.8128186497019946,GREEN
2026-07-06,H001,S009,Runny Nose,202.0,5,185.2,11.189280584559496,16.80000000000001,9.071274298056162,1.5014370113466415,YELLOW
2026-07-06,H001,S010,Breathlessness,14.0,5,14.2,3.1144823004794873,-0.1999999999999993,-1.4084507042253471,-0.06421612990679333,GREEN
2026-07-06,H001,S011,Chest Pain,2.0,5,3.0,0.7071067811865476,-1.0,-33.33333333333333,-1.414213562373095,GREEN
2026-07-06,H001,S012,Loss of Taste,31.0,5,38.0,4.415880433163923,-7.0,-18.421052631578945,-1.5851878478024342,GREEN
2026-07-06,H001,S013,Loss of Smell,36.0,5,40.2,2.863564212655272,-4.200000000000003,-10.447761194029857,-1.4667036211161146,GREEN
2026-07-06,H001,S014,Muscle Pain,409.0,5,415.6,13.352902306240397,-6.600000000000023,-1.5880654475457223,-0.4942745665798478,GREEN
2026-07-06,H001,S015,Joint Pain,160.0,5,161.8,8.467585252006621,-1.8000000000000114,-1.1124845488257178,-0.21257536197506285,GREEN
2026-07-06,H001,S016,Retro-orbital Pain,120.0,5,115.2,8.526429498916883,4.799999999999997,4.166666666666664,0.562955455224223,GREEN
2026-07-06,H001,S017,Rash,56.0,5,51.2,5.357238094391549,4.799999999999997,9.374999999999995,0.8959840715358683,GREEN
2026-07-06,H001,S018,Nausea,132.0,5,125.6,10.064790112068904,6.400000000000006,5.0955414012738895,0.6358801255403855,GREEN
2026-07-06,H001,S019,Vomiting,171.0,5,177.8,6.7230945255886425,-6.800000000000011,-3.8245219347581614,-1.0114389994248423,GREEN
2026-07-06,H001,S020,Diarrhoea,129.0,5,142.4,8.080841540334768,-13.400000000000006,-9.410112359550565,-1.6582431338512398,GREEN
2026-07-06,H001,S021,Abdominal Pain,96.0,5,100.6,5.412947441089743,-4.599999999999994,-4.572564612326039,-0.8498142740277402,GREEN
2026-07-06,H001,S022,Loss of Appetite,39.0,5,43.4,7.300684899377592,-4.399999999999999,-10.138248847926265,-0.6026831811868929,GREEN
2026-07-06,H001,S023,Weight Loss,3.0,5,4.6,1.6733200530681511,-1.5999999999999996,-34.782608695652165,-0.9561828874675147,GREEN
2026-07-06,H001,S024,Night Sweats,14.0,5,9.8,2.4899799195977463,4.199999999999999,42.85714285714285,1.6867605906952474,YELLOW
2026-07-06,H001,S025,Bleeding,6.0,5,2.8,1.9235384061671346,3.2,114.2857142857143,1.6636007837121163,YELLOW
2026-07-06,H001,S026,Anaemia,2.0,5,3.2,1.6431676725154982,-1.2000000000000002,-37.50000000000001,-0.7302967433402217,GREEN
2026-07-06,H001,S027,Dehydration,4.0,5,4.4,2.073644135332772,-0.40000000000000036,-9.090909090909099,-0.19289712886816504,GREEN
2026-07-06,H002,S001,Fever,744.0,5,762.0,15.132745950421564,-18.0,-2.3622047244094486,-1.189473480819161,GREEN
2026-07-06,H002,S002,Headache,381.0,5,373.8,11.945710527214361,7.199999999999989,1.9261637239165297,0.6027268100626717,GREEN
2026-07-06,H002,S003,Fatigue,172.0,5,177.8,9.364827814754522,-5.800000000000011,-3.2620922384701974,-0.6193386696188867,GREEN
2026-07-06,H002,S004,Chills,115.0,5,101.0,11.045361017187261,14.0,13.861386138613863,1.2675004445952593,GREEN
2026-07-06,H002,S005,Sweating,115.0,5,101.0,11.045361017187261,14.0,13.861386138613863,1.2675004445952593,GREEN
2026-07-06,H002,S006,Dry Cough,380.0,5,401.4,20.87582333705667,-21.399999999999977,-5.331340308918779,-1.0251092689605608,GREEN
2026-07-06,H002,S007,Persistent Cough,24.0,5,30.0,6.041522986797286,-6.0,-20.0,-0.9931270663228415,GREEN
2026-07-06,H002,S008,Sore Throat,249.0,5,266.0,18.641351882307248,-17.0,-6.390977443609022,-0.9119510273358942,GREEN
2026-07-06,H002,S009,Runny Nose,153.0,5,152.2,17.282939564784687,0.8000000000000114,0.5256241787122282,0.04628842200143271,GREEN
2026-07-06,H002,S010,Breathlessness,11.0,5,10.8,4.969909455915671,0.1999999999999993,1.8518518518518452,0.040242181829276545,GREEN
2026-07-06,H002,S011,Chest Pain,4.0,5,1.8,1.0954451150103321,2.2,122.22222222222223,2.0083160441856096,ORANGE
2026-07-06,H002,S012,Loss of Taste,34.0,5,32.2,4.207136793592526,1.7999999999999972,5.590062111801233,0.4278444196873748,GREEN
2026-07-06,H002,S013,Loss of Smell,33.0,5,34.0,7.582875444051551,-1.0,-2.941176470588235,-0.1318760946791574,GREEN
2026-07-06,H002,S014,Muscle Pain,346.0,5,353.2,18.471599822430107,-7.199999999999989,-2.0385050962627376,-0.38978756952372967,GREEN
2026-07-06,H002,S015,Joint Pain,137.0,5,139.0,10.931605554537722,-2.0,-1.4388489208633095,-0.18295574149853933,GREEN
2026-07-06,H002,S016,Retro-orbital Pain,109.0,5,108.8,9.203260291874832,0.20000000000000284,0.18382352941176733,0.021731429260625646,GREEN
2026-07-06,H002,S017,Rash,40.0,5,46.0,9.027735042633894,-6.0,-13.043478260869565,-0.6646185307460536,GREEN
2026-07-06,H002,S018,Nausea,117.0,5,110.4,19.629060089571276,6.599999999999994,5.978260869565212,0.33623617075310236,GREEN
2026-07-06,H002,S019,Vomiting,145.0,5,147.6,14.876155417311287,-2.5999999999999943,-1.7615176151761478,-0.17477634019434826,GREEN
2026-07-06,H002,S020,Diarrhoea,108.0,5,118.0,12.62933094031509,-10.0,-8.47457627118644,-0.7918075824648958,GREEN
2026-07-06,H002,S021,Abdominal Pain,77.0,5,79.8,10.848963084092414,-2.799999999999997,-3.5087719298245577,-0.25808918126982777,GREEN
2026-07-06,H002,S022,Loss of Appetite,27.0,5,29.2,8.438009243891594,-2.1999999999999993,-7.534246575342464,-0.2607250047269874,GREEN
2026-07-06,H002,S023,Weight Loss,4.0,5,4.8,3.492849839314596,-0.7999999999999998,-16.666666666666664,-0.22903933372554725,GREEN
2026-07-06,H002,S024,Night Sweats,6.0,5,10.8,3.1144823004794873,-4.800000000000001,-44.44444444444445,-1.5411871177630456,GREEN
2026-07-06,H002,S025,Bleeding,5.0,5,2.8,1.4832396974191326,2.2,78.57142857142858,1.4832396974191326,GREEN
2026-07-06,H002,S026,Anaemia,1.0,5,1.0,0.7071067811865476,0.0,0.0,0.0,GREEN
2026-07-06,H002,S027,Dehydration,2.0,5,3.0,1.4142135623730951,-1.0,-33.33333333333333,-0.7071067811865475,GREEN
2026-07-06,H003,S001,Fever,940.0,5,926.0,21.0119013894507,14.0,1.511879049676026,0.6662890587821283,GREEN
2026-07-06,H003,S002,Headache,485.0,5,483.4,16.86119805944998,1.6000000000000227,0.33098882912702166,0.09489242664481314,GREEN
2026-07-06,H003,S003,Fatigue,208.0,5,208.8,12.275992831539124,-0.8000000000000114,-0.38314176245211273,-0.06516784515747473,GREEN
2026-07-06,H003,S004,Chills,152.0,5,151.0,7.713624310270755,1.0,0.6622516556291391,0.1296407447104329,GREEN
2026-07-06,H003,S005,Sweating,152.0,5,151.0,7.713624310270755,1.0,0.6622516556291391,0.1296407447104329,GREEN
2026-07-06,H003,S006,Dry Cough,409.0,5,395.2,16.30030674557997,13.800000000000011,3.4919028340081004,0.8466098347346778,GREEN
2026-07-06,H003,S007,Persistent Cough,21.0,5,29.6,3.209361307176242,-8.600000000000001,-29.054054054054056,-2.679660897253951,GREEN
2026-07-06,H003,S008,Sore Throat,264.0,5,246.8,12.255610959882821,17.19999999999999,6.96920583468395,1.403438804993239,GREEN
2026-07-06,H003,S009,Runny Nose,156.0,5,146.8,13.718600511714016,9.199999999999989,6.267029972752034,0.6706223416990901,GREEN
2026-07-06,H003,S010,Breathlessness,13.0,5,7.8,3.03315017762062,5.2,66.66666666666667,1.7143892308290465,YELLOW
2026-07-06,H003,S011,Chest Pain,2.0,5,2.0,1.5811388300841898,0.0,0.0,0.0,GREEN
2026-07-06,H003,S012,Loss of Taste,44.0,5,27.6,6.877499545619759,16.4,59.42028985507245,2.3845875802994514,ORANGE
2026-07-06,H003,S013,Loss of Smell,39.0,5,29.4,6.58027355054484,9.600000000000001,32.653061224489804,1.458905914208556,GREEN
2026-07-06,H003,S014,Muscle Pain,463.0,5,439.4,13.126309458488317,23.600000000000023,5.370960400546205,1.7979158631475616,YELLOW
2026-07-06,H003,S015,Joint Pain,217.0,5,210.8,12.296340919151522,6.199999999999989,2.9411764705882297,0.5042150376900744,GREEN
2026-07-06,H003,S016,Retro-orbital Pain,171.0,5,166.8,9.497368056467012,4.199999999999989,2.5179856115107846,0.4422277808997932,GREEN
2026-07-06,H003,S017,Rash,66.0,5,67.4,8.96102672688794,-1.4000000000000057,-2.077151335311581,-0.15623209735545665,GREEN
2026-07-06,H003,S018,Nausea,140.0,5,149.0,11.895377253370318,-9.0,-6.0402684563758395,-0.7565964330765574,GREEN
2026-07-06,H003,S019,Vomiting,184.0,5,193.6,7.436396977031283,-9.599999999999994,-4.958677685950411,-1.2909477573146524,GREEN
2026-07-06,H003,S020,Diarrhoea,136.0,5,146.8,5.7183913821983205,-10.800000000000011,-7.356948228882841,-1.8886430253132076,GREEN
2026-07-06,H003,S021,Abdominal Pain,90.0,5,106.4,8.848728722251575,-16.400000000000006,-15.41353383458647,-1.853373576563549,GREEN
2026-07-06,H003,S022,Loss of Appetite,40.0,5,40.6,5.319774431308154,-0.6000000000000014,-1.4778325123152742,-0.11278673705953712,GREEN
2026-07-06,H003,S023,Weight Loss,2.0,5,4.0,2.9154759474226504,-2.0,-50.0,-0.6859943405700353,GREEN
2026-07-06,H003,S024,Night Sweats,3.0,5,10.4,3.209361307176243,-7.4,-71.15384615384616,-2.305754725544096,GREEN
2026-07-06,H003,S025,Bleeding,2.0,5,4.4,1.9493588689617927,-2.4000000000000004,-54.545454545454554,-1.2311740225021852,GREEN
2026-07-06,H003,S026,Anaemia,1.0,5,3.2,1.3038404810405297,-2.2,-68.75,-1.6873229754642152,GREEN
2026-07-06,H003,S027,Dehydration,6.0,5,6.4,2.5099800796022267,-0.40000000000000036,-6.250000000000005,-0.1593638145779193,GREEN
2026-07-06,H004,S001,Fever,842.0,5,883.4,11.126544836560896,-41.39999999999998,-4.686438759338915,-3.7208316335510587,GREEN
2026-07-06,H004,S002,Headache,426.0,5,431.8,18.593009439033803,-5.800000000000011,-1.3432144511347872,-0.3119451974150889,GREEN
2026-07-06,H004,S003,Fatigue,201.0,5,210.2,16.81368490248345,-9.199999999999989,-4.376784015223591,-0.5471733325180319,GREEN
2026-07-06,H004,S004,Chills,136.0,5,121.4,9.154233993076646,14.599999999999994,12.026359143327836,1.5948904092949758,YELLOW
2026-07-06,H004,S005,Sweating,136.0,5,121.4,9.154233993076646,14.599999999999994,12.026359143327836,1.5948904092949758,YELLOW
2026-07-06,H004,S006,Dry Cough,436.0,5,434.6,19.38556163746617,1.3999999999999773,0.32213529682466113,0.07221869689316708,GREEN
2026-07-06,H004,S007,Persistent Cough,21.0,5,27.8,6.300793600809346,-6.800000000000001,-24.46043165467626,-1.079229130617218,GREEN
2026-07-06,H004,S008,Sore Throat,285.0,5,281.4,12.621410380777581,3.6000000000000227,1.279317697228153,0.28522961312491873,GREEN
2026-07-06,H004,S009,Runny Nose,166.0,5,164.0,9.219544457292887,2.0,1.2195121951219512,0.21693045781865616,GREEN
2026-07-06,H004,S010,Breathlessness,11.0,5,8.6,2.073644135332772,2.4000000000000004,27.906976744186053,1.1573827732089894,GREEN
2026-07-06,H004,S011,Chest Pain,1.0,5,3.2,1.0954451150103324,-2.2,-68.75,-2.008316044185609,GREEN
2026-07-06,H004,S012,Loss of Taste,38.0,5,32.8,4.604345773288536,5.200000000000003,15.853658536585376,1.1293678311839808,GREEN
2026-07-06,H004,S013,Loss of Smell,42.0,5,31.6,1.5165750888103104,10.399999999999999,32.91139240506328,6.857556923316182,RED
2026-07-06,H004,S014,Muscle Pain,365.0,5,404.6,17.126003620226175,-39.60000000000002,-9.78744438952052,-2.3122732470540632,GREEN
2026-07-06,H004,S015,Joint Pain,138.0,5,166.4,14.328293687665674,-28.400000000000006,-17.067307692307697,-1.9820922587905758,GREEN
2026-07-06,H004,S016,Retro-orbital Pain,102.0,5,143.4,15.630099167951558,-41.400000000000006,-28.870292887029294,-2.6487355937502852,GREEN
2026-07-06,H004,S017,Rash,50.0,5,58.2,5.630275304103699,-8.200000000000003,-14.089347079037806,-1.4564119083170457,GREEN
2026-07-06,H004,S018,Nausea,139.0,5,147.4,17.300289014926893,-8.400000000000006,-5.698778833107196,-0.48554102146804523,GREEN
2026-07-06,H004,S019,Vomiting,181.0,5,194.8,15.023315213360867,-13.800000000000011,-7.0841889117043175,-0.9185722195143113,GREEN
2026-07-06,H004,S020,Diarrhoea,144.0,5,153.8,13.73681185719598,-9.800000000000011,-6.371911573472048,-0.7134115325941744,GREEN
2026-07-06,H004,S021,Abdominal Pain,100.0,5,105.8,14.515508947329407,-5.799999999999997,-5.482041587901699,-0.3995726240840555,GREEN
2026-07-06,H004,S022,Loss of Appetite,39.0,5,36.4,6.6932802122726045,2.6000000000000014,7.142857142857147,0.3884492980336781,GREEN
2026-07-06,H004,S023,Weight Loss,3.0,5,6.4,1.6733200530681511,-3.4000000000000004,-53.125,-2.0318886358684694,GREEN
2026-07-06,H004,S024,Night Sweats,10.0,5,11.2,1.7888543819998317,-1.1999999999999993,-10.714285714285708,-0.6708203932499365,GREEN
2026-07-06,H004,S025,Bleeding,5.0,5,2.6,1.6733200530681511,2.4,92.3076923076923,1.4342743312012722,GREEN
2026-07-06,H004,S026,Anaemia,1.0,5,2.6,1.51657508881031,-1.6,-61.53846153846154,-1.0550087574332594,GREEN
2026-07-06,H004,S027,Dehydration,3.0,5,6.8,2.4899799195977463,-3.8,-55.88235294117647,-1.5261167249147478,GREEN
2026-07-06,H005,S001,Fever,806.0,5,792.6,7.893034904268442,13.399999999999977,1.6906384052485461,1.6976993213033236,YELLOW
2026-07-06,H005,S002,Headache,442.0,5,415.2,27.941009287425537,26.80000000000001,6.454720616570331,0.9591636337940369,GREEN
2026-07-06,H005,S003,Fatigue,179.0,5,184.4,14.77497884939264,-5.400000000000006,-2.92841648590022,-0.36548275669592484,GREEN
2026-07-06,H005,S004,Chills,120.0,5,117.4,5.770615218501403,2.5999999999999943,2.214650766609876,0.45055854558869723,GREEN
2026-07-06,H005,S005,Sweating,120.0,5,117.4,5.770615218501403,2.5999999999999943,2.214650766609876,0.45055854558869723,GREEN
2026-07-06,H005,S006,Dry Cough,375.0,5,369.6,16.516658257650064,5.399999999999977,1.4610389610389547,0.32694264879512447,GREEN
2026-07-06,H005,S007,Persistent Cough,26.0,5,28.2,4.381780460041329,-2.1999999999999993,-7.8014184397163095,-0.5020790110464022,GREEN
2026-07-06,H005,S008,Sore Throat,237.0,5,243.2,10.709808588392232,-6.199999999999989,-2.5493421052631535,-0.578908572345525,GREEN
2026-07-06,H005,S009,Runny Nose,174.0,5,148.0,7.648529270389174,26.0,17.56756756756757,3.3993463423951913,RED
2026-07-06,H005,S010,Breathlessness,9.0,5,10.8,4.324349662087931,-1.8000000000000007,-16.66666666666667,-0.4162475610565924,GREEN
2026-07-06,H005,S011,Chest Pain,4.0,5,2.0,1.0,2.0,100.0,2.0,ORANGE
2026-07-06,H005,S012,Loss of Taste,24.0,5,27.4,7.92464510246358,-3.3999999999999986,-12.408759124087588,-0.42904129535630825,GREEN
2026-07-06,H005,S013,Loss of Smell,24.0,5,28.6,8.142481194328912,-4.600000000000001,-16.08391608391609,-0.5649383634074361,GREEN
2026-07-06,H005,S014,Muscle Pain,378.0,5,367.2,27.68934813244977,10.800000000000011,2.941176470588238,0.39004168492299207,GREEN
2026-07-06,H005,S015,Joint Pain,158.0,5,152.0,12.688577540449524,6.0,3.9473684210526314,0.47286624374346026,GREEN
2026-07-06,H005,S016,Retro-orbital Pain,115.0,5,132.8,12.872451204024818,-17.80000000000001,-13.403614457831333,-1.3827980170889675,GREEN
2026-07-06,H005,S017,Rash,52.0,5,55.0,7.516648189186454,-3.0,-5.454545454545454,-0.3991140631426436,GREEN
2026-07-06,H005,S018,Nausea,138.0,5,141.8,15.319921670818038,-3.8000000000000114,-2.6798307475317427,-0.24804304366897606,GREEN
2026-07-06,H005,S019,Vomiting,182.0,5,186.0,6.403124237432847,-4.0,-2.1505376344086025,-0.6246950475544244,GREEN
2026-07-06,H005,S020,Diarrhoea,150.0,5,153.8,6.610597552415365,-3.8000000000000114,-2.4707412223667173,-0.5748345697752506,GREEN
2026-07-06,H005,S021,Abdominal Pain,102.0,5,106.0,9.486832980505138,-4.0,-3.7735849056603774,-0.4216370213557839,GREEN
2026-07-06,H005,S022,Loss of Appetite,39.0,5,38.4,4.560701700396552,0.6000000000000014,1.5625000000000038,0.13155870289605467,GREEN
2026-07-06,H005,S023,Weight Loss,5.0,5,4.6,1.6733200530681511,0.40000000000000036,8.695652173913052,0.23904572186687895,GREEN
2026-07-06,H005,S024,Night Sweats,8.0,5,11.8,0.8366600265340753,-3.8000000000000007,-32.20338983050848,-4.541868715470698,GREEN
2026-07-06,H005,S025,Bleeding,3.0,5,5.2,1.9235384061671343,-2.2,-42.30769230769231,-1.1437255388020802,GREEN
2026-07-06,H005,S026,Anaemia,0.0,5,2.4,1.51657508881031,-2.4,-100.0,-1.582513136149889,GREEN
2026-07-06,H005,S027,Dehydration,3.0,5,7.2,3.7013511046643495,-4.2,-58.333333333333336,-1.1347207766124283,GREEN
2026-07-06,H006,S001,Fever,644.0,5,639.2,5.495452665613624,4.7999999999999545,0.75093867334167,0.8734494302962001,GREEN
2026-07-06,H006,S002,Headache,337.0,5,326.6,11.588787684654505,10.399999999999977,3.184323331292093,0.8974191505614791,GREEN
2026-07-06,H006,S003,Fatigue,159.0,5,156.6,12.177848742696717,2.4000000000000057,1.532567049808433,0.19707914350958994,GREEN
2026-07-06,H006,S004,Chills,97.0,5,100.0,15.62049935181331,-3.0,-3.0,-0.19205531989934396,GREEN
2026-07-06,H006,S005,Sweating,97.0,5,100.0,15.62049935181331,-3.0,-3.0,-0.19205531989934396,GREEN
2026-07-06,H006,S006,Dry Cough,311.0,5,292.2,16.858232410309213,18.80000000000001,6.433949349760443,1.1151821580359373,GREEN
2026-07-06,H006,S007,Persistent Cough,39.0,5,35.2,6.648308055437864,3.799999999999997,10.795454545454536,0.5715739957163771,GREEN
2026-07-06,H006,S008,Sore Throat,203.0,5,185.0,11.313708498984761,18.0,9.72972972972973,1.590990257669732,YELLOW
2026-07-06,H006,S009,Runny Nose,119.0,5,105.8,8.497058314499201,13.200000000000003,12.476370510396977,1.5534788054209068,YELLOW
2026-07-06,H006,S010,Breathlessness,7.0,5,9.2,2.9495762407505253,-2.1999999999999993,-23.913043478260864,-0.7458698539828912,GREEN
2026-07-06,H006,S011,Chest Pain,4.0,5,2.0,1.4142135623730951,2.0,100.0,1.414213562373095,GREEN
2026-07-06,H006,S012,Loss of Taste,20.0,5,24.2,7.395944834840239,-4.199999999999999,-17.355371900826444,-0.5678787624557403,GREEN
2026-07-06,H006,S013,Loss of Smell,23.0,5,22.8,8.043631020876083,0.1999999999999993,0.8771929824561372,0.02486439264567559,GREEN
2026-07-06,H006,S014,Muscle Pain,282.0,5,293.6,13.722244714331547,-11.600000000000023,-3.950953678474122,-0.8453427439524492,GREEN
2026-07-06,H006,S015,Joint Pain,126.0,5,132.8,10.20784012413988,-6.800000000000011,-5.120481927710852,-0.6661546338210292,GREEN
2026-07-06,H006,S016,Retro-orbital Pain,102.0,5,102.2,4.658325879540847,-0.20000000000000284,-0.1956947162426642,-0.04293387907410979,GREEN
2026-07-06,H006,S017,Rash,42.0,5,41.2,6.833739825307956,0.7999999999999972,1.941747572815527,0.11706620685752343,GREEN
2026-07-06,H006,S018,Nausea,109.0,5,98.6,6.804410334481599,10.400000000000006,10.547667342799196,1.5284204639008356,YELLOW
2026-07-06,H006,S019,Vomiting,143.0,5,137.6,9.09945053286186,5.400000000000006,3.924418604651167,0.5934424260562089,GREEN
2026-07-06,H006,S020,Diarrhoea,111.0,5,107.8,6.418722614352483,3.200000000000003,2.968460111317257,0.49854156227980523,GREEN
2026-07-06,H006,S021,Abdominal Pain,80.0,5,76.8,10.686440005914038,3.200000000000003,4.1666666666666705,0.2994449038434759,GREEN
2026-07-06,H006,S022,Loss of Appetite,27.0,5,27.2,1.7888543819998322,-0.1999999999999993,-0.7352941176470562,-0.11180339887498907,GREEN
2026-07-06,H006,S023,Weight Loss,6.0,5,3.4,2.3021728866442674,2.6,76.47058823529413,1.1293678311839805,GREEN
2026-07-06,H006,S024,Night Sweats,14.0,5,9.4,1.140175425099138,4.6,48.93617021276595,4.034466888812334,RED
2026-07-06,H006,S025,Bleeding,2.0,5,2.8,1.7888543819998317,-0.7999999999999998,-28.571428571428566,-0.44721359549995787,GREEN
2026-07-06,H006,S026,Anaemia,2.0,5,2.6,2.3021728866442674,-0.6000000000000001,-23.076923076923077,-0.2606233456578417,GREEN
2026-07-06,H006,S027,Dehydration,2.0,5,4.8,3.492849839314596,-2.8,-58.333333333333336,-0.8016376680394155,GREEN
2026-07-06,H007,S001,Fever,568.0,5,572.6,9.607288899580372,-4.600000000000023,-0.8033531260915163,-0.47880313042329165,GREEN
2026-07-06,H007,S002,Headache,293.0,5,287.0,13.397761006974262,6.0,2.0905923344947737,0.4478360225172455,GREEN
2026-07-06,H007,S003,Fatigue,149.0,5,141.6,9.181503144910426,7.400000000000006,5.225988700564976,0.8059682475959332,GREEN
2026-07-06,H007,S004,Chills,80.0,5,80.6,9.964938534682492,-0.5999999999999943,-0.7444168734491244,-0.06021110897089059,GREEN
2026-07-06,H007,S005,Sweating,80.0,5,80.6,9.964938534682492,-0.5999999999999943,-0.7444168734491244,-0.06021110897089059,GREEN
2026-07-06,H007,S006,Dry Cough,295.0,5,293.2,11.649034294738772,1.8000000000000114,0.6139154160982304,0.15451924635615266,GREEN
2026-07-06,H007,S007,Persistent Cough,18.0,5,23.4,4.61519230368573,-5.399999999999999,-23.076923076923073,-1.1700487530470864,GREEN
2026-07-06,H007,S008,Sore Throat,189.0,5,190.0,9.899494936611667,-1.0,-0.5263157894736842,-0.10101525445522105,GREEN
2026-07-06,H007,S009,Runny Nose,125.0,5,116.2,6.833739825307956,8.799999999999997,7.573149741824438,1.287728275432762,GREEN
2026-07-06,H007,S010,Breathlessness,5.0,5,9.6,1.3416407864998738,-4.6,-47.916666666666664,-3.428637565499677,GREEN
2026-07-06,H007,S011,Chest Pain,0.0,5,2.6,0.8944271909999159,-2.6,-100.0,-2.906888370749727,GREEN
2026-07-06,H007,S012,Loss of Taste,19.0,5,22.2,4.207136793592525,-3.1999999999999993,-14.414414414414411,-0.7606123016664453,GREEN
2026-07-06,H007,S013,Loss of Smell,23.0,5,23.2,5.674504383644443,-0.1999999999999993,-0.8620689655172384,-0.03524536884251194,GREEN
2026-07-06,H007,S014,Muscle Pain,266.0,5,262.8,13.881642554107206,3.1999999999999886,1.2176560121765556,0.2305202707480171,GREEN
2026-07-06,H007,S015,Joint Pain,94.0,5,106.4,6.107372593840989,-12.400000000000006,-11.654135338345869,-2.0303329802581307,GREEN
2026-07-06,H007,S016,Retro-orbital Pain,76.0,5,82.2,5.167204273105526,-6.200000000000003,-7.542579075425794,-1.199875149560085,GREEN
2026-07-06,H007,S017,Rash,39.0,5,33.4,7.536577472566709,5.600000000000001,16.76646706586827,0.7430428494079856,GREEN
2026-07-06,H007,S018,Nausea,86.0,5,82.8,12.755391017134675,3.200000000000003,3.8647342995169116,0.25087431625587586,GREEN
2026-07-06,H007,S019,Vomiting,116.0,5,116.0,10.04987562112089,0.0,0.0,0.0,GREEN
2026-07-06,H007,S020,Diarrhoea,86.0,5,90.2,6.723094525588644,-4.200000000000003,-4.6563192904656345,-0.6247123231741665,GREEN
2026-07-06,H007,S021,Abdominal Pain,59.0,5,63.8,10.73312629199899,-4.799999999999997,-7.5235109717868305,-0.44721359549995765,GREEN
2026-07-06,H007,S022,Loss of Appetite,28.0,5,24.4,4.159326868617084,3.6000000000000014,14.754098360655746,0.8655246663018213,GREEN
2026-07-06,H007,S023,Weight Loss,2.0,5,4.8,2.949576240750525,-2.8,-58.333333333333336,-0.9492889050691345,GREEN
2026-07-06,H007,S024,Night Sweats,7.0,5,10.0,3.7416573867739413,-3.0,-30.0,-0.8017837257372732,GREEN
2026-07-06,H007,S025,Bleeding,2.0,5,2.2,2.16794833886788,-0.20000000000000018,-9.090909090909099,-0.09225312080288858,GREEN
2026-07-06,H007,S026,Anaemia,0.0,5,1.6,1.1401754250991378,-1.6,-100.0,-1.403292830891247,GREEN
2026-07-06,H007,S027,Dehydration,3.0,5,2.2,1.0954451150103321,0.7999999999999998,36.36363636363635,0.7302967433402213,GREEN
2026-07-06,H008,S001,Fever,703.0,5,674.6,24.439721766010347,28.399999999999977,4.209902164245475,1.1620426890251019,GREEN
2026-07-06,H008,S002,Headache,359.0,5,336.6,19.35975206452809,22.399999999999977,6.654783125371353,1.1570396111137384,GREEN
2026-07-06,H008,S003,Fatigue,170.0,5,169.0,16.401219466856727,1.0,0.591715976331361,0.06097107608496923,GREEN
2026-07-06,H008,S004,Chills,115.0,5,99.2,4.32434966208793,15.799999999999997,15.927419354838706,3.653728591496754,RED
2026-07-06,H008,S005,Sweating,115.0,5,99.2,4.32434966208793,15.799999999999997,15.927419354838706,3.653728591496754,RED
2026-07-06,H008,S006,Dry Cough,333.0,5,322.6,11.0589330407594,10.399999999999977,3.2238065716056967,0.9404162193286799,GREEN
2026-07-06,H008,S007,Persistent Cough,24.0,5,25.6,6.2289646009589745,-1.6000000000000014,-6.250000000000005,-0.25686451962717444,GREEN
2026-07-06,H008,S008,Sore Throat,202.0,5,210.6,14.25833089811006,-8.599999999999994,-4.083570750237414,-0.6031561521089347,GREEN
2026-07-06,H008,S009,Runny Nose,110.0,5,118.6,7.861297602813418,-8.599999999999994,-7.251264755480602,-1.0939669803267857,GREEN
2026-07-06,H008,S010,Breathlessness,11.0,5,10.0,3.9370039370059056,1.0,10.0,0.254000254000381,GREEN
2026-07-06,H008,S011,Chest Pain,1.0,5,2.2,1.6431676725154984,-1.2000000000000002,-54.545454545454554,-0.7302967433402215,GREEN
2026-07-06,H008,S012,Loss of Taste,37.0,5,28.4,8.848728722251575,8.600000000000001,30.281690140845075,0.971891021856495,GREEN
2026-07-06,H008,S013,Loss of Smell,31.0,5,27.8,8.043631020876083,3.1999999999999993,11.510791366906473,0.39783028233081075,GREEN
2026-07-06,H008,S014,Muscle Pain,310.0,5,311.6,21.651789764358963,-1.6000000000000227,-0.5134788189987236,-0.07389689339371772,GREEN
2026-07-06,H008,S015,Joint Pain,135.0,5,138.2,9.444575162494079,-3.1999999999999886,-2.3154848046309615,-0.33881883991010003,GREEN
2026-07-06,H008,S016,Retro-orbital Pain,114.0,5,114.8,10.917875251164944,-0.7999999999999972,-0.6968641114982554,-0.07327433054473091,GREEN
2026-07-06,H008,S017,Rash,34.0,5,44.4,5.941380311005179,-10.399999999999999,-23.42342342342342,-1.7504349924774465,GREEN
2026-07-06,H008,S018,Nausea,91.0,5,101.8,7.791020472312981,-10.799999999999997,-10.609037328094301,-1.3862112207739734,GREEN
2026-07-06,H008,S019,Vomiting,125.0,5,139.0,5.147815070493503,-14.0,-10.071942446043165,-2.7196004146003383,GREEN
2026-07-06,H008,S020,Diarrhoea,96.0,5,103.4,7.402702209328697,-7.400000000000006,-7.156673114119928,-0.9996349698728545,GREEN
2026-07-06,H008,S021,Abdominal Pain,68.0,5,70.4,8.64869932417586,-2.4000000000000057,-3.409090909090917,-0.27749837403772887,GREEN
2026-07-06,H008,S022,Loss of Appetite,27.0,5,24.6,3.7815340802378077,2.3999999999999986,9.756097560975602,0.6346630624175337,GREEN
2026-07-06,H008,S023,Weight Loss,2.0,5,3.8,2.6832815729997477,-1.7999999999999998,-47.368421052631575,-0.6708203932499368,GREEN
2026-07-06,H008,S024,Night Sweats,7.0,5,7.4,3.847076812334269,-0.40000000000000036,-5.40540540540541,-0.10397504898200735,GREEN
2026-07-06,H008,S025,Bleeding,8.0,5,2.6,1.9493588689617927,5.4,207.6923076923077,2.7701415506299165,ORANGE
2026-07-06,H008,S026,Anaemia,3.0,5,1.8,1.3038404810405297,1.2,66.66666666666666,0.9203579866168445,GREEN
2026-07-06,H008,S027,Dehydration,2.0,5,3.0,2.5495097567963922,-1.0,-33.33333333333333,-0.3922322702763681,GREEN
2026-07-06,H009,S001,Fever,519.0,5,537.2,23.815961034566705,-18.200000000000045,-3.387937453462406,-0.7641933900372275,GREEN
2026-07-06,H009,S002,Headache,278.0,5,280.0,10.319883720275143,-2.0,-0.7142857142857143,-0.19380063324460375,GREEN
2026-07-06,H009,S003,Fatigue,123.0,5,128.2,14.34224529144583,-5.199999999999989,-4.056162246489851,-0.36256526745511974,GREEN
2026-07-06,H009,S004,Chills,84.0,5,91.2,10.825894882179487,-7.200000000000003,-7.8947368421052655,-0.6650720405434499,GREEN
2026-07-06,H009,S005,Sweating,84.0,5,91.2,10.825894882179487,-7.200000000000003,-7.8947368421052655,-0.6650720405434499,GREEN
2026-07-06,H009,S006,Dry Cough,239.0,5,228.6,17.98054504179448,10.400000000000006,4.549431321084867,0.578402933605514,GREEN
2026-07-06,H009,S007,Persistent Cough,20.0,5,19.6,3.6469165057620936,0.3999999999999986,2.0408163265306047,0.10968169942141598,GREEN
2026-07-06,H009,S008,Sore Throat,149.0,5,149.6,14.943225890014512,-0.5999999999999943,-0.40106951871657376,-0.040151972834790065,GREEN
2026-07-06,H009,S009,Runny Nose,92.0,5,82.0,10.319883720275147,10.0,12.195121951219512,0.9690031662230184,GREEN
2026-07-06,H009,S010,Breathlessness,6.0,5,7.6,2.0736441353327724,-1.5999999999999996,-21.052631578947363,-0.771588515472659,GREEN
2026-07-06,H009,S011,Chest Pain,0.0,5,1.8,1.4832396974191326,-1.8,-100.0,-1.2135597524338357,GREEN
2026-07-06,H009,S012,Loss of Taste,21.0,5,18.8,6.220932405998316,2.1999999999999993,11.702127659574463,0.3536447362583021,GREEN
2026-07-06,H009,S013,Loss of Smell,22.0,5,19.6,4.61519230368573,2.3999999999999986,12.244897959183664,0.5200216680209271,GREEN
2026-07-06,H009,S014,Muscle Pain,224.0,5,250.8,22.196846622887676,-26.80000000000001,-10.685805422647531,-1.2073787081254108,GREEN
2026-07-06,H009,S015,Joint Pain,99.0,5,118.6,7.127411872482185,-19.599999999999994,-16.526138279932542,-2.7499463130049366,GREEN
2026-07-06,H009,S016,Retro-orbital Pain,80.0,5,89.6,8.706319543871565,-9.599999999999994,-10.714285714285708,-1.1026473300945514,GREEN
2026-07-06,H009,S017,Rash,31.0,5,39.6,5.941380311005179,-8.600000000000001,-21.71717171717172,-1.4474750899332736,GREEN
2026-07-06,H009,S018,Nausea,92.0,5,93.6,10.285912696499032,-1.5999999999999943,-1.7094017094017033,-0.15555255495650655,GREEN
2026-07-06,H009,S019,Vomiting,121.0,5,126.6,12.32071426500915,-5.599999999999994,-4.423380726698258,-0.45451910332049533,GREEN
2026-07-06,H009,S020,Diarrhoea,93.0,5,98.6,8.14248119432891,-5.599999999999994,-5.679513184584173,-0.687751051104704,GREEN
2026-07-06,H009,S021,Abdominal Pain,59.0,5,69.0,9.027735042633894,-10.0,-14.492753623188406,-1.1076975512434226,GREEN
2026-07-06,H009,S022,Loss of Appetite,25.0,5,25.4,6.4265076052238514,-0.3999999999999986,-1.5748031496062938,-0.06224220440894749,GREEN
2026-07-06,H009,S023,Weight Loss,2.0,5,2.6,1.51657508881031,-0.6000000000000001,-23.076923076923077,-0.3956282840374723,GREEN
2026-07-06,H009,S024,Night Sweats,7.0,5,6.6,2.5099800796022267,0.40000000000000036,6.060606060606066,0.1593638145779193,GREEN
2026-07-06,H009,S025,Bleeding,3.0,5,2.4,1.140175425099138,0.6000000000000001,25.000000000000007,0.5262348115842176,GREEN
2026-07-06,H009,S026,Anaemia,2.0,5,1.4,1.140175425099138,0.6000000000000001,42.85714285714287,0.5262348115842176,GREEN
2026-07-06,H009,S027,Dehydration,1.0,5,2.6,2.073644135332772,-1.6,-61.53846153846154,-0.7715885154726595,GREEN
2026-07-06,H010,S001,Fever,848.0,5,840.2,27.371518043396854,7.7999999999999545,0.9283503927636223,0.28496775325479756,GREEN
2026-07-06,H010,S002,Headache,454.0,5,431.0,21.575449010391416,23.0,5.336426914153132,1.0660264817164395,GREEN
2026-07-06,H010,S003,Fatigue,194.0,5,189.8,16.724233913695418,4.199999999999989,2.2128556375131656,0.2511325793261372,GREEN
2026-07-06,H010,S004,Chills,137.0,5,124.2,13.026895255585655,12.799999999999997,10.305958132045086,0.9825825531614396,GREEN
2026-07-06,H010,S005,Sweating,137.0,5,124.2,13.026895255585655,12.799999999999997,10.305958132045086,0.9825825531614396,GREEN
2026-07-06,H010,S006,Dry Cough,364.0,5,399.6,10.691117808723277,-35.60000000000002,-8.908908908908913,-3.329866964046797,GREEN
2026-07-06,H010,S007,Persistent Cough,31.0,5,31.4,7.602631123499285,-0.3999999999999986,-1.2738853503184668,-0.05261336417646545,GREEN
2026-07-06,H010,S008,Sore Throat,220.0,5,251.8,5.167204273105525,-31.80000000000001,-12.629070691024626,-6.154198347743662,GREEN
2026-07-06,H010,S009,Runny Nose,161.0,5,165.6,17.1697408250678,-4.599999999999994,-2.7777777777777746,-0.2679131879081133,GREEN
2026-07-06,H010,S010,Breathlessness,14.0,5,8.8,3.1937438845342627,5.199999999999999,59.09090909090908,1.6281831568213883,YELLOW
2026-07-06,H010,S011,Chest Pain,4.0,5,2.8,2.0493901531919194,1.2000000000000002,42.85714285714287,0.58554004376912,GREEN
2026-07-06,H010,S012,Loss of Taste,36.0,5,29.2,5.540758070878027,6.800000000000001,23.28767123287672,1.2272688886635372,GREEN
2026-07-06,H010,S013,Loss of Smell,31.0,5,29.8,3.7682887362833544,1.1999999999999993,4.02684563758389,0.31844693546056496,GREEN
2026-07-06,H010,S014,Muscle Pain,392.0,5,393.8,16.300306745579967,-1.8000000000000114,-0.4570848146267169,-0.11042736974800207,GREEN
2026-07-06,H010,S015,Joint Pain,183.0,5,164.8,12.930583900195689,18.19999999999999,11.043689320388342,1.4075157116241714,GREEN
2026-07-06,H010,S016,Retro-orbital Pain,130.0,5,125.6,8.648699324175862,4.400000000000006,3.503184713375801,0.508747019069169,GREEN
2026-07-06,H010,S017,Rash,49.0,5,51.2,6.180614856144977,-2.200000000000003,-4.296875000000005,-0.3559516409298159,GREEN
2026-07-06,H010,S018,Nausea,128.0,5,141.0,7.549834435270749,-13.0,-9.219858156028367,-1.7218920641845572,GREEN
2026-07-06,H010,S019,Vomiting,181.0,5,199.0,11.379806676741042,-18.0,-9.045226130653267,-1.5817491905894885,GREEN
2026-07-06,H010,S020,Diarrhoea,161.0,5,158.4,10.014988766843427,2.5999999999999943,1.6414141414141377,0.2596108753119925,GREEN
2026-07-06,H010,S021,Abdominal Pain,114.0,5,110.8,9.731392500562292,3.200000000000003,2.8880866425992804,0.3288326927328338,GREEN
2026-07-06,H010,S022,Loss of Appetite,47.0,5,39.4,5.683308895353129,7.600000000000001,19.289340101522846,1.3372491518477951,GREEN
2026-07-06,H010,S023,Weight Loss,5.0,5,5.8,2.0493901531919194,-0.7999999999999998,-13.79310344827586,-0.39036002917941326,GREEN
2026-07-06,H010,S024,Night Sweats,12.0,5,13.2,2.7748873851023217,-1.1999999999999993,-9.090909090909086,-0.43244998209386804,GREEN
2026-07-06,H010,S025,Bleeding,4.0,5,3.8,0.8366600265340756,0.20000000000000018,5.263157894736848,0.23904572186687895,GREEN
2026-07-06,H010,S026,Anaemia,1.0,5,3.0,2.0,-2.0,-66.66666666666666,-1.0,GREEN
2026-07-06,H010,S027,Dehydration,7.0,5,6.0,4.0,1.0,16.666666666666664,0.25,GREEN
2026-07-13,H001,S001,Fever,950.0,6,926.1666666666666,14.30268040147253,23.83333333333337,2.573330933957175,1.6663543241083407,YELLOW
2026-07-13,H001,S002,Headache,487.0,6,468.1666666666667,17.116269063866305,18.833333333333314,4.02278390886436,1.1003176722135,GREEN
2026-07-13,H001,S003,Fatigue,224.0,6,218.16666666666666,10.796604404472113,5.833333333333343,2.6737967914438547,0.540293328791142,GREEN
2026-07-13,H001,S004,Chills,125.0,6,135.5,9.48156105290685,-10.5,-7.7490774907749085,-1.107412581262757,GREEN
2026-07-13,H001,S005,Sweating,125.0,6,135.5,9.48156105290685,-10.5,-7.7490774907749085,-1.107412581262757,GREEN
2026-07-13,H001,S006,Dry Cough,501.0,6,480.3333333333333,15.97080670056045,20.666666666666686,4.302567661346291,1.2940277253459869,GREEN
2026-07-13,H001,S007,Persistent Cough,28.0,6,32.666666666666664,7.339391437078873,-4.666666666666664,-14.28571428571428,-0.6358383670736643,GREEN
2026-07-13,H001,S008,Sore Throat,325.0,6,308.5,14.788509052639482,16.5,5.348460291734198,1.1157311356586719,GREEN
2026-07-13,H001,S009,Runny Nose,210.0,6,188.0,12.132600710482485,22.0,11.702127659574469,1.8132963018384136,YELLOW
2026-07-13,H001,S010,Breathlessness,7.0,6,14.166666666666666,2.7868739954771304,-7.166666666666666,-50.588235294117645,-2.5715790087020736,GREEN
2026-07-13,H001,S011,Chest Pain,0.0,6,2.8333333333333335,0.752772652709081,-2.8333333333333335,-100.0,-3.7638632635454052,GREEN
2026-07-13,H001,S012,Loss of Taste,30.0,6,36.833333333333336,4.875106836436168,-6.833333333333336,-18.552036199095028,-1.401678683687819,GREEN
2026-07-13,H001,S013,Loss of Smell,28.0,6,39.5,3.0822070014844893,-11.5,-29.11392405063291,-3.731092686007537,GREEN
2026-07-13,H001,S014,Muscle Pain,449.0,6,414.5,12.24336555037054,34.5,8.323281061519904,2.8178526450152326,ORANGE
2026-07-13,H001,S015,Joint Pain,176.0,6,161.5,7.6092049518987235,14.5,8.978328173374612,1.9055867323407838,YELLOW
2026-07-13,H001,S016,Retro-orbital Pain,128.0,6,116.0,7.874007874011812,12.0,10.344827586206897,1.5240015240022857,YELLOW
2026-07-13,H001,S017,Rash,55.0,6,52.0,5.176871642217913,3.0,5.769230769230769,0.5795005569646919,GREEN
2026-07-13,H001,S018,Nausea,132.0,6,126.66666666666667,9.373722135132162,5.333333333333329,4.21052631578947,0.5689664421931505,GREEN
2026-07-13,H001,S019,Vomiting,173.0,6,176.66666666666666,6.6231915770772245,-3.666666666666657,-2.075471698113202,-0.5536102382055413,GREEN
2026-07-13,H001,S020,Diarrhoea,142.0,6,140.16666666666666,9.064583093924767,1.8333333333333428,1.3079667063020284,0.20225236112205458,GREEN
2026-07-13,H001,S021,Abdominal Pain,101.0,6,99.83333333333333,5.192943930629972,1.1666666666666714,1.1686143572621084,0.22466382889004918,GREEN
2026-07-13,H001,S022,Loss of Appetite,41.0,6,42.666666666666664,6.772493386240157,-1.6666666666666643,-3.9062499999999947,-0.24609350967442395,GREEN
2026-07-13,H001,S023,Weight Loss,0.0,6,4.333333333333333,1.632993161855452,-4.333333333333333,-100.0,-2.6536138880151094,GREEN
2026-07-13,H001,S024,Night Sweats,8.0,6,10.5,2.8106938645110393,-2.5,-23.809523809523807,-0.889460083706025,GREEN
2026-07-13,H001,S025,Bleeding,4.0,6,3.3333333333333335,2.160246899469287,0.6666666666666665,19.999999999999996,0.3086066999241837,GREEN
2026-07-13,H001,S026,Anaemia,2.0,6,3.0,1.5491933384829668,-1.0,-33.33333333333333,-0.6454972243679028,GREEN
2026-07-13,H001,S027,Dehydration,6.0,6,4.333333333333333,1.8618986725025255,1.666666666666667,38.46153846153847,0.8951435925492912,GREEN
2026-07-13,H002,S001,Fever,762.0,6,759.0,15.40129864654277,3.0,0.3952569169960474,0.194788768716814,GREEN
2026-07-13,H002,S002,Headache,407.0,6,375.0,11.081516141756055,32.0,8.533333333333333,2.8876915027377343,ORANGE
2026-07-13,H002,S003,Fatigue,172.0,6,176.83333333333334,8.704405015086708,-4.833333333333343,-2.733270499528752,-0.5552744070336892,GREEN
2026-07-13,H002,S004,Chills,94.0,6,103.33333333333333,11.413442367080437,-9.333333333333329,-9.032258064516125,-0.8177491972319653,GREEN
2026-07-13,H002,S005,Sweating,94.0,6,103.33333333333333,11.413442367080437,-9.333333333333329,-9.032258064516125,-0.8177491972319653,GREEN
2026-07-13,H002,S006,Dry Cough,403.0,6,397.8333333333333,20.61471966015222,5.166666666666686,1.2987012987013036,0.25062997469006254,GREEN
2026-07-13,H002,S007,Persistent Cough,29.0,6,29.0,5.932958789676531,0.0,0.0,0.0,GREEN
2026-07-13,H002,S008,Sore Throat,265.0,6,263.1666666666667,18.06008490197836,1.8333333333333144,0.6966434452184854,0.10151299638311695,GREEN
2026-07-13,H002,S009,Runny Nose,175.0,6,152.33333333333334,15.461780837493029,22.666666666666657,14.879649890590802,1.4659803359586248,GREEN
2026-07-13,H002,S010,Breathlessness,11.0,6,10.833333333333334,4.445971959725642,0.16666666666666607,1.538461538461533,0.03748711601792265,GREEN
2026-07-13,H002,S011,Chest Pain,1.0,6,2.1666666666666665,1.3291601358251257,-1.1666666666666665,-53.84615384615385,-0.8777472595071584,GREEN
2026-07-13,H002,S012,Loss of Taste,21.0,6,32.5,3.8340579025361627,-11.5,-35.38461538461539,-2.999433053004481,GREEN
2026-07-13,H002,S013,Loss of Smell,26.0,6,33.833333333333336,6.7946057035465035,-7.833333333333336,-23.152709359605915,-1.1528753359808148,GREEN
2026-07-13,H002,S014,Muscle Pain,358.0,6,352.0,16.780941570722426,6.0,1.7045454545454544,0.3575484709670971,GREEN
2026-07-13,H002,S015,Joint Pain,132.0,6,138.66666666666666,9.811557810392122,-6.666666666666657,-4.807692307692301,-0.6794707624925284,GREEN
2026-07-13,H002,S016,Retro-orbital Pain,95.0,6,108.83333333333333,8.232051182218601,-13.833333333333329,-12.71056661562021,-1.6804236304086169,GREEN
2026-07-13,H002,S017,Rash,44.0,6,45.0,8.438009243891594,-1.0,-2.2222222222222223,-0.11851136578499431,GREEN
2026-07-13,H002,S018,Nausea,107.0,6,111.5,17.76231966833161,-4.5,-4.0358744394618835,-0.253345288454809,GREEN
2026-07-13,H002,S019,Vomiting,161.0,6,147.16666666666666,13.347908700117282,13.833333333333343,9.399773499433756,1.036367092712568,GREEN
2026-07-13,H002,S020,Diarrhoea,123.0,6,116.33333333333333,12.011105971835677,6.666666666666671,5.73065902578797,0.5550418656116306,GREEN
2026-07-13,H002,S021,Abdominal Pain,81.0,6,79.33333333333333,9.77070451229934,1.6666666666666714,2.1008403361344596,0.1705779419046677,GREEN
2026-07-13,H002,S022,Loss of Appetite,29.0,6,28.833333333333332,7.600438583836242,0.16666666666666785,0.578034682080929,0.021928559099354577,GREEN
2026-07-13,H002,S023,Weight Loss,1.0,6,4.666666666666667,3.1411250638372654,-3.666666666666667,-78.57142857142857,-1.1673099899395247,GREEN
2026-07-13,H002,S024,Night Sweats,10.0,6,10.0,3.40587727318528,0.0,0.0,0.0,GREEN
2026-07-13,H002,S025,Bleeding,1.0,6,3.1666666666666665,1.6020819787597222,-2.1666666666666665,-68.42105263157895,-1.3524068651867782,GREEN
2026-07-13,H002,S026,Anaemia,1.0,6,1.0,0.6324555320336759,0.0,0.0,0.0,GREEN
2026-07-13,H002,S027,Dehydration,7.0,6,2.8333333333333335,1.3291601358251257,4.166666666666666,147.05882352941174,3.134811641096994,RED
2026-07-13,H003,S001,Fever,926.0,6,928.3333333333334,19.64348916732124,-2.3333333333333712,-0.25134649910233803,-0.11878405681690639,GREEN
2026-07-13,H003,S002,Headache,477.0,6,483.6666666666667,15.095253117012199,-6.666666666666686,-1.3783597518952484,-0.4416399390582871,GREEN
2026-07-13,H003,S003,Fatigue,222.0,6,208.66666666666666,10.984838035522719,13.333333333333343,6.389776357827481,1.21379425806881,GREEN
2026-07-13,H003,S004,Chills,167.0,6,151.16666666666666,6.911343333004565,15.833333333333343,10.474090407938265,2.290919806822869,ORANGE
2026-07-13,H003,S005,Sweating,167.0,6,151.16666666666666,6.911343333004565,15.833333333333343,10.474090407938265,2.290919806822869,ORANGE
2026-07-13,H003,S006,Dry Cough,396.0,6,397.5,15.630099167951556,-1.5,-0.37735849056603776,-0.09596868093298135,GREEN
2026-07-13,H003,S007,Persistent Cough,27.0,6,28.166666666666668,4.535048695071164,-1.1666666666666679,-4.14201183431953,-0.25725559858588476,GREEN
2026-07-13,H003,S008,Sore Throat,232.0,6,249.66666666666666,13.017936344392936,-17.666666666666657,-7.076101468624829,-1.3571019399150783,GREEN
2026-07-13,H003,S009,Runny Nose,147.0,6,148.33333333333334,12.832251036613439,-1.3333333333333428,-0.8988764044943883,-0.10390486669322696,GREEN
2026-07-13,H003,S010,Breathlessness,11.0,6,8.666666666666666,3.444802848737017,2.333333333333334,26.923076923076934,0.6773488747516608,GREEN
2026-07-13,H003,S011,Chest Pain,2.0,6,2.0,1.4142135623730951,0.0,0.0,0.0,GREEN
2026-07-13,H003,S012,Loss of Taste,33.0,6,30.333333333333332,9.092121131323903,2.666666666666668,8.791208791208796,0.2932942300427067,GREEN
2026-07-13,H003,S013,Loss of Smell,35.0,6,31.0,7.0710678118654755,4.0,12.903225806451612,0.565685424949238,GREEN
2026-07-13,H003,S014,Muscle Pain,425.0,6,443.3333333333333,15.187714333192691,-18.333333333333314,-4.135338345864657,-1.2071160235919032,GREEN
2026-07-13,H003,S015,Joint Pain,181.0,6,211.83333333333334,11.28568414703631,-30.833333333333343,-14.55546813532652,-2.73207480659738,GREEN
2026-07-13,H003,S016,Retro-orbital Pain,162.0,6,167.5,8.666025617317317,-5.5,-3.2835820895522385,-0.6346623288314948,GREEN
2026-07-13,H003,S017,Rash,50.0,6,67.16666666666667,8.035338615557322,-17.16666666666667,-25.55831265508685,-2.1363961729540644,GREEN
2026-07-13,H003,S018,Nausea,146.0,6,147.5,11.256109452204168,-1.5,-1.0169491525423728,-0.1332609643118094,GREEN
2026-07-13,H003,S019,Vomiting,194.0,6,192.0,7.7201036262475125,2.0,1.0416666666666665,0.2590638800754199,GREEN
2026-07-13,H003,S020,Diarrhoea,146.0,6,145.0,6.752777206453656,1.0,0.6896551724137931,0.14808721943977302,GREEN
2026-07-13,H003,S021,Abdominal Pain,93.0,6,103.66666666666667,10.366613075960089,-10.666666666666671,-10.28938906752412,-1.028944225901746,GREEN
2026-07-13,H003,S022,Loss of Appetite,36.0,6,40.5,4.764451699828638,-4.5,-11.11111111111111,-0.9444948303625055,GREEN
2026-07-13,H003,S023,Weight Loss,2.0,6,3.6666666666666665,2.7325202042558927,-1.6666666666666665,-45.45454545454545,-0.6099375455928332,GREEN
2026-07-13,H003,S024,Night Sweats,11.0,6,9.166666666666666,4.167333280008532,1.833333333333334,20.000000000000007,0.43992961689149573,GREEN
2026-07-13,H003,S025,Bleeding,4.0,6,4.0,2.0,0.0,0.0,0.0,GREEN
2026-07-13,H003,S026,Anaemia,5.0,6,2.8333333333333335,1.4719601443879746,2.1666666666666665,76.47058823529412,1.4719601443879742,GREEN
2026-07-13,H003,S027,Dehydration,5.0,6,6.333333333333333,2.250925735484551,-1.333333333333333,-21.052631578947363,-0.5923488777590922,GREEN
2026-07-13,H004,S001,Fever,889.0,6,876.5,19.613770672667705,12.5,1.426126640045636,0.6373073392470665,GREEN
2026-07-13,H004,S002,Headache,428.0,6,430.8333333333333,16.79781731852882,-2.8333333333333144,-0.6576402321083128,-0.16867270786473001,GREEN
2026-07-13,H004,S003,Fatigue,204.0,6,208.66666666666666,15.500537625084702,-4.666666666666657,-2.236421725239612,-0.3010648262363839,GREEN
2026-07-13,H004,S004,Chills,133.0,6,123.83333333333333,10.127520262466357,9.166666666666671,7.402422611036344,0.9051244953455478,GREEN
2026-07-13,H004,S005,Sweating,133.0,6,123.83333333333333,10.127520262466357,9.166666666666671,7.402422611036344,0.9051244953455478,GREEN
2026-07-13,H004,S006,Dry Cough,422.0,6,434.8333333333333,17.34839089560374,-12.833333333333314,-2.951322345726328,-0.7397419974313245,GREEN
2026-07-13,H004,S007,Persistent Cough,26.0,6,26.666666666666668,6.282250127674532,-0.6666666666666679,-2.5000000000000044,-0.10611908999450241,GREEN
2026-07-13,H004,S008,Sore Throat,277.0,6,282.0,11.38419957660617,-5.0,-1.773049645390071,-0.4392052305789414,GREEN
2026-07-13,H004,S009,Runny Nose,153.0,6,164.33333333333334,8.286535263104035,-11.333333333333343,-6.896551724137937,-1.3676805774055216,GREEN
2026-07-13,H004,S010,Breathlessness,12.0,6,9.0,2.0976176963403033,3.0,33.33333333333333,1.4301938838683883,GREEN
2026-07-13,H004,S011,Chest Pain,3.0,6,2.8333333333333335,1.329160135825126,0.16666666666666652,5.882352941176465,0.12539246564387965,GREEN
2026-07-13,H004,S012,Loss of Taste,32.0,6,33.666666666666664,4.6332134277050825,-1.6666666666666643,-4.950495049504944,-0.35972153941809576,GREEN
2026-07-13,H004,S013,Loss of Smell,33.0,6,33.333333333333336,4.457203906785807,-0.3333333333333357,-1.0000000000000069,-0.07478530044942684,GREEN
2026-07-13,H004,S014,Muscle Pain,403.0,6,398.0,22.271057451320093,5.0,1.256281407035176,0.22450662753346856,GREEN
2026-07-13,H004,S015,Joint Pain,177.0,6,161.66666666666666,17.2819751957543,15.333333333333343,9.484536082474234,0.8872442622820288,GREEN
2026-07-13,H004,S016,Retro-orbital Pain,125.0,6,136.5,21.933991884743644,-11.5,-8.424908424908425,-0.5243003672304134,GREEN
2026-07-13,H004,S017,Rash,59.0,6,56.833333333333336,6.047037842337906,2.1666666666666643,3.8123167155425177,0.3583021510956822,GREEN
2026-07-13,H004,S018,Nausea,146.0,6,146.0,15.849290204927161,0.0,0.0,0.0,GREEN
2026-07-13,H004,S019,Vomiting,201.0,6,192.5,14.570518178843196,8.5,4.415584415584416,0.5833697810653186,GREEN
2026-07-13,H004,S020,Diarrhoea,170.0,6,152.16666666666666,12.921558213569552,17.833333333333343,11.719605695509316,1.3801225083369355,GREEN
2026-07-13,H004,S021,Abdominal Pain,131.0,6,104.83333333333333,13.197221929886103,26.16666666666667,24.960254372019083,1.9827405196096828,YELLOW
2026-07-13,H004,S022,Loss of Appetite,48.0,6,36.833333333333336,6.080021929785013,11.166666666666664,30.316742081447956,1.8366161825770773,YELLOW
2026-07-13,H004,S023,Weight Loss,4.0,6,5.833333333333333,2.041241452319315,-1.833333333333333,-31.428571428571423,-0.8981462390204984,GREEN
2026-07-13,H004,S024,Night Sweats,10.0,6,11.0,1.6733200530681511,-1.0,-9.090909090909092,-0.5976143046671968,GREEN
2026-07-13,H004,S025,Bleeding,3.0,6,3.0,1.7888543819998317,0.0,0.0,0.0,GREEN
2026-07-13,H004,S026,Anaemia,0.0,6,2.3333333333333335,1.505545305418162,-2.3333333333333335,-100.0,-1.5498260496951668,GREEN
2026-07-13,H004,S027,Dehydration,6.0,6,6.166666666666667,2.7141603981096374,-0.16666666666666696,-2.7027027027027075,-0.06140634384863445,GREEN
2026-07-13,H005,S001,Fever,808.0,6,794.8333333333334,8.931218655181747,13.166666666666629,1.6565317676661726,1.4742295732539865,GREEN
2026-07-13,H005,S002,Headache,414.0,6,419.6666666666667,27.28125119320349,-5.666666666666686,-1.3502779984114421,-0.207712858421919,GREEN
2026-07-13,H005,S003,Fatigue,166.0,6,183.5,13.39776100697426,-17.5,-9.536784741144414,-1.306188399008633,GREEN
2026-07-13,H005,S004,Chills,105.0,6,117.83333333333333,5.269408568963566,-12.833333333333329,-10.891089108910887,-2.4354409352352615,GREEN
2026-07-13,H005,S005,Sweating,105.0,6,117.83333333333333,5.269408568963566,-12.833333333333329,-10.891089108910887,-2.4354409352352615,GREEN
2026-07-13,H005,S006,Dry Cough,379.0,6,370.5,14.936532395439043,8.5,2.2941970310391366,0.5690745197724423,GREEN
2026-07-13,H005,S007,Persistent Cough,27.0,6,27.833333333333332,4.020779360604939,-0.8333333333333321,-2.9940119760479,-0.2072566680724193,GREEN
2026-07-13,H005,S008,Sore Throat,254.0,6,242.16666666666666,9.907909298467898,11.833333333333343,4.886441844459743,1.1943320206981691,GREEN
2026-07-13,H005,S009,Runny Nose,157.0,6,152.33333333333334,12.628011192055009,4.666666666666657,3.0634573304157486,0.36954882250997045,GREEN
2026-07-13,H005,S010,Breathlessness,4.0,6,10.5,3.937003937005906,-6.5,-61.904761904761905,-1.6510016510024763,GREEN
2026-07-13,H005,S011,Chest Pain,1.0,6,2.3333333333333335,1.2110601416389966,-1.3333333333333335,-57.14285714285715,-1.1009637651263608,GREEN
2026-07-13,H005,S012,Loss of Taste,18.0,6,26.833333333333332,7.2226495600068175,-8.833333333333332,-32.919254658385086,-1.2230045580842213,GREEN
2026-07-13,H005,S013,Loss of Smell,17.0,6,27.833333333333332,7.5210814825174355,-10.833333333333332,-38.92215568862275,-1.4403956875769983,GREEN
2026-07-13,H005,S014,Muscle Pain,397.0,6,369.0,25.155516293648194,28.0,7.588075880758807,1.113075942196823,GREEN
2026-07-13,H005,S015,Joint Pain,173.0,6,153.0,11.610340218959998,20.0,13.071895424836603,1.7226024063738858,YELLOW
2026-07-13,H005,S016,Retro-orbital Pain,147.0,6,129.83333333333334,13.61494277133278,17.166666666666657,13.222079589216937,1.260869542750652,GREEN
2026-07-13,H005,S017,Rash,46.0,6,54.5,6.833739825307955,-8.5,-15.59633027522936,-1.243828447861191,GREEN
2026-07-13,H005,S018,Nausea,130.0,6,141.16666666666666,13.79009306229174,-11.166666666666657,-7.910271546635177,-0.8097600658839135,GREEN
2026-07-13,H005,S019,Vomiting,198.0,6,185.33333333333334,5.955389715767278,12.666666666666657,6.834532374100714,2.1269248984883125,ORANGE
2026-07-13,H005,S020,Diarrhoea,155.0,6,153.16666666666666,6.1128280416405225,1.8333333333333428,1.1969532100108875,0.2999157379930688,GREEN
2026-07-13,H005,S021,Abdominal Pain,109.0,6,105.33333333333333,8.640987597877146,3.6666666666666714,3.481012658227853,0.42433421239575336,GREEN
2026-07-13,H005,S022,Loss of Appetite,40.0,6,38.5,4.08656334834051,1.5,3.896103896103896,0.36705658817429726,GREEN
2026-07-13,H005,S023,Weight Loss,2.0,6,4.666666666666667,1.505545305418162,-2.666666666666667,-57.14285714285715,-1.7712297710801908,GREEN
2026-07-13,H005,S024,Night Sweats,8.0,6,11.166666666666666,1.7224014243685086,-3.166666666666666,-28.35820895522388,-1.8385183743259355,GREEN
2026-07-13,H005,S025,Bleeding,3.0,6,4.833333333333333,1.9407902170679516,-1.833333333333333,-37.93103448275862,-0.9446324065374984,GREEN
2026-07-13,H005,S026,Anaemia,2.0,6,2.0,1.6733200530681511,0.0,0.0,0.0,GREEN
2026-07-13,H005,S027,Dehydration,3.0,6,6.5,3.7282703764614498,-3.5,-53.84615384615385,-0.9387731163751851,GREEN
2026-07-13,H006,S001,Fever,627.0,6,640.0,5.291502622129169,-13.0,-2.03125,-2.4567690745599826,GREEN
2026-07-13,H006,S002,Headache,314.0,6,328.3333333333333,11.201190412927838,-14.333333333333314,-4.365482233502532,-1.279625897332351,GREEN
2026-07-13,H006,S003,Fatigue,143.0,6,157.0,10.936178491593852,-14.0,-8.9171974522293,-1.2801546729290465,GREEN
2026-07-13,H006,S004,Chills,95.0,6,99.5,14.024977718342372,-4.5,-4.522613065326634,-0.32085612472059316,GREEN
2026-07-13,H006,S005,Sweating,95.0,6,99.5,14.024977718342372,-4.5,-4.522613065326634,-0.32085612472059316,GREEN
2026-07-13,H006,S006,Dry Cough,270.0,6,295.3333333333333,16.91941685362314,-25.333333333333314,-8.577878103837467,-1.4972935268693028,GREEN
2026-07-13,H006,S007,Persistent Cough,26.0,6,35.833333333333336,6.1454590281497,-9.833333333333336,-27.441860465116285,-1.6000974521660745,GREEN
2026-07-13,H006,S008,Sore Throat,167.0,6,188.0,12.505998560690786,-21.0,-11.170212765957446,-1.6791941801439034,GREEN
2026-07-13,H006,S009,Runny Nose,110.0,6,108.0,9.316651759081692,2.0,1.8518518518518516,0.21466939537054594,GREEN
2026-07-13,H006,S010,Breathlessness,4.0,6,8.833333333333334,2.786873995477131,-4.833333333333334,-54.71698113207547,-1.734320726799073,GREEN
2026-07-13,H006,S011,Chest Pain,3.0,6,2.3333333333333335,1.505545305418162,0.6666666666666665,28.571428571428566,0.4428074427700475,GREEN
2026-07-13,H006,S012,Loss of Taste,16.0,6,23.5,6.833739825307955,-7.5,-31.914893617021278,-1.0974956892892862,GREEN
2026-07-13,H006,S013,Loss of Smell,16.0,6,22.833333333333332,7.194905605125523,-6.833333333333332,-29.92700729927007,-0.9497460715072323,GREEN
2026-07-13,H006,S014,Muscle Pain,305.0,6,291.6666666666667,13.155480480266268,13.333333333333314,4.571428571428564,1.013519297401097,GREEN
2026-07-13,H006,S015,Joint Pain,147.0,6,131.66666666666666,9.542885657214319,15.333333333333343,11.645569620253173,1.606781626031693,YELLOW
2026-07-13,H006,S016,Retro-orbital Pain,117.0,6,102.16666666666667,4.167333280008532,14.833333333333329,14.51876019575856,3.5594305366675543,RED
2026-07-13,H006,S017,Rash,42.0,6,41.333333333333336,6.12100209660695,0.6666666666666643,1.6129032258064457,0.10891462805350403,GREEN
2026-07-13,H006,S018,Nausea,116.0,6,100.33333333333333,7.420691791650336,15.666666666666671,15.614617940199341,2.111213766389624,ORANGE
2026-07-13,H006,S019,Vomiting,144.0,6,138.5,8.432081593533118,5.5,3.9711191335740073,0.652270728051085,GREEN
2026-07-13,H006,S020,Diarrhoea,110.0,6,108.33333333333333,5.887840577551897,1.6666666666666714,1.538461538461543,0.2830692585361498,GREEN
2026-07-13,H006,S021,Abdominal Pain,80.0,6,77.33333333333333,9.647106647418525,2.6666666666666714,3.4482758620689715,0.2764213939088407,GREEN
2026-07-13,H006,S022,Loss of Appetite,34.0,6,27.166666666666668,1.6020819787597222,6.833333333333332,25.15337423312883,4.265283190204454,RED
2026-07-13,H006,S023,Weight Loss,4.0,6,3.8333333333333335,2.316606713852541,0.16666666666666652,4.347826086956517,0.0719443078836192,GREEN
2026-07-13,H006,S024,Night Sweats,13.0,6,10.166666666666666,2.1369760566432805,2.833333333333334,27.868852459016402,1.3258610570414522,GREEN
2026-07-13,H006,S025,Bleeding,3.0,6,2.6666666666666665,1.632993161855452,0.3333333333333335,12.500000000000005,0.2041241452319316,GREEN
2026-07-13,H006,S026,Anaemia,1.0,6,2.5,2.073644135332772,-1.5,-60.0,-0.7233642332556183,GREEN
2026-07-13,H006,S027,Dehydration,5.0,6,4.333333333333333,3.32665998663324,0.666666666666667,15.384615384615394,0.20040120401405068,GREEN
2026-07-13,H007,S001,Fever,590.0,6,571.8333333333334,8.795832346439244,18.16666666666663,3.176916350918093,2.065372093412048,ORANGE
2026-07-13,H007,S002,Headache,305.0,6,288.0,12.231107881136523,17.0,5.902777777777778,1.3898986228564234,GREEN
2026-07-13,H007,S003,Fatigue,143.0,6,142.83333333333334,8.750238091998796,0.1666666666666572,0.11668611435238542,0.019047100766213087,GREEN
2026-07-13,H007,S004,Chills,86.0,6,80.5,8.916277250063505,5.5,6.832298136645963,0.6168493695012486,GREEN
2026-07-13,H007,S005,Sweating,86.0,6,80.5,8.916277250063505,5.5,6.832298136645963,0.6168493695012486,GREEN
2026-07-13,H007,S006,Dry Cough,305.0,6,293.5,10.445094542415594,11.5,3.9182282793867125,1.1009953000713042,GREEN
2026-07-13,H007,S007,Persistent Cough,16.0,6,22.5,4.679743582719036,-6.5,-28.888888888888886,-1.3889649903047367,GREEN
2026-07-13,H007,S008,Sore Throat,196.0,6,189.83333333333334,8.863783992554573,6.166666666666657,3.2484635645302844,0.6957149081979606,GREEN
2026-07-13,H007,S009,Runny Nose,118.0,6,117.66666666666667,7.0898989179442236,0.3333333333333286,0.283286118980166,0.04701524481395306,GREEN
2026-07-13,H007,S010,Breathlessness,8.0,6,8.833333333333334,2.2286019533929036,-0.8333333333333339,-9.43396226415095,-0.3739265022471318,GREEN
2026-07-13,H007,S011,Chest Pain,0.0,6,2.1666666666666665,1.329160135825126,-2.1666666666666665,-100.0,-1.630102053370437,GREEN
2026-07-13,H007,S012,Loss of Taste,26.0,6,21.666666666666668,3.983298465677241,4.333333333333332,19.999999999999993,1.0878756313824398,GREEN
2026-07-13,H007,S013,Loss of Smell,21.0,6,23.166666666666668,5.076087732365022,-2.166666666666668,-9.352517985611515,-0.42683790763742113,GREEN
2026-07-13,H007,S014,Muscle Pain,265.0,6,263.3333333333333,12.484657250668384,1.6666666666666856,0.6329113924050705,0.13349719044769598,GREEN
2026-07-13,H007,S015,Joint Pain,109.0,6,104.33333333333333,7.447594690010104,4.666666666666671,4.472843450479238,0.6266005147845043,GREEN
2026-07-13,H007,S016,Retro-orbital Pain,75.0,6,81.16666666666667,5.269408568963568,-6.166666666666671,-7.597535934291587,-1.1702768130351267,GREEN
2026-07-13,H007,S017,Rash,28.0,6,34.333333333333336,7.118052168020874,-6.333333333333336,-18.446601941747577,-0.8897565210026096,GREEN
2026-07-13,H007,S018,Nausea,78.0,6,83.33333333333333,11.483321238503548,-5.333333333333329,-6.399999999999995,-0.46444170833179127,GREEN
2026-07-13,H007,S019,Vomiting,106.0,6,116.0,8.988882021697693,-10.0,-8.620689655172415,-1.1124853987249619,GREEN
2026-07-13,H007,S020,Diarrhoea,83.0,6,89.5,6.252999280345393,-6.5,-7.262569832402235,-1.039501159136702,GREEN
2026-07-13,H007,S021,Abdominal Pain,62.0,6,63.0,9.797958971132712,-1.0,-1.5873015873015872,-0.10206207261596577,GREEN
2026-07-13,H007,S022,Loss of Appetite,24.0,6,25.0,4.0,-1.0,-4.0,-0.25,GREEN
2026-07-13,H007,S023,Weight Loss,0.0,6,4.333333333333333,2.875181153713043,-4.333333333333333,-100.0,-1.5071514112205469,GREEN
2026-07-13,H007,S024,Night Sweats,5.0,6,9.5,3.5637059362410923,-4.5,-47.368421052631575,-1.2627304498492058,GREEN
2026-07-13,H007,S025,Bleeding,1.0,6,2.1666666666666665,1.9407902170679516,-1.1666666666666665,-53.84615384615385,-0.6011297132511354,GREEN
2026-07-13,H007,S026,Anaemia,3.0,6,1.3333333333333333,1.2110601416389966,1.6666666666666667,125.00000000000003,1.376204706407951,GREEN
2026-07-13,H007,S027,Dehydration,3.0,6,2.3333333333333335,1.0327955589886444,0.6666666666666665,28.571428571428566,0.6454972243679027,GREEN
2026-07-13,H008,S001,Fever,676.0,6,679.3333333333334,24.74402284727902,-3.3333333333333712,-0.4906771344455404,-0.13471266794032732,GREEN
2026-07-13,H008,S002,Headache,342.0,6,340.3333333333333,19.582304937536495,1.6666666666666856,0.48971596474045614,0.0851108524753857,GREEN
2026-07-13,H008,S003,Fatigue,164.0,6,169.16666666666666,14.675376201878665,-5.166666666666657,-3.054187192118221,-0.35206366062392647,GREEN
2026-07-13,H008,S004,Chills,103.0,6,101.83333333333333,7.521081482517433,1.1666666666666714,1.145662847790512,0.1551195355852159,GREEN
2026-07-13,H008,S005,Sweating,103.0,6,101.83333333333333,7.521081482517433,1.1666666666666714,1.145662847790512,0.1551195355852159,GREEN
2026-07-13,H008,S006,Dry Cough,305.0,6,324.3333333333333,10.76413798994915,-19.333333333333314,-5.960945529290847,-1.7960874666773614,GREEN
2026-07-13,H008,S007,Persistent Cough,22.0,6,25.333333333333332,5.609515724790034,-3.333333333333332,-13.157894736842103,-0.5942283606769103,GREEN
2026-07-13,H008,S008,Sore Throat,193.0,6,209.16666666666666,13.22749661374618,-16.166666666666657,-7.729083665338641,-1.2222015350860915,GREEN
2026-07-13,H008,S009,Runny Nose,106.0,6,117.16666666666667,7.8591772258084776,-11.166666666666671,-9.530583214793745,-1.4208442367219873,GREEN
2026-07-13,H008,S010,Breathlessness,6.0,6,10.166666666666666,3.5449494589721118,-4.166666666666666,-40.983606557377044,-1.1753811203488431,GREEN
2026-07-13,H008,S011,Chest Pain,2.0,6,2.0,1.5491933384829668,0.0,0.0,0.0,GREEN
2026-07-13,H008,S012,Loss of Taste,19.0,6,29.833333333333332,8.658329323066123,-10.833333333333332,-36.31284916201117,-1.2512036594026188,GREEN
2026-07-13,H008,S013,Loss of Smell,23.0,6,28.333333333333332,7.31209044437134,-5.333333333333332,-18.823529411764703,-0.7293855804859191,GREEN
2026-07-13,H008,S014,Muscle Pain,325.0,6,311.3333333333333,19.376962266223938,13.666666666666686,4.389721627409,0.7053049120340761,GREEN
2026-07-13,H008,S015,Joint Pain,150.0,6,137.66666666666666,8.547904226573126,12.333333333333343,8.958837772397102,1.4428487973686392,GREEN
2026-07-13,H008,S016,Retro-orbital Pain,122.0,6,114.66666666666667,9.770704512299337,7.333333333333329,6.395348837209299,0.7505429443805355,GREEN
2026-07-13,H008,S017,Rash,53.0,6,42.666666666666664,6.8019605016985105,10.333333333333336,24.218750000000007,1.5191698526848267,YELLOW
2026-07-13,H008,S018,Nausea,111.0,6,100.0,8.24621125123532,11.0,11.0,1.3339459376998317,GREEN
2026-07-13,H008,S019,Vomiting,139.0,6,136.66666666666666,7.339391437078872,2.333333333333343,1.7073170731707388,0.3179191835368336,GREEN
2026-07-13,H008,S020,Diarrhoea,97.0,6,102.16666666666667,7.2778201864752505,-5.166666666666671,-5.057096247960852,-0.7099195273150819,GREEN
2026-07-13,H008,S021,Abdominal Pain,72.0,6,70.0,7.79743547584717,2.0,2.857142857142857,0.25649458802128855,GREEN
2026-07-13,H008,S022,Loss of Appetite,40.0,6,25.0,3.521363372331802,15.0,60.0,4.259713756852986,RED
2026-07-13,H008,S023,Weight Loss,2.0,6,3.5,2.5099800796022267,-1.5,-42.857142857142854,-0.5976143046671968,GREEN
2026-07-13,H008,S024,Night Sweats,9.0,6,7.333333333333333,3.444802848737017,1.666666666666667,22.727272727272734,0.48382062482261484,GREEN
2026-07-13,H008,S025,Bleeding,4.0,6,3.5,2.8106938645110393,0.5,14.285714285714285,0.177892016741205,GREEN
2026-07-13,H008,S026,Anaemia,2.0,6,2.0,1.2649110640673518,0.0,0.0,0.0,GREEN
2026-07-13,H008,S027,Dehydration,2.0,6,2.8333333333333335,2.3166067138525404,-0.8333333333333335,-29.411764705882355,-0.3597215394180964,GREEN
2026-07-13,H009,S001,Fever,538.0,6,534.1666666666666,22.56028959625002,3.8333333333333712,0.7176287051482131,0.1699150765321093,GREEN
2026-07-13,H009,S002,Headache,264.0,6,279.6666666666667,9.26642685541016,-15.666666666666686,-5.601907032181174,-1.6906912352650554,GREEN
2026-07-13,H009,S003,Fatigue,128.0,6,127.33333333333333,13.002563849743892,0.6666666666666714,0.5235602094240875,0.0512719394705993,GREEN
2026-07-13,H009,S004,Chills,69.0,6,90.0,10.119288512538814,-21.0,-23.333333333333332,-2.075244714485499,GREEN
2026-07-13,H009,S005,Sweating,69.0,6,90.0,10.119288512538814,-21.0,-23.333333333333332,-2.075244714485499,GREEN
2026-07-13,H009,S006,Dry Cough,253.0,6,230.33333333333334,16.6332999331662,22.666666666666657,9.840810419681615,1.3627281872955432,GREEN
2026-07-13,H009,S007,Persistent Cough,16.0,6,19.666666666666668,3.265986323710904,-3.666666666666668,-18.644067796610177,-1.1226827987756236,GREEN
2026-07-13,H009,S008,Sore Throat,157.0,6,149.5,13.367871932360812,7.5,5.016722408026756,0.5610466675585121,GREEN
2026-07-13,H009,S009,Runny Nose,82.0,6,83.66666666666667,10.092901796146966,-1.6666666666666714,-1.9920318725099657,-0.16513255556523226,GREEN
2026-07-13,H009,S010,Breathlessness,4.0,6,7.333333333333333,1.9663841605003503,-3.333333333333333,-45.45454545454545,-1.6951587590520256,GREEN
2026-07-13,H009,S011,Chest Pain,1.0,6,1.5,1.51657508881031,-0.5,-33.33333333333333,-0.32969023669789355,GREEN
2026-07-13,H009,S012,Loss of Taste,25.0,6,19.166666666666668,5.636192568273964,5.833333333333332,30.43478260869564,1.0349776489485243,GREEN
2026-07-13,H009,S013,Loss of Smell,25.0,6,20.0,4.242640687119285,5.0,25.0,1.1785113019775793,GREEN
2026-07-13,H009,S014,Muscle Pain,245.0,6,246.33333333333334,22.668627366178722,-1.3333333333333428,-0.5412719891745641,-0.05881844153134114,GREEN
2026-07-13,H009,S015,Joint Pain,121.0,6,115.33333333333333,10.230672835481869,5.666666666666671,4.913294797687866,0.553889930583414,GREEN
2026-07-13,H009,S016,Retro-orbital Pain,88.0,6,88.0,8.717797887081346,0.0,0.0,0.0,GREEN
2026-07-13,H009,S017,Rash,43.0,6,38.166666666666664,6.369196704975179,4.833333333333336,12.663755458515292,0.7588607413487273,GREEN
2026-07-13,H009,S018,Nausea,95.0,6,93.33333333333333,9.223159256278006,1.6666666666666714,1.785714285714291,0.1807045308831903,GREEN
2026-07-13,H009,S019,Vomiting,126.0,6,125.66666666666667,11.254628677422751,0.3333333333333286,0.2652519893899166,0.029617443887954207,GREEN
2026-07-13,H009,S020,Diarrhoea,100.0,6,97.66666666666667,7.6332605527825805,2.3333333333333286,2.3890784982935105,0.30567977042035466,GREEN
2026-07-13,H009,S021,Abdominal Pain,66.0,6,67.33333333333333,9.048020041239225,-1.3333333333333286,-1.9801980198019733,-0.14736188992246244,GREEN
2026-07-13,H009,S022,Loss of Appetite,16.0,6,25.333333333333332,5.750362307426086,-9.333333333333332,-36.84210526315789,-1.6230861351605887,GREEN
2026-07-13,H009,S023,Weight Loss,1.0,6,2.5,1.378404875209022,-1.5,-60.0,-1.0882143751650175,GREEN
2026-07-13,H009,S024,Night Sweats,3.0,6,6.666666666666667,2.250925735484551,-3.666666666666667,-55.00000000000001,-1.628959413837504,GREEN
2026-07-13,H009,S025,Bleeding,4.0,6,2.5,1.0488088481701516,1.5,60.0,1.4301938838683883,GREEN
2026-07-13,H009,S026,Anaemia,4.0,6,1.5,1.0488088481701516,2.5,166.66666666666669,2.3836564731139807,ORANGE
2026-07-13,H009,S027,Dehydration,4.0,6,2.3333333333333335,1.96638416050035,1.6666666666666665,71.42857142857142,0.8475793795260129,GREEN
2026-07-13,H010,S001,Fever,825.0,6,841.5,24.688053791257012,-16.5,-1.9607843137254901,-0.6683394381554403,GREEN
2026-07-13,H010,S002,Headache,430.0,6,434.8333333333333,21.460817008368224,-4.833333333333314,-1.1115369873514713,-0.22521665095269444,GREEN
2026-07-13,H010,S003,Fatigue,173.0,6,190.5,15.056560032092323,-17.5,-9.186351706036746,-1.1622840783485473,GREEN
2026-07-13,H010,S004,Chills,120.0,6,126.33333333333333,12.769755936064975,-6.333333333333329,-5.0131926121372,-0.49596353799107595,GREEN
2026-07-13,H010,S005,Sweating,120.0,6,126.33333333333333,12.769755936064975,-6.333333333333329,-5.0131926121372,-0.49596353799107595,GREEN
2026-07-13,H010,S006,Dry Cough,364.0,6,393.6666666666667,17.39731780093319,-29.666666666666686,-7.535986452159192,-1.7052437051575484,GREEN
2026-07-13,H010,S007,Persistent Cough,25.0,6,31.333333333333332,6.801960501698511,-6.333333333333332,-20.212765957446805,-0.9311041032584416,GREEN
2026-07-13,H010,S008,Sore Throat,235.0,6,246.5,13.780420893427022,-11.5,-4.665314401622718,-0.8345173263528739,GREEN
2026-07-13,H010,S009,Runny Nose,149.0,6,164.83333333333334,15.471479136354954,-15.833333333333343,-9.605662285136507,-1.0233884681476966,GREEN
2026-07-13,H010,S010,Breathlessness,9.0,6,9.666666666666666,3.559026084010437,-0.6666666666666661,-6.896551724137925,-0.18731716231633863,GREEN
2026-07-13,H010,S011,Chest Pain,2.0,6,3.0,1.8973665961010273,-1.0,-33.33333333333333,-0.5270462766947299,GREEN
2026-07-13,H010,S012,Loss of Taste,24.0,6,30.333333333333332,5.680375574437545,-6.333333333333332,-20.879120879120876,-1.1149497511809228,GREEN
2026-07-13,H010,S013,Loss of Smell,27.0,6,30.0,3.40587727318528,-3.0,-10.0,-0.8808303292720553,GREEN
2026-07-13,H010,S014,Muscle Pain,414.0,6,393.5,14.59794506086387,20.5,5.209656925031767,1.404307244240777,GREEN
2026-07-13,H010,S015,Joint Pain,172.0,6,167.83333333333334,13.746514709797045,4.166666666666657,2.482621648460769,0.303107133308278,GREEN
2026-07-13,H010,S016,Retro-orbital Pain,152.0,6,126.33333333333333,7.941452428030195,25.66666666666667,20.316622691292878,3.2319864532681026,RED
2026-07-13,H010,S017,Rash,58.0,6,50.833333333333336,5.600595206463923,7.166666666666664,14.098360655737698,1.2796258973323518,GREEN
2026-07-13,H010,S018,Nausea,164.0,6,138.83333333333334,8.588752334691383,25.166666666666657,18.12725090036014,2.930188889603249,ORANGE
2026-07-13,H010,S019,Vomiting,189.0,6,196.0,12.553883861180172,-7.0,-3.571428571428571,-0.5575963643925204,GREEN
2026-07-13,H010,S020,Diarrhoea,148.0,6,158.83333333333334,9.020347369512255,-10.833333333333343,-6.820566631689408,-1.2009884863135951,GREEN
2026-07-13,H010,S021,Abdominal Pain,106.0,6,111.33333333333333,8.801515021101007,-5.333333333333329,-4.790419161676643,-0.6059562837246816,GREEN
2026-07-13,H010,S022,Loss of Appetite,42.0,6,40.666666666666664,5.955389715767279,1.3333333333333357,3.27868852459017,0.2238868314198229,GREEN
2026-07-13,H010,S023,Weight Loss,4.0,6,5.666666666666667,1.8618986725025253,-1.666666666666667,-29.411764705882355,-0.8951435925492913,GREEN
2026-07-13,H010,S024,Night Sweats,6.0,6,13.0,2.5298221281347035,-7.0,-53.84615384615385,-2.766992952647332,GREEN
2026-07-13,H010,S025,Bleeding,5.0,6,3.8333333333333335,0.752772652709081,1.1666666666666665,30.43478260869565,1.5498260496951666,YELLOW
2026-07-13,H010,S026,Anaemia,5.0,6,2.6666666666666665,1.96638416050035,2.3333333333333335,87.50000000000001,1.1866111313364183,GREEN
2026-07-13,H010,S027,Dehydration,5.0,6,6.166666666666667,3.600925806881706,-1.166666666666667,-18.918918918918923,-0.32399075383254433,GREEN
2026-07-20,H001,S001,Fever,956.0,7,929.5714285714286,15.862504456076524,26.428571428571445,2.843092054710314,1.6661033257234061,YELLOW
2026-07-20,H001,S002,Headache,477.0,7,470.85714285714283,17.170018165672502,6.142857142857167,1.3046116504854421,0.35776649061084836,GREEN
2026-07-20,H001,S003,Fatigue,259.0,7,219.0,10.099504938362077,40.0,18.2648401826484,3.9605901719066976,RED
2026-07-20,H001,S004,Chills,133.0,7,134.0,9.521904571390468,-1.0,-0.7462686567164178,-0.10502100630210072,GREEN
2026-07-20,H001,S005,Sweating,133.0,7,134.0,9.521904571390468,-1.0,-0.7462686567164178,-0.10502100630210072,GREEN
2026-07-20,H001,S006,Dry Cough,513.0,7,483.2857142857143,16.539994817757005,29.714285714285722,6.148389003842745,1.7965111864717795,YELLOW
2026-07-20,H001,S007,Persistent Cough,51.0,7,32.0,6.928203230275509,19.0,59.375,2.7424137786507226,ORANGE
2026-07-20,H001,S008,Sore Throat,333.0,7,310.85714285714283,14.870872776769263,22.142857142857167,7.12316176470589,1.4890085790692753,GREEN
2026-07-20,H001,S009,Runny Nose,199.0,7,191.14285714285714,13.84953153754754,7.857142857142861,4.110612855007476,0.56732192246657,GREEN
2026-07-20,H001,S010,Breathlessness,14.0,7,13.142857142857142,3.7161167647860323,0.8571428571428577,6.521739130434787,0.230655523331547,GREEN
2026-07-20,H001,S011,Chest Pain,3.0,7,2.4285714285714284,1.2724180205607036,0.5714285714285716,23.529411764705895,0.44908871313907195,GREEN
2026-07-20,H001,S012,Loss of Taste,38.0,7,35.857142857142854,5.1455019654248,2.142857142857146,5.976095617529889,0.416452497201648,GREEN
2026-07-20,H001,S013,Loss of Smell,33.0,7,37.857142857142854,5.17779140266618,-4.857142857142854,-12.830188679245277,-0.9380723322769983,GREEN
2026-07-20,H001,S014,Muscle Pain,429.0,7,419.42857142857144,17.17417773730029,9.571428571428555,2.282016348773838,0.557315099321497,GREEN
2026-07-20,H001,S015,Joint Pain,150.0,7,163.57142857142858,8.847921466972585,-13.571428571428584,-8.296943231441055,-1.5338549988364893,GREEN
2026-07-20,H001,S016,Retro-orbital Pain,102.0,7,117.71428571428571,8.499299691038978,-15.714285714285708,-13.349514563106792,-1.8488918246821757,GREEN
2026-07-20,H001,S017,Rash,54.0,7,52.42857142857143,4.859943170351646,1.5714285714285694,2.997275204359669,0.3233429931887181,GREEN
2026-07-20,H001,S018,Nausea,142.0,7,127.42857142857143,8.79122939558025,14.57142857142857,11.434977578475335,1.6574961152480319,YELLOW
2026-07-20,H001,S019,Vomiting,203.0,7,176.14285714285714,6.202917900165254,26.85714285714286,15.247364152473644,4.329759524372772,RED
2026-07-20,H001,S020,Diarrhoea,157.0,7,140.42857142857142,8.303757038376121,16.571428571428584,11.800610376398788,1.9956543158528257,YELLOW
2026-07-20,H001,S021,Abdominal Pain,104.0,7,100.0,4.760952285695233,4.0,4.0,0.8401680504168059,GREEN
2026-07-20,H001,S022,Loss of Appetite,42.0,7,42.42857142857143,6.214422549122937,-0.4285714285714306,-1.0101010101010148,-0.06896399869556928,GREEN
2026-07-20,H001,S023,Weight Loss,10.0,7,3.7142857142857144,2.2146697055682827,6.285714285714286,169.23076923076923,2.8382174867477024,ORANGE
2026-07-20,H001,S024,Night Sweats,21.0,7,10.142857142857142,2.734262327610589,10.857142857142858,107.04225352112677,3.970775864300728,RED
2026-07-20,H001,S025,Bleeding,2.0,7,3.4285714285714284,1.9880595947760098,-1.4285714285714284,-41.666666666666664,-0.7185757571479553,GREEN
2026-07-20,H001,S026,Anaemia,3.0,7,2.857142857142857,1.4638501094227998,0.1428571428571428,4.999999999999997,0.09759000729485327,GREEN
2026-07-20,H001,S027,Dehydration,6.0,7,4.571428571428571,1.8126539343499313,1.4285714285714288,31.250000000000007,0.7881104062391009,GREEN
2026-07-20,H002,S001,Fever,749.0,7,759.4285714285714,14.105048066291058,-10.428571428571445,-1.3732129420617027,-0.7393502935657597,GREEN
2026-07-20,H002,S002,Headache,378.0,7,379.57142857142856,15.767658279498821,-1.5714285714285552,-0.4140007527286371,-0.09966150607612631,GREEN
2026-07-20,H002,S003,Fatigue,180.0,7,176.14285714285714,8.15329322888552,3.857142857142861,2.1897810218978124,0.47307790224908874,GREEN
2026-07-20,H002,S004,Chills,94.0,7,102.0,11.0,-8.0,-7.8431372549019605,-0.7272727272727273,GREEN
2026-07-20,H002,S005,Sweating,94.0,7,102.0,11.0,-8.0,-7.8431372549019605,-0.7272727272727273,GREEN
2026-07-20,H002,S006,Dry Cough,392.0,7,398.57142857142856,18.919629514141675,-6.571428571428555,-1.6487455197132577,-0.34733389290295946,GREEN
2026-07-20,H002,S007,Persistent Cough,32.0,7,29.0,5.41602560309064,3.0,10.344827586206897,0.5539117094069973,GREEN
2026-07-20,H002,S008,Sore Throat,251.0,7,263.42857142857144,16.50108221559163,-12.428571428571445,-4.7180043383948,-0.7531973519184014,GREEN
2026-07-20,H002,S009,Runny Nose,159.0,7,155.57142857142858,16.51117947389125,3.4285714285714164,2.203856749311287,0.2076515147808149,GREEN
2026-07-20,H002,S010,Breathlessness,9.0,7,10.857142857142858,4.059087394500207,-1.8571428571428577,-17.10526315789474,-0.45752719186563034,GREEN
2026-07-20,H002,S011,Chest Pain,2.0,7,2.0,1.2909944487358056,0.0,0.0,0.0,GREEN
2026-07-20,H002,S012,Loss of Taste,25.0,7,30.857142857142858,5.5805785670356025,-5.857142857142858,-18.98148148148148,-1.0495583543507327,GREEN
2026-07-20,H002,S013,Loss of Smell,27.0,7,32.714285714285715,6.8729975438737965,-5.714285714285715,-17.467248908296945,-0.83141099321054,GREEN
2026-07-20,H002,S014,Muscle Pain,355.0,7,352.85714285714283,15.48578457197193,2.142857142857167,0.6072874493927195,0.13837575570666097,GREEN
2026-07-20,H002,S015,Joint Pain,146.0,7,137.71428571428572,9.304376850247872,8.285714285714278,6.016597510373438,0.8905179163603572,GREEN
2026-07-20,H002,S016,Retro-orbital Pain,104.0,7,106.85714285714286,9.154754164341268,-2.857142857142861,-2.673796791443854,-0.3120938919661801,GREEN
2026-07-20,H002,S017,Rash,53.0,7,44.857142857142854,7.712080813644945,8.142857142857146,18.152866242038222,1.0558573411795726,GREEN
2026-07-20,H002,S018,Nausea,126.0,7,110.85714285714286,16.303665962277435,15.142857142857139,13.659793814432986,0.9288007481197104,GREEN
2026-07-20,H002,S019,Vomiting,162.0,7,149.14285714285714,13.259318376505021,12.857142857142861,8.620689655172416,0.9696684619870959,GREEN
2026-07-20,H002,S020,Diarrhoea,122.0,7,117.28571428571429,11.250396818398388,4.714285714285708,4.019488428745427,0.4190328386085173,GREEN
2026-07-20,H002,S021,Abdominal Pain,81.0,7,79.57142857142857,8.941609528064896,1.4285714285714306,1.7953321364452448,0.15976669794040937,GREEN
2026-07-20,H002,S022,Loss of Appetite,31.0,7,28.857142857142858,6.938505396903366,2.1428571428571423,7.425742574257424,0.30883555179095096,GREEN
2026-07-20,H002,S023,Weight Loss,4.0,7,4.142857142857143,3.1847852585154217,-0.14285714285714324,-3.4482758620689746,-0.04485613040162578,GREEN
2026-07-20,H002,S024,Night Sweats,11.0,7,10.0,3.1091263510296048,1.0,10.0,0.32163376045133846,GREEN
2026-07-20,H002,S025,Bleeding,7.0,7,2.857142857142857,1.6761634196950517,4.142857142857142,144.99999999999997,2.471630805313042,ORANGE
2026-07-20,H002,S026,Anaemia,0.0,7,1.0,0.5773502691896257,-1.0,-100.0,-1.7320508075688774,GREEN
2026-07-20,H002,S027,Dehydration,3.0,7,3.4285714285714284,1.9880595947760098,-0.4285714285714284,-12.499999999999995,-0.21557272714438652,GREEN
2026-07-20,H003,S001,Fever,928.0,7,928.0,17.953644012660313,0.0,0.0,0.0,GREEN
2026-07-20,H003,S002,Headache,508.0,7,482.7142857142857,14.008500820505205,25.285714285714278,5.238236164545722,1.805026434284948,YELLOW
2026-07-20,H003,S003,Fatigue,175.0,7,210.57142857142858,11.222850838908126,-35.571428571428584,-16.892808683853463,-3.169553715185021,GREEN
2026-07-20,H003,S004,Chills,168.0,7,153.42857142857142,8.695921320886457,14.571428571428584,9.497206703910622,1.6756624207753503,YELLOW
2026-07-20,H003,S005,Sweating,168.0,7,153.42857142857142,8.695921320886457,14.571428571428584,9.497206703910622,1.6756624207753503,YELLOW
2026-07-20,H003,S006,Dry Cough,365.0,7,397.2857142857143,14.279522467672434,-32.28571428571428,-8.126573175116862,-2.2609799703600912,GREEN
2026-07-20,H003,S007,Persistent Cough,22.0,7,28.0,4.163331998932266,-6.0,-21.428571428571427,-1.441153384245784,GREEN
2026-07-20,H003,S008,Sore Throat,225.0,7,247.14285714285714,13.63119671230387,-22.14285714285714,-8.959537572254334,-1.6244250310664525,GREEN
2026-07-20,H003,S009,Runny Nose,147.0,7,148.14285714285714,11.725024114098465,-1.1428571428571388,-0.771456123432977,-0.09747162408672051,GREEN
2026-07-20,H003,S010,Breathlessness,9.0,7,9.0,3.265986323710904,0.0,0.0,0.0,GREEN
2026-07-20,H003,S011,Chest Pain,2.0,7,2.0,1.2909944487358056,0.0,0.0,0.0,GREEN
2026-07-20,H003,S012,Loss of Taste,33.0,7,30.714285714285715,8.36090676330994,2.2857142857142847,7.441860465116276,0.27338114757416687,GREEN
2026-07-20,H003,S013,Loss of Smell,36.0,7,31.571428571428573,6.6296591882525115,4.428571428571427,14.027149321266963,0.6679938293688877,GREEN
2026-07-20,H003,S014,Muscle Pain,462.0,7,440.7142857142857,15.499615970665056,21.285714285714278,4.829821717990273,1.3733059145465365,GREEN
2026-07-20,H003,S015,Joint Pain,236.0,7,207.42857142857142,15.554818576646309,28.571428571428584,13.774104683195599,1.8368217173760646,YELLOW
2026-07-20,H003,S016,Retro-orbital Pain,176.0,7,166.71428571428572,8.179533110438632,9.285714285714278,5.56983718937446,1.1352376914843647,GREEN
2026-07-20,H003,S017,Rash,56.0,7,64.71428571428571,9.793097666456816,-8.714285714285708,-13.465783664459153,-0.8898395595638507,GREEN
2026-07-20,H003,S018,Nausea,148.0,7,147.28571428571428,10.2910039308496,0.7142857142857224,0.48496605237633916,0.06940874953360869,GREEN
2026-07-20,H003,S019,Vomiting,202.0,7,192.28571428571428,7.087883692477976,9.714285714285722,5.052005943536408,1.3705481263180177,GREEN
2026-07-20,H003,S020,Diarrhoea,160.0,7,145.14285714285714,6.175990377490656,14.857142857142861,10.236220472440948,2.4056292107079695,ORANGE
2026-07-20,H003,S021,Abdominal Pain,110.0,7,102.14285714285714,10.286375640113667,7.857142857142861,7.692307692307697,0.7638397752559655,GREEN
2026-07-20,H003,S022,Loss of Appetite,49.0,7,39.857142857142854,4.670066788550653,9.142857142857146,22.93906810035843,1.9577572563356458,YELLOW
2026-07-20,H003,S023,Weight Loss,4.0,7,3.4285714285714284,2.5727509827124,0.5714285714285716,16.666666666666675,0.22210799850754537,GREEN
2026-07-20,H003,S024,Night Sweats,8.0,7,9.428571428571429,3.8668308667927223,-1.4285714285714288,-15.151515151515154,-0.3694424395024894,GREEN
2026-07-20,H003,S025,Bleeding,7.0,7,4.0,1.8257418583505538,3.0,75.0,1.6431676725154982,YELLOW
2026-07-20,H003,S026,Anaemia,4.0,7,3.142857142857143,1.5735915849388864,0.8571428571428572,27.272727272727277,0.5447047794019222,GREEN
2026-07-20,H003,S027,Dehydration,8.0,7,6.142857142857143,2.1157009420498154,1.8571428571428568,30.232558139534877,0.87779081638237,GREEN
2026-07-20,H004,S001,Fever,877.0,7,878.2857142857143,18.517687812055847,-1.2857142857143344,-0.14638906961614087,-0.06943168600548912,GREEN
2026-07-20,H004,S002,Headache,433.0,7,430.42857142857144,15.371587890836599,2.571428571428555,0.5974112180550908,0.16728451150849877,GREEN
2026-07-20,H004,S003,Fatigue,217.0,7,208.0,14.25949975747162,9.0,4.326923076923077,0.6311581859864492,GREEN
2026-07-20,H004,S004,Chills,146.0,7,125.14285714285714,9.873003113348563,20.85714285714286,16.66666666666667,2.112542923129787,ORANGE
2026-07-20,H004,S005,Sweating,146.0,7,125.14285714285714,9.873003113348563,20.85714285714286,16.66666666666667,2.112542923129787,ORANGE
2026-07-20,H004,S006,Dry Cough,408.0,7,433.0,16.563010998406465,-25.0,-5.773672055427252,-1.5093873935364326,GREEN
2026-07-20,H004,S007,Persistent Cough,33.0,7,26.571428571428573,5.740416444159862,6.428571428571427,24.193548387096765,1.1198789305803194,GREEN
2026-07-20,H004,S008,Sore Throat,271.0,7,281.2857142857143,10.562737740350682,-10.285714285714278,-3.6566785170137095,-0.973773517676374,GREEN
2026-07-20,H004,S009,Runny Nose,157.0,7,162.71428571428572,8.693182879212229,-5.714285714285722,-3.511852502194913,-0.6573295182769177,GREEN
2026-07-20,H004,S010,Breathlessness,10.0,7,9.428571428571429,2.2253945610567474,0.5714285714285712,6.060606060606058,0.2567762955065476,GREEN
2026-07-20,H004,S011,Chest Pain,2.0,7,2.857142857142857,1.214985792587912,-0.8571428571428572,-30.0,-0.7054756215026584,GREEN
2026-07-20,H004,S012,Loss of Taste,33.0,7,33.42857142857143,4.27617987059879,-0.4285714285714306,-1.2820512820512882,-0.10022296571715962,GREEN
2026-07-20,H004,S013,Loss of Smell,37.0,7,33.285714285714285,4.070801956792859,3.7142857142857153,11.158798283261806,0.9124211282466758,GREEN
2026-07-20,H004,S014,Muscle Pain,392.0,7,398.7142857142857,20.418245808706537,-6.714285714285722,-1.6839842350412058,-0.3288375395805396,GREEN
2026-07-20,H004,S015,Joint Pain,178.0,7,163.85714285714286,16.807028008431192,14.142857142857139,8.631211857018306,0.8414847131665646,GREEN
2026-07-20,H004,S016,Retro-orbital Pain,136.0,7,134.85714285714286,20.489253861708185,1.1428571428571388,0.8474576271186411,0.05577836804457744,GREEN
2026-07-20,H004,S017,Rash,55.0,7,57.142857142857146,5.580578567035603,-2.142857142857146,-3.7500000000000053,-0.3839847637868539,GREEN
2026-07-20,H004,S018,Nausea,148.0,7,146.0,14.468356276140472,2.0,1.36986301369863,0.1382327032752274,GREEN
2026-07-20,H004,S019,Vomiting,211.0,7,193.71428571428572,13.683497185957078,17.285714285714278,8.923303834808255,1.2632526649294038,GREEN
2026-07-20,H004,S020,Diarrhoea,163.0,7,154.71428571428572,13.585706774821418,8.285714285714278,5.355493998153273,0.6098846694579269,GREEN
2026-07-20,H004,S021,Abdominal Pain,110.0,7,108.57142857142857,15.586929811620408,1.4285714285714306,1.3157894736842124,0.09165188050737216,GREEN
2026-07-20,H004,S022,Loss of Appetite,39.0,7,38.42857142857143,6.97273602103562,0.5714285714285694,1.4869888475836377,0.08195184353812644,GREEN
2026-07-20,H004,S023,Weight Loss,3.0,7,5.571428571428571,1.98805959477601,-2.571428571428571,-46.15384615384615,-1.2934363628663195,GREEN
2026-07-20,H004,S024,Night Sweats,9.0,7,10.857142857142858,1.5735915849388862,-1.8571428571428577,-17.10526315789474,-1.180193688704165,GREEN
2026-07-20,H004,S025,Bleeding,2.0,7,3.0,1.632993161855452,-1.0,-33.33333333333333,-0.6123724356957945,GREEN
2026-07-20,H004,S026,Anaemia,1.0,7,2.0,1.632993161855452,-1.0,-50.0,-0.6123724356957945,GREEN
2026-07-20,H004,S027,Dehydration,5.0,7,6.142857142857143,2.4784787961282104,-1.1428571428571432,-18.604651162790702,-0.4611123341633881,GREEN
2026-07-20,H005,S001,Fever,808.0,7,796.7142857142857,9.551863443229015,11.285714285714334,1.4165321857629611,1.1815196430299038,GREEN
2026-07-20,H005,S002,Headache,399.0,7,418.85714285714283,24.996190185896808,-19.857142857142833,-4.740791268758521,-0.794406775971264,GREEN
2026-07-20,H005,S003,Fatigue,210.0,7,181.0,13.904435743076137,29.0,16.022099447513813,2.0856653614614213,ORANGE
2026-07-20,H005,S004,Chills,127.0,7,116.0,6.8313005106397355,11.0,9.482758620689655,1.6102351203650789,YELLOW
2026-07-20,H005,S005,Sweating,127.0,7,116.0,6.8313005106397355,11.0,9.482758620689655,1.6102351203650789,YELLOW
2026-07-20,H005,S006,Dry Cough,376.0,7,371.7142857142857,14.008500820505212,4.285714285714278,1.15295926210607,0.3059366837771092,GREEN
2026-07-20,H005,S007,Persistent Cough,36.0,7,27.714285714285715,3.6839419880650355,8.285714285714285,29.89690721649484,2.249143529555496,ORANGE
2026-07-20,H005,S008,Sore Throat,225.0,7,243.85714285714286,10.090070555230215,-18.85714285714286,-7.732864674868191,-1.8688811692568603,GREEN
2026-07-20,H005,S009,Runny Nose,125.0,7,153.0,11.661903789690598,-28.0,-18.30065359477124,-2.4009801919951244,GREEN
2026-07-20,H005,S010,Breathlessness,6.0,7,9.571428571428571,4.353433237386437,-3.571428571428571,-37.31343283582089,-0.82037058493463,GREEN
2026-07-20,H005,S011,Chest Pain,2.0,7,2.142857142857143,1.2149857925879117,-0.1428571428571428,-6.666666666666663,-0.11757927025044303,GREEN
2026-07-20,H005,S012,Loss of Taste,39.0,7,25.571428571428573,7.390470053998435,13.428571428571427,52.51396648044692,1.8170118179839216,YELLOW
2026-07-20,H005,S013,Loss of Smell,40.0,7,26.285714285714285,7.994045402971008,13.714285714285715,52.17391304347827,1.7155626498179213,YELLOW
2026-07-20,H005,S014,Muscle Pain,360.0,7,373.0,25.285041691350504,-13.0,-3.485254691689008,-0.5141379697407038,GREEN
2026-07-20,H005,S015,Joint Pain,155.0,7,155.85714285714286,13.018302134924912,-0.8571428571428612,-0.5499541704857954,-0.06584137073016282,GREEN
2026-07-20,H005,S016,Retro-orbital Pain,131.0,7,132.28571428571428,14.020393310154624,-1.2857142857142776,-0.9719222462202963,-0.09170315391816194,GREEN
2026-07-20,H005,S017,Rash,48.0,7,53.285714285714285,7.016986193380691,-5.285714285714285,-9.919571045576406,-0.7532741464847742,GREEN
2026-07-20,H005,S018,Nausea,148.0,7,139.57142857142858,13.277263057035304,8.428571428571416,6.038894575230288,0.6348124152067107,GREEN
2026-07-20,H005,S019,Vomiting,197.0,7,187.14285714285714,7.244045173533255,9.857142857142861,5.267175572519086,1.3607235489304765,GREEN
2026-07-20,H005,S020,Diarrhoea,142.0,7,153.42857142857142,5.623081683476387,-11.428571428571416,-7.448789571694592,-2.032439162702305,GREEN
2026-07-20,H005,S021,Abdominal Pain,97.0,7,105.85714285714286,8.008923594519874,-8.857142857142861,-8.367071524966265,-1.1059092714036356,GREEN
2026-07-20,H005,S022,Loss of Appetite,36.0,7,38.714285714285715,3.7733400639347683,-2.7142857142857153,-7.011070110701109,-0.7193323867701733,GREEN
2026-07-20,H005,S023,Weight Loss,3.0,7,4.285714285714286,1.704336206492693,-1.2857142857142856,-30.0,-0.7543783209066021,GREEN
2026-07-20,H005,S024,Night Sweats,13.0,7,10.714285714285714,1.976047040118708,2.2857142857142865,21.333333333333343,1.1567104625085118,GREEN
2026-07-20,H005,S025,Bleeding,1.0,7,4.571428571428571,1.902379462422684,-3.571428571428571,-78.125,-1.8773481537065955,GREEN
2026-07-20,H005,S026,Anaemia,7.0,7,2.0,1.5275252316519468,5.0,250.0,3.2732683535398857,RED
2026-07-20,H005,S027,Dehydration,6.0,7,6.0,3.6514837167011076,0.0,0.0,0.0,GREEN
2026-07-20,H006,S001,Fever,645.0,7,638.1428571428571,6.8902968351291145,6.85714285714289,1.0745466756212274,0.9951883091861595,GREEN
2026-07-20,H006,S002,Headache,329.0,7,326.2857142857143,11.571722512433572,2.7142857142857224,0.8318739054290742,0.23456194281960008,GREEN
2026-07-20,H006,S003,Fatigue,168.0,7,155.0,11.298967504452195,13.0,8.38709677419355,1.150547604891999,GREEN
2026-07-20,H006,S004,Chills,116.0,7,98.85714285714286,12.915476135610481,17.14285714285714,17.34104046242774,1.3273112785668773,GREEN
2026-07-20,H006,S005,Sweating,116.0,7,98.85714285714286,12.915476135610481,17.14285714285714,17.34104046242774,1.3273112785668773,GREEN
2026-07-20,H006,S006,Dry Cough,298.0,7,291.7142857142857,18.172454298693264,6.285714285714278,2.1547502448579796,0.34589242500757134,GREEN
2026-07-20,H006,S007,Persistent Cough,30.0,7,34.42857142857143,6.729466121893644,-4.428571428571431,-12.863070539419091,-0.6580865923618394,GREEN
2026-07-20,H006,S008,Sore Throat,203.0,7,185.0,13.90443574307614,18.0,9.72972972972973,1.2945509140105371,GREEN
2026-07-20,H006,S009,Runny Nose,114.0,7,108.28571428571429,8.538428538364768,5.714285714285708,5.27704485488126,0.6692432557829987,GREEN
2026-07-20,H006,S010,Breathlessness,3.0,7,8.142857142857142,3.132015933791495,-5.142857142857142,-63.1578947368421,-1.6420277711139875,GREEN
2026-07-20,H006,S011,Chest Pain,4.0,7,2.4285714285714284,1.3972762620115438,1.5714285714285716,64.70588235294119,1.1246369913751453,GREEN
2026-07-20,H006,S012,Loss of Taste,21.0,7,22.428571428571427,6.852180744287249,-1.428571428571427,-6.36942675159235,-0.20848420114464222,GREEN
2026-07-20,H006,S013,Loss of Smell,24.0,7,21.857142857142858,7.057586259446201,2.1428571428571423,9.803921568627448,0.30362464787292437,GREEN
2026-07-20,H006,S014,Muscle Pain,265.0,7,293.57142857142856,13.023787760058424,-28.571428571428555,-9.732360097323596,-2.193787943861609,GREEN
2026-07-20,H006,S015,Joint Pain,117.0,7,133.85714285714286,10.46308704332476,-16.85714285714286,-12.593383137673428,-1.611106051908206,GREEN
2026-07-20,H006,S016,Retro-orbital Pain,94.0,7,104.28571428571429,6.775305299745678,-10.285714285714292,-9.863013698630143,-1.5181181999430169,GREEN
2026-07-20,H006,S017,Rash,48.0,7,41.42857142857143,5.593363414414827,6.571428571428569,15.862068965517237,1.1748617217492325,GREEN
2026-07-20,H006,S018,Nausea,92.0,7,102.57142857142857,8.997354108424375,-10.57142857142857,-10.306406685236768,-1.1749485953354177,GREEN
2026-07-20,H006,S019,Vomiting,150.0,7,139.28571428571428,7.973169292786188,10.714285714285722,7.692307692307699,1.3437925774358748,GREEN
2026-07-20,H006,S020,Diarrhoea,109.0,7,108.57142857142857,5.41162769282166,0.4285714285714306,0.394736842105265,0.07919455160226858,GREEN
2026-07-20,H006,S021,Abdominal Pain,83.0,7,77.71428571428571,8.864052604279184,5.285714285714292,6.8014705882353015,0.5963089933787821,GREEN
2026-07-20,H006,S022,Loss of Appetite,30.0,7,28.142857142857142,2.968084198523319,1.8571428571428577,6.598984771573606,0.6257042364454564,GREEN
2026-07-20,H006,S023,Weight Loss,5.0,7,3.857142857142857,2.1157009420498154,1.1428571428571428,29.629629629629626,0.5401789639276124,GREEN
2026-07-20,H006,S024,Night Sweats,12.0,7,10.571428571428571,2.2253945610567465,1.4285714285714288,13.513513513513518,0.6419407387663697,GREEN
2026-07-20,H006,S025,Bleeding,2.0,7,2.7142857142857144,1.4960264830861913,-0.7142857142857144,-26.315789473684216,-0.4774552605594228,GREEN
2026-07-20,H006,S026,Anaemia,3.0,7,2.2857142857142856,1.9760470401187074,0.7142857142857144,31.250000000000007,0.36147201953391,GREEN
2026-07-20,H006,S027,Dehydration,3.0,7,4.428571428571429,3.04724700110022,-1.4285714285714288,-32.25806451612904,-0.4688072309384956,GREEN
2026-07-20,H007,S001,Fever,575.0,7,574.4285714285714,10.564991605252114,0.5714285714285552,0.09947774185525705,0.05408698774019699,GREEN
2026-07-20,H007,S002,Headache,294.0,7,290.42857142857144,12.882250616735451,3.571428571428555,1.2297097884899106,0.2772363834304605,GREEN
2026-07-20,H007,S003,Fatigue,129.0,7,142.85714285714286,7.988086367179806,-13.857142857142861,-9.700000000000003,-1.7347262185442702,GREEN
2026-07-20,H007,S004,Chills,75.0,7,81.28571428571429,8.400680244565233,-6.285714285714292,-7.732864674868196,-0.74823872623658,GREEN
2026-07-20,H007,S005,Sweating,75.0,7,81.28571428571429,8.400680244565233,-6.285714285714292,-7.732864674868196,-0.74823872623658,GREEN
2026-07-20,H007,S006,Dry Cough,302.0,7,295.14285714285717,10.479003951212338,6.857142857142833,2.3233301064859546,0.6543697176819477,GREEN
2026-07-20,H007,S007,Persistent Cough,24.0,7,21.571428571428573,4.928053803045811,2.428571428571427,11.258278145695357,0.4928053803045808,GREEN
2026-07-20,H007,S008,Sore Throat,185.0,7,190.71428571428572,8.42049653552342,-5.714285714285722,-2.9962546816479443,-0.6786162419495042,GREEN
2026-07-20,H007,S009,Runny Nose,119.0,7,117.71428571428571,6.473388749701496,1.2857142857142918,1.0922330097087432,0.1986153366385696,GREEN
2026-07-20,H007,S010,Breathlessness,6.0,7,8.714285714285714,2.058663459163551,-2.7142857142857135,-31.147540983606554,-1.318469855868791,GREEN
2026-07-20,H007,S011,Chest Pain,2.0,7,1.8571428571428572,1.4638501094228,0.1428571428571428,7.692307692307689,0.09759000729485326,GREEN
2026-07-20,H007,S012,Loss of Taste,14.0,7,22.285714285714285,3.9880774697543053,-8.285714285714285,-37.179487179487175,-2.0776211968181113,GREEN
2026-07-20,H007,S013,Loss of Smell,13.0,7,22.857142857142858,4.705619740571601,-9.857142857142858,-43.125,-2.0947597554802613,GREEN
2026-07-20,H007,S014,Muscle Pain,266.0,7,263.57142857142856,11.414276774536102,2.428571428571445,0.921409214092147,0.21276612408674894,GREEN
2026-07-20,H007,S015,Joint Pain,86.0,7,105.0,7.023769168568493,-19.0,-18.095238095238095,-2.7051002878946218,GREEN
2026-07-20,H007,S016,Retro-orbital Pain,79.0,7,80.28571428571429,5.34522483824849,-1.2857142857142918,-1.6014234875444913,-0.24053511772118297,GREEN
2026-07-20,H007,S017,Rash,32.0,7,33.42857142857143,6.924765768773767,-1.4285714285714306,-4.273504273504279,-0.20629888089693482,GREEN
2026-07-20,H007,S018,Nausea,89.0,7,82.57142857142857,10.674848052894285,6.428571428571431,7.785467128027684,0.6022166682577222,GREEN
2026-07-20,H007,S019,Vomiting,111.0,7,114.57142857142857,9.034326074425675,-3.5714285714285694,-3.1172069825436393,-0.39531765203146163,GREEN
2026-07-20,H007,S020,Diarrhoea,91.0,7,88.57142857142857,6.214422549122937,2.4285714285714306,2.74193548387097,0.39079599260822445,GREEN
2026-07-20,H007,S021,Abdominal Pain,73.0,7,62.857142857142854,8.952254305081883,10.142857142857146,16.136363636363644,1.1329947516235546,GREEN
2026-07-20,H007,S022,Loss of Appetite,29.0,7,24.857142857142858,3.670993118515816,4.142857142857142,16.666666666666664,1.1285385205331306,GREEN
2026-07-20,H007,S023,Weight Loss,2.0,7,3.7142857142857144,3.0937725468153876,-1.7142857142857144,-46.15384615384615,-0.5541085158475323,GREEN
2026-07-20,H007,S024,Night Sweats,10.0,7,8.857142857142858,3.670993118515816,1.1428571428571423,12.903225806451607,0.31132097118155316,GREEN
2026-07-20,H007,S025,Bleeding,3.0,7,2.0,1.8257418583505538,1.0,50.0,0.5477225575051661,GREEN
2026-07-20,H007,S026,Anaemia,2.0,7,1.5714285714285714,1.2724180205607034,0.4285714285714286,27.272727272727277,0.33681653485430396,GREEN
2026-07-20,H007,S027,Dehydration,4.0,7,2.4285714285714284,0.9759000729485331,1.5714285714285716,64.70588235294119,1.61023512036508,YELLOW
2026-07-20,H008,S001,Fever,673.0,7,678.8571428571429,22.62320763750188,-5.85714285714289,-0.8627946127946176,-0.2588997524574571,GREEN
2026-07-20,H008,S002,Headache,340.0,7,340.57142857142856,17.88721277763477,-0.5714285714285552,-0.16778523489932412,-0.03194620528822911,GREEN
2026-07-20,H008,S003,Fatigue,172.0,7,168.42857142857142,13.538305443655577,3.5714285714285836,2.1204410517387693,0.26380174286156716,GREEN
2026-07-20,H008,S004,Chills,92.0,7,102.0,6.879922480183428,-10.0,-9.803921568627452,-1.4535047493345283,GREEN
2026-07-20,H008,S005,Sweating,92.0,7,102.0,6.879922480183428,-10.0,-9.803921568627452,-1.4535047493345283,GREEN
2026-07-20,H008,S006,Dry Cough,328.0,7,321.57142857142856,12.245504520124152,6.428571428571445,1.9991115059973399,0.5249739949878577,GREEN
2026-07-20,H008,S007,Persistent Cough,33.0,7,24.857142857142858,5.273473599964619,8.142857142857142,32.758620689655174,1.5441164136882708,YELLOW
2026-07-20,H008,S008,Sore Throat,214.0,7,206.85714285714286,13.533028380331473,7.142857142857139,3.4530386740331473,0.5278092192016953,GREEN
2026-07-20,H008,S009,Runny Nose,121.0,7,115.57142857142857,8.32380407540412,5.428571428571431,4.697156983930781,0.652174339928571,GREEN
2026-07-20,H008,S010,Breathlessness,11.0,7,9.571428571428571,3.598941643369749,1.4285714285714288,14.925373134328362,0.39694209301872246,GREEN
2026-07-20,H008,S011,Chest Pain,1.0,7,2.0,1.4142135623730951,-1.0,-50.0,-0.7071067811865475,GREEN
2026-07-20,H008,S012,Loss of Taste,36.0,7,28.285714285714285,8.90157824422699,7.714285714285715,27.272727272727277,0.8666199973345987,GREEN
2026-07-20,H008,S013,Loss of Smell,37.0,7,27.571428571428573,6.972736021035618,9.428571428571427,34.19689119170984,1.3522054183790913,GREEN
2026-07-20,H008,S014,Muscle Pain,306.0,7,313.2857142857143,18.427463975583514,-7.285714285714278,-2.3255813953488347,-0.39537259686779946,GREEN
2026-07-20,H008,S015,Joint Pain,135.0,7,139.42857142857142,9.08950205561601,-4.428571428571416,-3.176229508196713,-0.48721826580535216,GREEN
2026-07-20,H008,S016,Retro-orbital Pain,118.0,7,115.71428571428571,9.340133577101307,2.285714285714292,1.975308641975314,0.24471965704195625,GREEN
2026-07-20,H008,S017,Rash,59.0,7,44.142857142857146,7.335497516155521,14.857142857142854,33.656957928802576,2.025376305345594,ORANGE
2026-07-20,H008,S018,Nausea,108.0,7,101.57142857142857,8.599557020706412,6.428571428571431,6.329113924050635,0.7475468112011373,GREEN
2026-07-20,H008,S019,Vomiting,143.0,7,137.0,6.757711644237764,6.0,4.37956204379562,0.8878745226005822,GREEN
2026-07-20,H008,S020,Diarrhoea,103.0,7,101.42857142857143,6.924765768773767,1.5714285714285694,1.5492957746478853,0.22692876898662767,GREEN
2026-07-20,H008,S021,Abdominal Pain,78.0,7,70.28571428571429,7.158079018709923,7.714285714285708,10.975609756097551,1.077703346683092,GREEN
2026-07-20,H008,S022,Loss of Appetite,32.0,7,27.142857142857142,6.51737604225738,4.857142857142858,17.894736842105267,0.7452604891370548,GREEN
2026-07-20,H008,S023,Weight Loss,4.0,7,3.2857142857142856,2.3603873774083297,0.7142857142857144,21.739130434782613,0.30261376633440124,GREEN
2026-07-20,H008,S024,Night Sweats,7.0,7,7.571428571428571,3.2071349029490928,-0.5714285714285712,-7.547169811320751,-0.1781741612749495,GREEN
2026-07-20,H008,S025,Bleeding,6.0,7,3.5714285714285716,2.5727509827124,2.4285714285714284,68.0,0.9439589936570675,GREEN
2026-07-20,H008,S026,Anaemia,1.0,7,2.0,1.1547005383792515,-1.0,-50.0,-0.8660254037844387,GREEN
2026-07-20,H008,S027,Dehydration,8.0,7,2.7142857142857144,2.138089935299395,5.285714285714286,194.73684210526315,2.4721664876899254,ORANGE
2026-07-20,H009,S001,Fever,570.0,7,534.7142857142857,20.645534510835393,35.285714285714334,6.5989847715736145,1.7091208884514633,YELLOW
2026-07-20,H009,S002,Headache,292.0,7,277.42857142857144,10.325649985305896,14.571428571428555,5.252317198764154,1.4111875370717284,GREEN
2026-07-20,H009,S003,Fatigue,135.0,7,127.42857142857143,11.872336794093275,7.571428571428569,5.941704035874438,0.6377370102232532,GREEN
2026-07-20,H009,S004,Chills,83.0,7,87.0,12.179217270963408,-4.0,-4.597701149425287,-0.328428330902384,GREEN
2026-07-20,H009,S005,Sweating,83.0,7,87.0,12.179217270963408,-4.0,-4.597701149425287,-0.328428330902384,GREEN
2026-07-20,H009,S006,Dry Cough,263.0,7,233.57142857142858,17.43423015083778,29.428571428571416,12.599388379204887,1.6879765366156567,YELLOW
2026-07-20,H009,S007,Persistent Cough,20.0,7,19.142857142857142,3.2877840272018797,0.8571428571428577,4.47761194029851,0.26070534136402584,GREEN
2026-07-20,H009,S008,Sore Throat,175.0,7,150.57142857142858,12.52806373516598,24.428571428571416,16.223908918406064,1.9499079781978594,YELLOW
2026-07-20,H009,S009,Runny Nose,105.0,7,83.42857142857143,9.235026490796562,21.57142857142857,25.85616438356164,2.3358274708714926,ORANGE
2026-07-20,H009,S010,Breathlessness,9.0,7,6.857142857142857,2.193062655175134,2.1428571428571432,31.250000000000007,0.9771071235928819,GREEN
2026-07-20,H009,S011,Chest Pain,1.0,7,1.4285714285714286,1.3972762620115438,-0.4285714285714286,-30.0,-0.3067191794659487,GREEN
2026-07-20,H009,S012,Loss of Taste,24.0,7,20.0,5.597618541248888,4.0,20.0,0.7145896010104964,GREEN
2026-07-20,H009,S013,Loss of Smell,21.0,7,20.714285714285715,4.309458036856673,0.2857142857142847,1.3793103448275812,0.06629935441317936,GREEN
2026-07-20,H009,S014,Muscle Pain,274.0,7,246.14285714285714,20.69966643393537,27.85714285714286,11.31746952988973,1.3457773798457644,GREEN
2026-07-20,H009,S015,Joint Pain,123.0,7,116.14285714285714,9.581728644118648,6.857142857142861,5.90405904059041,0.7156477825482813,GREEN
2026-07-20,H009,S016,Retro-orbital Pain,102.0,7,88.0,7.958224257542214,14.0,15.909090909090908,1.7591864148251213,YELLOW
2026-07-20,H009,S017,Rash,42.0,7,38.857142857142854,6.094494002200441,3.142857142857146,8.088235294117656,0.5156879540323455,GREEN
2026-07-20,H009,S018,Nausea,92.0,7,93.57142857142857,8.443086774735546,-1.5714285714285694,-1.6793893129770971,-0.1861201493428675,GREEN
2026-07-20,H009,S019,Vomiting,118.0,7,125.71428571428571,10.27479579220086,-7.714285714285708,-6.136363636363632,-0.7507969861689396,GREEN
2026-07-20,H009,S020,Diarrhoea,92.0,7,98.0,7.023769168568491,-6.0,-6.122448979591836,-0.8542421961772493,GREEN
2026-07-20,H009,S021,Abdominal Pain,63.0,7,67.14285714285714,8.275034167675107,-4.142857142857139,-6.170212765957441,-0.5006453216882711,GREEN
2026-07-20,H009,S022,Loss of Appetite,26.0,7,24.0,6.324555320336758,2.0,8.333333333333332,0.31622776601683794,GREEN
2026-07-20,H009,S023,Weight Loss,1.0,7,2.2857142857142856,1.3801311186847085,-1.2857142857142856,-56.25,-0.9315885051121781,GREEN
2026-07-20,H009,S024,Night Sweats,6.0,7,6.142857142857143,2.4784787961282104,-0.14285714285714324,-2.3255813953488436,-0.05763904177042365,GREEN
2026-07-20,H009,S025,Bleeding,2.0,7,2.7142857142857144,1.1126972805283737,-0.7142857142857144,-26.315789473684216,-0.6419407387663695,GREEN
2026-07-20,H009,S026,Anaemia,3.0,7,1.8571428571428572,1.3451854182690985,1.1428571428571428,61.53846153846153,0.8495907904857464,GREEN
2026-07-20,H009,S027,Dehydration,3.0,7,2.5714285714285716,1.9023794624226835,0.4285714285714284,16.666666666666657,0.22528177844479141,GREEN
2026-07-20,H010,S001,Fever,810.0,7,839.1428571428571,23.383958685593065,-29.14285714285711,-3.4729315628191997,-1.2462756000681836,GREEN
2026-07-20,H010,S002,Headache,420.0,7,434.14285714285717,19.675946156229873,-14.142857142857167,-3.2576505429417626,-0.718789176925004,GREEN
2026-07-20,H010,S003,Fatigue,195.0,7,188.0,15.253414918196732,7.0,3.723404255319149,0.45891362934402785,GREEN
2026-07-20,H010,S004,Chills,119.0,7,125.42857142857143,11.900380145988935,-6.428571428571431,-5.125284738041004,-0.5401988297607622,GREEN
2026-07-20,H010,S005,Sweating,119.0,7,125.42857142857143,11.900380145988935,-6.428571428571431,-5.125284738041004,-0.5401988297607622,GREEN
2026-07-20,H010,S006,Dry Cough,387.0,7,389.42857142857144,19.44099742689097,-2.428571428571445,-0.6236243580337533,-0.12492010441872813,GREEN
2026-07-20,H010,S007,Persistent Cough,39.0,7,30.428571428571427,6.654751256486923,8.571428571428573,28.169014084507047,1.2880163722232758,GREEN
2026-07-20,H010,S008,Sore Throat,275.0,7,244.85714285714286,13.309502512973848,30.14285714285714,12.31038506417736,2.264762121159259,ORANGE
2026-07-20,H010,S009,Runny Nose,152.0,7,162.57142857142858,15.339025858434237,-10.571428571428584,-6.502636203866439,-0.6891851326801065,GREEN
2026-07-20,H010,S010,Breathlessness,5.0,7,9.571428571428571,3.25868802112869,-4.571428571428571,-47.76119402985074,-1.40284327366975,GREEN
2026-07-20,H010,S011,Chest Pain,4.0,7,2.857142857142857,1.7728105208558365,1.1428571428571428,40.0,0.6446583712203042,GREEN
2026-07-20,H010,S012,Loss of Taste,25.0,7,29.428571428571427,5.711308748355986,-4.428571428571427,-15.048543689320384,-0.77540396145563,GREEN
2026-07-20,H010,S013,Loss of Smell,26.0,7,29.571428571428573,3.3094381626464866,-3.571428571428573,-12.077294685990344,-1.0791646182542896,GREEN
2026-07-20,H010,S014,Muscle Pain,380.0,7,396.42857142857144,15.414896938320654,-16.428571428571445,-4.144144144144148,-1.0657594075592454,GREEN
2026-07-20,H010,S015,Joint Pain,167.0,7,168.42857142857142,12.647228192468928,-1.4285714285714164,-0.8481764206954975,-0.1129552979380961,GREEN
2026-07-20,H010,S016,Retro-orbital Pain,127.0,7,130.0,12.110601416389967,-3.0,-2.307692307692308,-0.24771684715343112,GREEN
2026-07-20,H010,S017,Rash,46.0,7,51.857142857142854,5.785861256216785,-5.857142857142854,-11.29476584022038,-1.0123199637477442,GREEN
2026-07-20,H010,S018,Nausea,156.0,7,142.42857142857142,12.326896647266125,13.571428571428584,9.528585757271825,1.1009606845725013,GREEN
2026-07-20,H010,S019,Vomiting,212.0,7,195.0,11.761519176251568,17.0,8.717948717948717,1.445391513226096,GREEN
2026-07-20,H010,S020,Diarrhoea,176.0,7,157.28571428571428,9.196272536817764,18.714285714285722,11.898274296094465,2.03498598365393,ORANGE
2026-07-20,H010,S021,Abdominal Pain,116.0,7,110.57142857142857,8.283661486266059,5.428571428571431,4.909560723514214,0.655334774069626,GREEN
2026-07-20,H010,S022,Loss of Appetite,32.0,7,40.857142857142854,5.459809869356607,-8.857142857142854,-21.678321678321673,-1.6222438269973298,GREEN
2026-07-20,H010,S023,Weight Loss,5.0,7,5.428571428571429,1.8126539343499313,-0.4285714285714288,-7.894736842105267,-0.23643312187173035,GREEN
2026-07-20,H010,S024,Night Sweats,9.0,7,12.0,3.5118845842842465,-3.0,-25.0,-0.8542421961772491,GREEN
2026-07-20,H010,S025,Bleeding,2.0,7,4.0,0.816496580927726,-2.0,-50.0,-2.449489742783178,GREEN
2026-07-20,H010,S026,Anaemia,4.0,7,3.0,2.0,1.0,33.33333333333333,0.5,GREEN
2026-07-20,H010,S027,Dehydration,6.0,7,6.0,3.3166247903554,0.0,0.0,0.0,GREEN
2026-07-27,H001,S001,Fever,980.0,8,932.875,17.40638224494518,47.125,5.051587833311001,2.7073402925921104,ORANGE
2026-07-27,H001,S002,Headache,503.0,8,471.625,16.044024254709733,31.375,6.65253114232706,1.9555567544588977,YELLOW
2026-07-27,H001,S003,Fatigue,239.0,8,224.0,16.953718513310626,15.0,6.696428571428571,0.8847616520365882,GREEN
2026-07-27,H001,S004,Chills,147.0,8,133.875,8.822657519947477,13.125,9.803921568627452,1.4876470009546665,GREEN
2026-07-27,H001,S005,Sweating,147.0,8,133.875,8.822657519947477,13.125,9.803921568627452,1.4876470009546665,GREEN
2026-07-27,H001,S006,Dry Cough,519.0,8,487.0,18.570329637815878,32.0,6.570841889117044,1.723178889341656,YELLOW
2026-07-27,H001,S007,Persistent Cough,30.0,8,34.375,9.28804915700047,-4.375,-12.727272727272727,-0.4710354053953871,GREEN
2026-07-27,H001,S008,Sore Throat,322.0,8,313.625,15.837906607701845,8.375,2.670386608210442,0.5287946322355068,GREEN
2026-07-27,H001,S009,Runny Nose,213.0,8,192.125,13.11964176340193,20.875,10.865322055953156,1.5911257621554982,YELLOW
2026-07-27,H001,S010,Breathlessness,10.0,8,13.25,3.4537764010675946,-3.25,-24.528301886792452,-0.940998959572309,GREEN
2026-07-27,H001,S011,Chest Pain,5.0,8,2.5,1.1952286093343936,2.5,100.0,2.091650066335189,ORANGE
2026-07-27,H001,S012,Loss of Taste,41.0,8,36.125,4.823676724538777,4.875,13.494809688581316,1.0106398663078173,GREEN
2026-07-27,H001,S013,Loss of Smell,33.0,8,37.25,5.092010548749033,-4.25,-11.409395973154362,-0.8346408475222244,GREEN
2026-07-27,H001,S014,Muscle Pain,444.0,8,420.625,16.256317453312022,23.375,5.557206537890044,1.437902530332147,GREEN
2026-07-27,H001,S015,Joint Pain,154.0,8,161.875,9.493418773023764,-7.875,-4.864864864864865,-0.829522028710814,GREEN
2026-07-27,H001,S016,Retro-orbital Pain,121.0,8,115.75,9.63253415699702,5.25,4.535637149028078,0.5450279141949815,GREEN
2026-07-27,H001,S017,Rash,57.0,8,52.625,4.533604683755678,4.375,8.31353919239905,0.9650157667420864,GREEN
2026-07-27,H001,S018,Nausea,129.0,8,129.25,9.632534156997021,-0.25,-0.19342359767891684,-0.025953710199761018,GREEN
2026-07-27,H001,S019,Vomiting,173.0,8,179.5,11.096975134821966,-6.5,-3.6211699164345403,-0.5857452072324827,GREEN
2026-07-27,H001,S020,Diarrhoea,129.0,8,142.5,9.665845613735584,-13.5,-9.473684210526317,-1.3966703524434445,GREEN
2026-07-27,H001,S021,Abdominal Pain,92.0,8,100.5,4.6291004988627575,-8.5,-8.45771144278607,-1.8362098645488936,GREEN
2026-07-27,H001,S022,Loss of Appetite,40.0,8,42.375,5.755432216610669,-2.375,-5.604719764011799,-0.4126536306249159,GREEN
2026-07-27,H001,S023,Weight Loss,6.0,8,4.5,3.0237157840738176,1.5,33.33333333333333,0.49607837082461076,GREEN
2026-07-27,H001,S024,Night Sweats,12.0,8,11.5,4.59813626840888,0.5,4.3478260869565215,0.10873970905021,GREEN
2026-07-27,H001,S025,Bleeding,5.0,8,3.25,1.9086270308410553,1.75,53.84615384615385,0.9168894559922717,GREEN
2026-07-27,H001,S026,Anaemia,4.0,8,2.875,1.3562026818605375,1.125,39.130434782608695,0.8295220287108142,GREEN
2026-07-27,H001,S027,Dehydration,5.0,8,4.75,1.752549163769328,0.25,5.263157894736842,0.14264935053936392,GREEN
2026-07-27,H002,S001,Fever,783.0,8,758.125,13.569266745111918,24.875,3.281121187139324,1.8331867496790692,YELLOW
2026-07-27,H002,S002,Headache,413.0,8,379.375,14.608583582459813,33.625,8.86326194398682,2.301728967096629,ORANGE
2026-07-27,H002,S003,Fatigue,198.0,8,176.625,7.670677004951108,21.375,12.101910828025478,2.786585849750069,ORANGE
2026-07-27,H002,S004,Chills,103.0,8,101.0,10.569497893196521,2.0,1.9801980198019802,0.1892237474485311,GREEN
2026-07-27,H002,S005,Sweating,103.0,8,101.0,10.569497893196521,2.0,1.9801980198019802,0.1892237474485311,GREEN
2026-07-27,H002,S006,Dry Cough,381.0,8,397.75,17.669586461326297,-16.75,-4.211187932118165,-0.9479565374470416,GREEN
2026-07-27,H002,S007,Persistent Cough,29.0,8,29.375,5.125217765408329,-0.375,-1.276595744680851,-0.07316762275565934,GREEN
2026-07-27,H002,S008,Sore Throat,235.0,8,261.875,15.896428170234616,-26.875,-10.26252983293556,-1.6906313614729056,GREEN
2026-07-27,H002,S009,Runny Nose,157.0,8,156.0,15.334368495078538,1.0,0.641025641025641,0.06521298873970215,GREEN
2026-07-27,H002,S010,Breathlessness,11.0,8,10.625,3.814914340921881,0.375,3.5294117647058822,0.09829840633050245,GREEN
2026-07-27,H002,S011,Chest Pain,5.0,8,2.0,1.1952286093343936,3.0,150.0,2.5099800796022267,ORANGE
2026-07-27,H002,S012,Loss of Taste,25.0,8,30.125,5.566160513059505,-5.125,-17.012448132780083,-0.9207424018720912,GREEN
2026-07-27,H002,S013,Loss of Smell,26.0,8,32.0,6.676183683170241,-6.0,-18.75,-0.8987170342729172,GREEN
2026-07-27,H002,S014,Muscle Pain,370.0,8,353.125,14.35705401536123,16.875,4.778761061946903,1.1753804075644425,GREEN
2026-07-27,H002,S015,Joint Pain,159.0,8,138.75,9.09866552224634,20.25,14.594594594594595,2.225601100566728,ORANGE
2026-07-27,H002,S016,Retro-orbital Pain,123.0,8,106.5,8.535639569308373,16.5,15.492957746478872,1.9330713142257205,YELLOW
2026-07-27,H002,S017,Rash,54.0,8,45.875,7.698562017861332,8.125,17.71117166212534,1.0553919006106978,GREEN
2026-07-27,H002,S018,Nausea,104.0,8,112.75,16.015617378046965,-8.75,-7.760532150776053,-0.5463417234226549,GREEN
2026-07-27,H002,S019,Vomiting,161.0,8,150.75,13.090345406334503,10.25,6.799336650082918,0.7830198273484792,GREEN
2026-07-27,H002,S020,Diarrhoea,125.0,8,117.875,10.548358030653734,7.125,6.044538706256628,0.6754605768304992,GREEN
2026-07-27,H002,S021,Abdominal Pain,104.0,8,79.75,8.293715348727268,24.25,30.407523510971785,2.9239006862854704,ORANGE
2026-07-27,H002,S022,Loss of Appetite,41.0,8,29.125,6.468329437674439,11.875,40.772532188841204,1.8358681502575762,YELLOW
2026-07-27,H002,S023,Weight Loss,7.0,8,4.125,2.948970764763288,2.875,69.6969696969697,0.9749164129915593,GREEN
2026-07-27,H002,S024,Night Sweats,17.0,8,10.125,2.9001231500945415,6.875,67.90123456790124,2.3705889868076397,ORANGE
2026-07-27,H002,S025,Bleeding,7.0,8,3.375,2.1339098923270936,3.625,107.40740740740742,1.6987596397741178,YELLOW
2026-07-27,H002,S026,Anaemia,3.0,8,0.875,0.6408699444616557,2.125,242.85714285714283,3.3158053648233494,RED
2026-07-27,H002,S027,Dehydration,6.0,8,3.375,1.8468119248354136,2.625,77.77777777777779,1.421368340056575,GREEN
2026-07-27,H003,S001,Fever,922.0,8,928.0,16.62184449108204,-6.0,-0.646551724137931,-0.3609707697132603,GREEN
2026-07-27,H003,S002,Headache,501.0,8,485.875,15.751984002023368,15.125,3.112940571134551,0.9601965059167892,GREEN
2026-07-27,H003,S003,Fatigue,189.0,8,206.125,16.31333810107545,-17.125,-8.308065494238932,-1.0497544949964006,GREEN
2026-07-27,H003,S004,Chills,166.0,8,155.25,9.55809305547623,10.75,6.924315619967794,1.1247013329547861,GREEN
2026-07-27,H003,S005,Sweating,166.0,8,155.25,9.55809305547623,10.75,6.924315619967794,1.1247013329547861,GREEN
2026-07-27,H003,S006,Dry Cough,377.0,8,393.25,17.466294070907786,-16.25,-4.132231404958678,-0.9303633577924426,GREEN
2026-07-27,H003,S007,Persistent Cough,40.0,8,27.25,4.399675312695569,12.75,46.788990825688074,2.89794111924782,ORANGE
2026-07-27,H003,S008,Sore Throat,243.0,8,244.375,14.851046139197454,-1.375,-0.5626598465473146,-0.09258607017392949,GREEN
2026-07-27,H003,S009,Runny Nose,149.0,8,148.0,10.862780491200215,1.0,0.6756756756756757,0.09205746178983235,GREEN
2026-07-27,H003,S010,Breathlessness,8.0,8,9.0,3.0237157840738176,-1.0,-11.11111111111111,-0.33071891388307384,GREEN
2026-07-27,H003,S011,Chest Pain,2.0,8,2.0,1.1952286093343936,0.0,0.0,0.0,GREEN
2026-07-27,H003,S012,Loss of Taste,28.0,8,31.0,7.782764841072134,-3.0,-9.67741935483871,-0.385467126562535,GREEN
2026-07-27,H003,S013,Loss of Smell,28.0,8,32.125,6.334429729659964,-4.125,-12.840466926070038,-0.6512030563201832,GREEN
2026-07-27,H003,S014,Muscle Pain,443.0,8,443.375,16.203504911856925,-0.375,-0.08457851705666761,-0.02314314106978136,GREEN
2026-07-27,H003,S015,Joint Pain,222.0,8,211.0,17.59058189567848,11.0,5.213270142180095,0.6253346287937408,GREEN
2026-07-27,H003,S016,Retro-orbital Pain,155.0,8,167.875,8.253787009609587,-12.875,-7.66939687267312,-1.5598900219996108,GREEN
2026-07-27,H003,S017,Rash,63.0,8,63.625,9.57582521621132,-0.625,-0.9823182711198428,-0.06526852630329039,GREEN
2026-07-27,H003,S018,Nausea,162.0,8,147.375,9.530964574180606,14.625,9.923664122137405,1.5344721812962292,YELLOW
2026-07-27,H003,S019,Vomiting,209.0,8,193.5,7.406560798180411,15.5,8.010335917312661,2.0927391838608718,ORANGE
2026-07-27,H003,S020,Diarrhoea,154.0,8,147.0,7.7643875666863975,7.0,4.761904761904762,0.9015521108237755,GREEN
2026-07-27,H003,S021,Abdominal Pain,111.0,8,103.125,9.920217451533727,7.875,7.636363636363637,0.7938334052125517,GREEN
2026-07-27,H003,S022,Loss of Appetite,41.0,8,41.0,5.398412465054624,0.0,0.0,0.0,GREEN
2026-07-27,H003,S023,Weight Loss,5.0,8,3.5,2.390457218668787,1.5,42.857142857142854,0.6274950199005567,GREEN
2026-07-27,H003,S024,Night Sweats,11.0,8,9.25,3.6154430670982185,1.75,18.91891891891892,0.48403472756232974,GREEN
2026-07-27,H003,S025,Bleeding,7.0,8,4.375,1.9955307206712847,2.625,60.0,1.3154395333573043,GREEN
2026-07-27,H003,S026,Anaemia,1.0,8,3.25,1.4880476182856899,-2.25,-69.23076923076923,-1.512048386322556,GREEN
2026-07-27,H003,S027,Dehydration,3.0,8,6.375,2.065879266282796,-3.375,-52.94117647058824,-1.6336869511608718,GREEN
2026-07-27,H004,S001,Fever,862.0,8,878.125,17.15007288614249,-16.125,-1.8362989323843417,-0.9402292402517565,GREEN
2026-07-27,H004,S002,Headache,423.0,8,430.75,14.260334598358586,-7.75,-1.7991874637260592,-0.5434655089293663,GREEN
2026-07-27,H004,S003,Fatigue,221.0,8,209.125,13.579790656917881,11.875,5.678421996413628,0.8744611975259413,GREEN
2026-07-27,H004,S004,Chills,114.0,8,127.75,11.744299529072448,-13.75,-10.76320939334638,-1.1707807661038052,GREEN
2026-07-27,H004,S005,Sweating,114.0,8,127.75,11.744299529072448,-13.75,-10.76320939334638,-1.1707807661038052,GREEN
2026-07-27,H004,S006,Dry Cough,446.0,8,429.875,17.699374484508137,16.125,3.751090433265484,0.9110491455002463,GREEN
2026-07-27,H004,S007,Persistent Cough,35.0,8,27.375,5.780200194259217,7.625,27.85388127853881,1.3191584622921888,GREEN
2026-07-27,H004,S008,Sore Throat,292.0,8,280.0,10.433462649434409,12.0,4.285714285714286,1.1501454889140292,GREEN
2026-07-27,H004,S009,Runny Nose,164.0,8,162.0,8.298020417975776,2.0,1.2345679012345678,0.24102133994120506,GREEN
2026-07-27,H004,S010,Breathlessness,9.0,8,9.5,2.0701966780270626,-0.5,-5.263157894736842,-0.24152294576982397,GREEN
2026-07-27,H004,S011,Chest Pain,2.0,8,2.75,1.164964745021435,-0.75,-27.27272727272727,-0.643796306459214,GREEN
2026-07-27,H004,S012,Loss of Taste,37.0,8,33.375,3.9618718519695424,3.625,10.861423220973784,0.9149715426050251,GREEN
2026-07-27,H004,S013,Loss of Smell,27.0,8,33.75,3.991061441342569,-6.75,-20.0,-1.69127940003082,GREEN
2026-07-27,H004,S014,Muscle Pain,390.0,8,397.875,19.052090249028925,-7.875,-1.9792648444863337,-0.41334047325339457,GREEN
2026-07-27,H004,S015,Joint Pain,148.0,8,165.625,16.343959128681156,-17.625,-10.641509433962264,-1.078380082893796,GREEN
2026-07-27,H004,S016,Retro-orbital Pain,132.0,8,135.0,18.973665961010276,-3.0,-2.2222222222222223,-0.15811388300841897,GREEN
2026-07-27,H004,S017,Rash,44.0,8,56.875,5.221863378417435,-12.875,-22.63736263736264,-2.465594954707904,GREEN
2026-07-27,H004,S018,Nausea,124.0,8,146.25,13.413745615172948,-22.25,-15.213675213675213,-1.6587462322851814,GREEN
2026-07-27,H004,S019,Vomiting,174.0,8,195.875,14.06553538669203,-21.875,-11.167836630504148,-1.5552198617833501,GREEN
2026-07-27,H004,S020,Diarrhoea,133.0,8,155.75,12.914554358773449,-22.75,-14.606741573033707,-1.7615783996870849,GREEN
2026-07-27,H004,S021,Abdominal Pain,98.0,8,108.75,14.439529078193653,-10.75,-9.885057471264368,-0.7444841131442769,GREEN
2026-07-27,H004,S022,Loss of Appetite,33.0,8,38.5,6.45865974597561,-5.5,-14.285714285714285,-0.8515698637673318,GREEN
2026-07-27,H004,S023,Weight Loss,3.0,8,5.25,2.0528725518857023,-2.25,-42.857142857142854,-1.096025176006773,GREEN
2026-07-27,H004,S024,Night Sweats,8.0,8,10.625,1.5979898086569353,-2.625,-24.705882352941178,-1.6426888242837026,GREEN
2026-07-27,H004,S025,Bleeding,3.0,8,2.875,1.5526475085202969,0.125,4.3478260869565215,0.08050764858994133,GREEN
2026-07-27,H004,S026,Anaemia,3.0,8,1.875,1.5526475085202969,1.125,60.0,0.724568837309472,GREEN
2026-07-27,H004,S027,Dehydration,5.0,8,6.0,2.32992949004287,-1.0,-16.666666666666664,-0.42919753763947605,GREEN
2026-07-27,H005,S001,Fever,818.0,8,798.125,9.701803955966106,19.875,2.490211433046202,2.0485880863195454,ORANGE
2026-07-27,H005,S002,Headache,399.0,8,416.375,24.183450657718097,-17.375,-4.172921044731312,-0.7184665350664011,GREEN
2026-07-27,H005,S003,Fatigue,206.0,8,184.625,16.457195560431483,21.375,11.577522004062288,1.298823965572393,GREEN
2026-07-27,H005,S004,Chills,134.0,8,117.375,7.424621202458749,16.625,14.164004259850904,2.2391714737574007,ORANGE
2026-07-27,H005,S005,Sweating,134.0,8,117.375,7.424621202458749,16.625,14.164004259850904,2.2391714737574007,ORANGE
2026-07-27,H005,S006,Dry Cough,372.0,8,372.25,13.057564857200594,-0.25,-0.0671591672263264,-0.019145989526687092,GREEN
2026-07-27,H005,S007,Persistent Cough,25.0,8,28.75,4.4960299948160625,-3.75,-13.043478260869565,-0.8340691686496225,GREEN
2026-07-27,H005,S008,Sore Throat,242.0,8,241.5,11.476684439082819,0.5,0.2070393374741201,0.04356658951929487,GREEN
2026-07-27,H005,S009,Runny Nose,139.0,8,149.5,14.648256844124099,-10.5,-7.023411371237458,-0.7168088402417587,GREEN
2026-07-27,H005,S010,Breathlessness,11.0,8,9.125,4.223657859520077,1.875,20.54794520547945,0.44392800325286086,GREEN
2026-07-27,H005,S011,Chest Pain,1.0,8,2.125,1.1259916264596033,-1.125,-52.94117647058824,-0.9991193305204932,GREEN
2026-07-27,H005,S012,Loss of Taste,39.0,8,27.25,8.32809359080113,11.75,43.11926605504588,1.4108871222314994,GREEN
2026-07-27,H005,S013,Loss of Smell,34.0,8,28.0,8.847921466972585,6.0,21.428571428571427,0.6781253679066579,GREEN
2026-07-27,H005,S014,Muscle Pain,366.0,8,371.375,23.856340876169586,-5.375,-1.447324133288455,-0.22530697510988193,GREEN
2026-07-27,H005,S015,Joint Pain,157.0,8,155.75,12.056415008498293,1.25,0.8025682182985553,0.10367924454482559,GREEN
2026-07-27,H005,S016,Retro-orbital Pain,128.0,8,132.125,12.988318927845455,-4.125,-3.122043519394513,-0.3175930636532551,GREEN
2026-07-27,H005,S017,Rash,38.0,8,52.625,6.759913355319621,-14.625,-27.790973871733964,-2.163489268466889,GREEN
2026-07-27,H005,S018,Nausea,136.0,8,140.625,12.648404755428368,-4.625,-3.288888888888889,-0.3656587600910755,GREEN
2026-07-27,H005,S019,Vomiting,188.0,8,188.375,7.558108228915486,-0.375,-0.19907100199071004,-0.049615590124171695,GREEN
2026-07-27,H005,S020,Diarrhoea,150.0,8,152.0,6.590035768383315,-2.0,-1.3157894736842104,-0.30348848933344186,GREEN
2026-07-27,H005,S021,Abdominal Pain,97.0,8,104.75,8.048957341526558,-7.75,-7.398568019093078,-0.9628576312631,GREEN
2026-07-27,H005,S022,Loss of Appetite,43.0,8,38.375,3.62284418654736,4.625,12.052117263843648,1.2766212847833551,GREEN
2026-07-27,H005,S023,Weight Loss,2.0,8,4.125,1.6420805617960923,-2.125,-51.515151515151516,-1.2940899791638085,GREEN
2026-07-27,H005,S024,Night Sweats,7.0,8,11.0,2.0000000000000004,-4.0,-36.36363636363637,-1.9999999999999996,GREEN
2026-07-27,H005,S025,Bleeding,4.0,8,4.125,2.1671244937540095,-0.125,-3.0303030303030303,-0.05768011960562002,GREEN
2026-07-27,H005,S026,Anaemia,2.0,8,2.625,2.2638462845343543,-0.625,-23.809523809523807,-0.27607881518711636,GREEN
2026-07-27,H005,S027,Dehydration,2.0,8,6.0,3.3806170189140663,-4.0,-66.66666666666666,-1.1832159566199232,GREEN
2026-07-27,H006,S001,Fever,630.0,8,639.0,6.824326235712097,-9.0,-1.4084507042253522,-1.3188115118093966,GREEN
2026-07-27,H006,S002,Headache,307.0,8,326.625,10.756227432117107,-19.625,-6.0084194412552625,-1.8245244556099243,GREEN
2026-07-27,H006,S003,Fatigue,170.0,8,156.625,11.426004175938823,13.375,8.53950518754988,1.1705754517546407,GREEN
2026-07-27,H006,S004,Chills,91.0,8,101.0,13.40575569351783,-10.0,-9.900990099009901,-0.7459482500367631,GREEN
2026-07-27,H006,S005,Sweating,91.0,8,101.0,13.40575569351783,-10.0,-9.900990099009901,-0.7459482500367631,GREEN
2026-07-27,H006,S006,Dry Cough,302.0,8,292.5,16.970562748477143,9.5,3.2478632478632483,0.55979286843935,GREEN
2026-07-27,H006,S007,Persistent Cough,32.0,8,33.875,6.424006315599102,-1.875,-5.535055350553505,-0.2918739347199938,GREEN
2026-07-27,H006,S008,Sore Throat,202.0,8,187.25,14.360163150684803,14.75,7.87716955941255,1.027147104473991,GREEN
2026-07-27,H006,S009,Runny Nose,118.0,8,109.0,8.159131606453506,9.0,8.256880733944955,1.1030585648209674,GREEN
2026-07-27,H006,S010,Breathlessness,10.0,8,7.5,3.4226138716316967,2.5,33.33333333333333,0.730435887238472,GREEN
2026-07-27,H006,S011,Chest Pain,3.0,8,2.625,1.407885953173359,0.375,14.285714285714285,0.2663568019517165,GREEN
2026-07-27,H006,S012,Loss of Taste,23.0,8,22.25,6.363961030678928,0.75,3.3707865168539324,0.11785113019775792,GREEN
2026-07-27,H006,S013,Loss of Smell,23.0,8,22.125,6.5778307323050775,0.875,3.954802259887006,0.1330225777478121,GREEN
2026-07-27,H006,S014,Muscle Pain,283.0,8,290.0,15.729862409715217,-7.0,-2.413793103448276,-0.44501342845037206,GREEN
2026-07-27,H006,S015,Joint Pain,118.0,8,131.75,11.373528162234571,-13.75,-10.436432637571158,-1.208947637344094,GREEN
2026-07-27,H006,S016,Retro-orbital Pain,89.0,8,103.0,7.250615737399725,-14.0,-13.592233009708737,-1.930870495285797,GREEN
2026-07-27,H006,S017,Rash,43.0,8,42.25,5.67576300723398,0.75,1.7751479289940828,0.13214082389347404,GREEN
2026-07-27,H006,S018,Nausea,124.0,8,101.25,9.130013299943373,22.75,22.469135802469136,2.491781693257895,ORANGE
2026-07-27,H006,S019,Vomiting,163.0,8,140.625,8.296944360081351,22.375,15.911111111111111,2.6967759489447287,ORANGE
2026-07-27,H006,S020,Diarrhoea,135.0,8,108.625,5.012484413940855,26.375,24.28078250863061,5.261861747967765,RED
2026-07-27,H006,S021,Abdominal Pain,96.0,8,78.375,8.416607731995459,17.625,22.48803827751196,2.0940740689386224,ORANGE
2026-07-27,H006,S022,Loss of Appetite,29.0,8,28.375,2.8252686345094444,0.625,2.2026431718061676,0.22121790203094074,GREEN
2026-07-27,H006,S023,Weight Loss,4.0,8,4.0,2.0,0.0,0.0,0.0,GREEN
2026-07-27,H006,S024,Night Sweats,11.0,8,10.75,2.121320343559642,0.25,2.3255813953488373,0.11785113019775796,GREEN
2026-07-27,H006,S025,Bleeding,0.0,8,2.625,1.407885953173359,-2.625,-100.0,-1.8644976136620155,GREEN
2026-07-27,H006,S026,Anaemia,2.0,8,2.375,1.8468119248354136,-0.375,-15.789473684210526,-0.20305262000808214,GREEN
2026-07-27,H006,S027,Dehydration,5.0,8,4.25,2.866057521105554,0.75,17.647058823529413,0.26168351279659413,GREEN
2026-07-27,H007,S001,Fever,560.0,8,574.5,9.783367810436534,-14.5,-2.5239338555265447,-1.482107213073594,GREEN
2026-07-27,H007,S002,Headache,287.0,8,290.875,11.993301701962045,-3.875,-1.3321873657069188,-0.32309701667607255,GREEN
2026-07-27,H007,S003,Fatigue,135.0,8,141.125,8.87110075308744,-6.125,-4.340124003542958,-0.6904441929450857,GREEN
2026-07-27,H007,S004,Chills,84.0,8,80.5,8.088792952509754,3.5,4.3478260869565215,0.43269743959932067,GREEN
2026-07-27,H007,S005,Sweating,84.0,8,80.5,8.088792952509754,3.5,4.3478260869565215,0.43269743959932067,GREEN
2026-07-27,H007,S006,Dry Cough,286.0,8,296.0,9.999999999999998,-10.0,-3.3783783783783785,-1.0000000000000002,GREEN
2026-07-27,H007,S007,Persistent Cough,22.0,8,21.875,4.642582409453969,0.125,0.5714285714285714,0.026924670145963375,GREEN
2026-07-27,H007,S008,Sore Throat,168.0,8,190.0,8.053393251117374,-22.0,-11.578947368421053,-2.731767754784307,GREEN
2026-07-27,H007,S009,Runny Nose,129.0,8,117.875,6.010407640085654,11.125,9.43796394485684,1.8509559860471392,YELLOW
2026-07-27,H007,S010,Breathlessness,8.0,8,8.375,2.1339098923270936,-0.375,-4.477611940298507,-0.17573375583870185,GREEN
2026-07-27,H007,S011,Chest Pain,0.0,8,1.875,1.3562026818605377,-1.875,-100.0,-1.3825367145180234,GREEN
2026-07-27,H007,S012,Loss of Taste,25.0,8,21.25,4.713203338949605,3.75,17.647058823529413,0.7956372195976024,GREEN
2026-07-27,H007,S013,Loss of Smell,27.0,8,21.625,5.578978401105348,5.375,24.85549132947977,0.9634380371386749,GREEN
2026-07-27,H007,S014,Muscle Pain,258.0,8,263.875,10.602391913418135,-5.875,-2.226432970156324,-0.554120244561488,GREEN
2026-07-27,H007,S015,Joint Pain,88.0,8,102.625,9.349369726656143,-14.625,-14.250913520097441,-1.5642765691790346,GREEN
2026-07-27,H007,S016,Retro-orbital Pain,74.0,8,80.125,4.969550137731643,-6.125,-7.644305772230889,-1.2325059271453016,GREEN
2026-07-27,H007,S017,Rash,35.0,8,33.25,6.4309519401985,1.75,5.263157894736842,0.27212145515520425,GREEN
2026-07-27,H007,S018,Nausea,96.0,8,83.375,10.140970649513077,12.625,15.142428785607196,1.2449498609490792,GREEN
2026-07-27,H007,S019,Vomiting,126.0,8,114.125,8.458934414485752,11.875,10.405257393209201,1.4038411244404858,GREEN
2026-07-27,H007,S020,Diarrhoea,99.0,8,88.875,5.817154434453817,10.125,11.39240506329114,1.7405417226043878,YELLOW
2026-07-27,H007,S021,Abdominal Pain,57.0,8,64.125,9.030701602232876,-7.125,-11.11111111111111,-0.7889752439875011,GREEN
2026-07-27,H007,S022,Loss of Appetite,25.0,8,25.375,3.7008686239082538,-0.375,-1.477832512315271,-0.10132756336645805,GREEN
2026-07-27,H007,S023,Weight Loss,3.0,8,3.5,2.927700218845599,-0.5,-14.285714285714285,-0.17078251276599332,GREEN
2026-07-27,H007,S024,Night Sweats,11.0,8,9.0,3.4226138716316967,2.0,22.22222222222222,0.5843487097907776,GREEN
2026-07-27,H007,S025,Bleeding,2.0,8,2.125,1.7268882005337975,-0.125,-5.88235294117647,-0.07238453535171606,GREEN
2026-07-27,H007,S026,Anaemia,2.0,8,1.625,1.1877349391654206,0.375,23.076923076923077,0.31572700914523844,GREEN
2026-07-27,H007,S027,Dehydration,5.0,8,2.625,1.0606601717798212,2.375,90.47619047619048,2.2391714737574007,ORANGE
2026-07-27,H008,S001,Fever,716.0,8,678.125,21.047140966343687,37.875,5.585253456221198,1.7995318252757277,YELLOW
2026-07-27,H008,S002,Headache,334.0,8,340.5,16.56157342421649,-6.5,-1.908957415565345,-0.3924747868759642,GREEN
2026-07-27,H008,S003,Fatigue,165.0,8,168.875,12.597477071677032,-3.875,-2.29459659511473,-0.3076012742831008,GREEN
2026-07-27,H008,S004,Chills,100.0,8,100.75,7.285013971944637,-0.75,-0.7444168734491315,-0.10295107228185556,GREEN
2026-07-27,H008,S005,Sweating,100.0,8,100.75,7.285013971944637,-0.75,-0.7444168734491315,-0.10295107228185556,GREEN
2026-07-27,H008,S006,Dry Cough,350.0,8,322.375,11.562717179427532,27.625,8.56921287320667,2.3891443136869763,ORANGE
2026-07-27,H008,S007,Persistent Cough,28.0,8,25.875,5.667892024377316,2.125,8.212560386473431,0.3749189276825463,GREEN
2026-07-27,H008,S008,Sore Throat,221.0,8,207.75,12.78112447545766,13.25,6.377858002406739,1.036684997900042,GREEN
2026-07-27,H008,S009,Runny Nose,131.0,8,116.25,7.941752235585579,14.75,12.688172043010754,1.8572727481862095,YELLOW
2026-07-27,H008,S010,Breathlessness,9.0,8,9.75,3.370036032024414,-0.75,-7.6923076923076925,-0.2225495492846311,GREEN
2026-07-27,H008,S011,Chest Pain,1.0,8,1.875,1.3562026818605375,-0.875,-46.666666666666664,-0.645183800108411,GREEN
2026-07-27,H008,S012,Loss of Taste,30.0,8,29.25,8.68084920138248,0.75,2.564102564102564,0.08639707735973086,GREEN
2026-07-27,H008,S013,Loss of Smell,27.0,8,28.75,7.265377779972235,-1.75,-6.086956521739131,-0.2408684108380511,GREEN
2026-07-27,H008,S014,Muscle Pain,319.0,8,312.375,17.25388155086931,6.625,2.1208483393357342,0.38397157071396554,GREEN
2026-07-27,H008,S015,Joint Pain,138.0,8,138.875,8.559664546164013,-0.875,-0.6300630063006301,-0.10222363216232913,GREEN
2026-07-27,H008,S016,Retro-orbital Pain,108.0,8,116.0,8.68496237346895,-8.0,-6.896551724137931,-0.9211323729436766,GREEN
2026-07-27,H008,S017,Rash,34.0,8,46.0,8.585702400752412,-12.0,-26.08695652173913,-1.3976724838434156,GREEN
2026-07-27,H008,S018,Nausea,94.0,8,102.375,8.279708414465537,-8.375,-8.18070818070818,-1.0115090508945916,GREEN
2026-07-27,H008,S019,Vomiting,128.0,8,137.75,6.606274074155351,-9.75,-7.078039927404718,-1.4758697399708764,GREEN
2026-07-27,H008,S020,Diarrhoea,96.0,8,101.625,6.435115716575288,-5.625,-5.535055350553505,-0.8741101555503303,GREEN
2026-07-27,H008,S021,Abdominal Pain,70.0,8,71.25,7.16638980639086,-1.25,-1.7543859649122806,-0.17442534299282353,GREEN
2026-07-27,H008,S022,Loss of Appetite,27.0,8,27.75,6.273527146441853,-0.75,-2.7027027027027026,-0.11954997284508068,GREEN
2026-07-27,H008,S023,Weight Loss,2.0,8,3.375,2.1998376563477846,-1.375,-40.74074074074074,-0.6250461237593337,GREEN
2026-07-27,H008,S024,Night Sweats,11.0,8,7.5,2.9760952365713798,3.5,46.666666666666664,1.1760376338064324,GREEN
2026-07-27,H008,S025,Bleeding,3.0,8,3.875,2.5319388392523003,-0.875,-22.58064516129032,-0.3455849669174449,GREEN
2026-07-27,H008,S026,Anaemia,2.0,8,1.875,1.1259916264596033,0.125,6.666666666666667,0.11101325894672145,GREEN
2026-07-27,H008,S027,Dehydration,3.0,8,3.375,2.7222627143085005,-0.375,-11.11111111111111,-0.13775305301320126,GREEN
2026-07-27,H009,S001,Fever,500.0,8,539.125,22.82503324985842,-39.125,-7.257129608161373,-1.7141267472301571,GREEN
2026-07-27,H009,S002,Headache,254.0,8,279.25,10.859492227013721,-25.25,-9.042076991942704,-2.3251547560565418,GREEN
2026-07-27,H009,S003,Fatigue,116.0,8,128.375,11.312919289782938,-12.375,-9.639727361246349,-1.0938821079698025,GREEN
2026-07-27,H009,S004,Chills,85.0,8,86.5,11.36410388648648,-1.5,-1.7341040462427744,-0.13199456947799562,GREEN
2026-07-27,H009,S005,Sweating,85.0,8,86.5,11.36410388648648,-1.5,-1.7341040462427744,-0.13199456947799562,GREEN
2026-07-27,H009,S006,Dry Cough,227.0,8,237.25,19.203794267949096,-10.25,-4.3203371970495255,-0.533748688253088,GREEN
2026-07-27,H009,S007,Persistent Cough,20.0,8,19.25,3.058944729337694,0.75,3.896103896103896,0.2451825928095098,GREEN
2026-07-27,H009,S008,Sore Throat,144.0,8,153.625,14.46115486397957,-9.625,-6.265256305939788,-0.6655761652877628,GREEN
2026-07-27,H009,S009,Runny Nose,87.0,8,86.125,11.4572185604909,0.875,1.0159651669085632,0.0763710664486538,GREEN
2026-07-27,H009,S010,Breathlessness,4.0,8,7.125,2.1671244937540095,-3.125,-43.859649122807014,-1.4420029901405005,GREEN
2026-07-27,H009,S011,Chest Pain,2.0,8,1.375,1.3024701806293193,0.625,45.45454545454545,0.47985743496869654,GREEN
2026-07-27,H009,S012,Loss of Taste,20.0,8,20.5,5.3718844791323335,-0.5,-2.4390243902439024,-0.09307720632159983,GREEN
2026-07-27,H009,S013,Loss of Smell,20.0,8,20.75,3.9910614413425693,-0.75,-3.614457831325301,-0.18791993333675777,GREEN
2026-07-27,H009,S014,Muscle Pain,221.0,8,249.625,21.546875809333873,-28.625,-11.467200801201804,-1.3284988623547902,GREEN
2026-07-27,H009,S015,Joint Pain,113.0,8,117.0,9.196272536817759,-4.0,-3.418803418803419,-0.43495883620084014,GREEN
2026-07-27,H009,S016,Retro-orbital Pain,83.0,8,89.75,8.876131718587454,-6.75,-7.520891364902507,-0.7604664074401765,GREEN
2026-07-27,H009,S017,Rash,41.0,8,39.25,5.7507763451058125,1.75,4.45859872611465,0.30430673964382815,GREEN
2026-07-27,H009,S018,Nausea,99.0,8,93.375,7.836498853806736,5.625,6.024096385542169,0.7177950389500208,GREEN
2026-07-27,H009,S019,Vomiting,137.0,8,124.75,9.89588659133538,12.25,9.819639278557114,1.2378880747002325,GREEN
2026-07-27,H009,S020,Diarrhoea,102.0,8,97.25,6.840008354213776,4.75,4.884318766066838,0.6944435962675061,GREEN
2026-07-27,H009,S021,Abdominal Pain,85.0,8,66.625,7.79995421231982,18.375,27.5797373358349,2.355783059723245,ORANGE
2026-07-27,H009,S022,Loss of Appetite,21.0,8,24.25,5.897941529526576,-3.25,-13.402061855670103,-0.5510397116908813,GREEN
2026-07-27,H009,S023,Weight Loss,3.0,8,2.125,1.3562026818605375,0.875,41.17647058823529,0.645183800108411,GREEN
2026-07-27,H009,S024,Night Sweats,5.0,8,6.125,2.295181287579947,-1.125,-18.367346938775512,-0.49015735972046326,GREEN
2026-07-27,H009,S025,Bleeding,4.0,8,2.625,1.0606601717798212,1.375,52.38095238095239,1.2963624321753373,GREEN
2026-07-27,H009,S026,Anaemia,0.0,8,2.0,1.3093073414159542,-2.0,-100.0,-1.5275252316519468,GREEN
2026-07-27,H009,S027,Dehydration,5.0,8,2.625,1.7677669529663687,2.375,90.47619047619048,1.3435028842544403,GREEN
2026-07-27,H010,S001,Fever,819.0,8,835.5,23.9761786541797,-16.5,-1.9748653500897666,-0.6881830602777729,GREEN
2026-07-27,H010,S002,Headache,422.0,8,432.375,18.890190197938338,-10.375,-2.3995374385660595,-0.5492268680879836,GREEN
2026-07-27,H010,S003,Fatigue,185.0,8,188.875,14.337139583214338,-3.875,-2.0516214427531434,-0.27027706450851463,GREEN
2026-07-27,H010,S004,Chills,121.0,8,124.625,11.249603167604244,-3.625,-2.908726178535607,-0.3222335886868437,GREEN
2026-07-27,H010,S005,Sweating,121.0,8,124.625,11.249603167604244,-3.625,-2.908726178535607,-0.3222335886868437,GREEN
2026-07-27,H010,S006,Dry Cough,386.0,8,389.125,18.0193348537461,-3.125,-0.8030838419530999,-0.17342482535365802,GREEN
2026-07-27,H010,S007,Persistent Cough,33.0,8,31.5,6.8660656232559525,1.5,4.761904761904762,0.21846572437632572,GREEN
2026-07-27,H010,S008,Sore Throat,239.0,8,248.625,16.291430701007027,-9.625,-3.8712921065862242,-0.5908013959390962,GREEN
2026-07-27,H010,S009,Runny Nose,156.0,8,161.25,14.684783183379217,-5.25,-3.255813953488372,-0.3575129393767383,GREEN
2026-07-27,H010,S010,Breathlessness,7.0,8,9.0,3.4226138716316967,-2.0,-22.22222222222222,-0.5843487097907776,GREEN
2026-07-27,H010,S011,Chest Pain,3.0,8,3.0,1.6903085094570331,0.0,0.0,0.0,GREEN
2026-07-27,H010,S012,Loss of Taste,22.0,8,28.875,5.514591035218685,-6.875,-23.809523809523807,-1.2466926298057508,GREEN
2026-07-27,H010,S013,Loss of Smell,22.0,8,29.125,3.3139316313320135,-7.125,-24.463519313304722,-2.1500141803275983,GREEN
2026-07-27,H010,S014,Muscle Pain,383.0,8,394.375,15.408137924022947,-11.375,-2.884310618066561,-0.7382462472811299,GREEN
2026-07-27,H010,S015,Joint Pain,155.0,8,168.25,11.71994636750283,-13.25,-7.87518573551263,-1.13055124865927,GREEN
2026-07-27,H010,S016,Retro-orbital Pain,131.0,8,129.625,11.26229486891041,1.375,1.0607521697203472,0.12208879415825727,GREEN
2026-07-27,H010,S017,Rash,53.0,8,51.125,5.743008171432708,1.875,3.6674816625916873,0.3264839512725687,GREEN
2026-07-27,H010,S018,Nausea,142.0,8,144.125,12.380139625337714,-2.125,-1.4744145706851692,-0.17164588318946628,GREEN
2026-07-27,H010,S019,Vomiting,193.0,8,197.125,12.437701900730238,-4.125,-2.092580849714648,-0.33165290766116645,GREEN
2026-07-27,H010,S020,Diarrhoea,156.0,8,159.625,10.782757399796077,-3.625,-2.2709475332811273,-0.3361848797663347,GREEN
2026-07-27,H010,S021,Abdominal Pain,104.0,8,111.25,7.905694150420948,-7.25,-6.51685393258427,-0.91706052144883,GREEN
2026-07-27,H010,S022,Loss of Appetite,39.0,8,39.75,5.946187253790689,-0.75,-1.8867924528301887,-0.12613124477737825,GREEN
2026-07-27,H010,S023,Weight Loss,3.0,8,5.375,1.6850180160122066,-2.375,-44.18604651162791,-1.409480478802664,GREEN
2026-07-27,H010,S024,Night Sweats,10.0,8,11.625,3.420004177106889,-1.625,-13.978494623655912,-0.47514561849881976,GREEN
2026-07-27,H010,S025,Bleeding,6.0,8,3.75,1.035098339013531,2.25,60.0,2.1737065119284162,ORANGE
2026-07-27,H010,S026,Anaemia,2.0,8,3.125,1.8850918886280925,-1.125,-36.0,-0.5967878843395469,GREEN
2026-07-27,H010,S027,Dehydration,3.0,8,6.0,3.070597894314954,-3.0,-50.0,-0.9770084209183943,GREEN
2026-08-03,H001,S001,Fever,984.0,9,938.1111111111111,22.624347749959803,45.888888888888914,4.89162619921829,2.0282966561531235,ORANGE
2026-08-03,H001,S002,Headache,493.0,9,475.1111111111111,18.2923784979185,17.888888888888914,3.7652011225444397,0.9779422009513143,GREEN
2026-08-03,H001,S003,Fatigue,254.0,9,225.66666666666666,16.62828914831589,28.333333333333343,12.555391432791732,1.7039235414187477,YELLOW
2026-08-03,H001,S004,Chills,155.0,9,135.33333333333334,9.340770846134703,19.666666666666657,14.532019704433491,2.105465061783943,ORANGE
2026-08-03,H001,S005,Sweating,155.0,9,135.33333333333334,9.340770846134703,19.666666666666657,14.532019704433491,2.105465061783943,ORANGE
2026-08-03,H001,S006,Dry Cough,507.0,9,490.55555555555554,20.384498467653742,16.444444444444457,3.352208380520954,0.8067132223311066,GREEN
2026-08-03,H001,S007,Persistent Cough,35.0,9,33.888888888888886,8.809716857601675,1.1111111111111143,3.278688524590174,0.1261233623135533,GREEN
2026-08-03,H001,S008,Sore Throat,324.0,9,314.55555555555554,15.075734734260147,9.444444444444457,3.00247262451431,0.6264666108101264,GREEN
2026-08-03,H001,S009,Runny Nose,181.0,9,194.44444444444446,14.107720502539658,-13.444444444444457,-6.91428571428572,-0.9529848880989811,GREEN
2026-08-03,H001,S010,Breathlessness,21.0,9,12.88888888888889,3.4075080500434787,8.11111111111111,62.93103448275862,2.3803644751499897,ORANGE
2026-08-03,H001,S011,Chest Pain,4.0,9,2.7777777777777777,1.3944333775567925,1.2222222222222223,44.00000000000001,0.8765009801785555,GREEN
2026-08-03,H001,S012,Loss of Taste,43.0,9,36.666666666666664,4.79583152331272,6.333333333333336,17.27272727272728,1.3205912890281406,GREEN
2026-08-03,H001,S013,Loss of Smell,53.0,9,36.77777777777778,4.969350505291858,16.22222222222222,44.10876132930513,3.2644552250736165,RED
2026-08-03,H001,S014,Muscle Pain,425.0,9,423.22222222222223,17.08638184181907,1.7777777777777715,0.42005775794171546,0.1040464736323898,GREEN
2026-08-03,H001,S015,Joint Pain,153.0,9,161.0,9.260129588726068,-8.0,-4.968944099378882,-0.8639187954496621,GREEN
2026-08-03,H001,S016,Retro-orbital Pain,132.0,9,116.33333333333333,9.17877987534291,15.666666666666671,13.467048710601723,1.7068354268689094,YELLOW
2026-08-03,H001,S017,Rash,62.0,9,53.111111111111114,4.484541349024569,8.888888888888886,16.73640167364016,1.9821177233257765,YELLOW
2026-08-03,H001,S018,Nausea,133.0,9,129.22222222222223,9.010795993942182,3.7777777777777715,2.9234737747205455,0.41925017282796245,GREEN
2026-08-03,H001,S019,Vomiting,198.0,9,178.77777777777777,10.60398248039124,19.22222222222223,10.752019888129277,1.8127361354819038,YELLOW
2026-08-03,H001,S020,Diarrhoea,147.0,9,141.0,10.099504938362077,6.0,4.25531914893617,0.5940885257860046,GREEN
2026-08-03,H001,S021,Abdominal Pain,105.0,9,99.55555555555556,5.174724898753341,5.444444444444443,5.468749999999998,1.0521224897880235,GREEN
2026-08-03,H001,S022,Loss of Appetite,39.0,9,42.111111111111114,5.441609239104835,-3.1111111111111143,-7.38786279683378,-0.5717262990429103,GREEN
2026-08-03,H001,S023,Weight Loss,6.0,9,4.666666666666667,2.8722813232690143,1.333333333333333,28.571428571428566,0.4642070825485275,GREEN
2026-08-03,H001,S024,Night Sweats,12.0,9,11.555555555555555,4.304390523381652,0.44444444444444464,3.8461538461538476,0.10325374568831557,GREEN
2026-08-03,H001,S025,Bleeding,2.0,9,3.4444444444444446,1.8782379449307742,-1.4444444444444446,-41.935483870967744,-0.769042308160632,GREEN
2026-08-03,H001,S026,Anaemia,4.0,9,3.0,1.3228756555322954,1.0,33.33333333333333,0.7559289460184544,GREEN
2026-08-03,H001,S027,Dehydration,4.0,9,4.777777777777778,1.6414763002993507,-0.7777777777777777,-16.279069767441857,-0.47382821039568884,GREEN
2026-08-03,H002,S001,Fever,773.0,9,760.8888888888889,15.161171165550211,12.111111111111086,1.591705607476632,0.7988242450972661,GREEN
2026-08-03,H002,S002,Headache,357.0,9,383.1111111111111,17.67374072207441,-26.111111111111086,-6.815545243619484,-1.4773958451533944,GREEN
2026-08-03,H002,S003,Fatigue,191.0,9,179.0,10.111874208078342,12.0,6.70391061452514,1.186723623441957,GREEN
2026-08-03,H002,S004,Chills,104.0,9,101.22222222222223,9.909310997463166,2.7777777777777715,2.7442371020856138,0.2803199716396929,GREEN
2026-08-03,H002,S005,Sweating,104.0,9,101.22222222222223,9.909310997463166,2.7777777777777715,2.7442371020856138,0.2803199716396929,GREEN
2026-08-03,H002,S006,Dry Cough,387.0,9,395.8888888888889,17.44594827205191,-8.888888888888914,-2.24529890541679,-0.5095102169441114,GREEN
2026-08-03,H002,S007,Persistent Cough,29.0,9,29.333333333333332,4.795831523312719,-0.33333333333333215,-1.1363636363636325,-0.06950480468569134,GREEN
2026-08-03,H002,S008,Sore Throat,258.0,9,258.8888888888889,17.359755502630538,-0.8888888888889142,-0.34334763948498825,-0.05120399816427254,GREEN
2026-08-03,H002,S009,Runny Nose,150.0,9,156.11111111111111,14.34786085488395,-6.111111111111114,-3.914590747330963,-0.42592489381655235,GREEN
2026-08-03,H002,S010,Breathlessness,10.0,9,10.666666666666666,3.5707142142714248,-0.6666666666666661,-6.249999999999995,-0.18670401120373448,GREEN
2026-08-03,H002,S011,Chest Pain,3.0,9,2.3333333333333335,1.4999999999999998,0.6666666666666665,28.571428571428566,0.4444444444444444,GREEN
2026-08-03,H002,S012,Loss of Taste,29.0,9,29.555555555555557,5.479760740924532,-0.5555555555555571,-1.8796992481203059,-0.10138317744541255,GREEN
2026-08-03,H002,S013,Loss of Smell,28.0,9,31.333333333333332,6.557438524302,-3.333333333333332,-10.638297872340424,-0.5083285677753487,GREEN
2026-08-03,H002,S014,Muscle Pain,365.0,9,355.0,14.560219778561038,10.0,2.8169014084507045,0.686802819743445,GREEN
2026-08-03,H002,S015,Joint Pain,143.0,9,141.0,10.862780491200223,2.0,1.4184397163120568,0.18411492357966455,GREEN
2026-08-03,H002,S016,Retro-orbital Pain,107.0,9,108.33333333333333,9.69535971483266,-1.3333333333333286,-1.2307692307692264,-0.13752283283450525,GREEN
2026-08-03,H002,S017,Rash,41.0,9,46.77777777777778,7.693792591722527,-5.777777777777779,-12.351543942992874,-0.7509661469161361,GREEN
2026-08-03,H002,S018,Nausea,99.0,9,111.77777777777777,15.262517631257445,-12.777777777777771,-11.431411530815105,-0.8371998700665899,GREEN
2026-08-03,H002,S019,Vomiting,144.0,9,151.88888888888889,12.712635883683253,-7.888888888888886,-5.19385515727871,-0.6205549314138953,GREEN
2026-08-03,H002,S020,Diarrhoea,114.0,9,118.66666666666667,10.14889156509222,-4.666666666666671,-3.932584269662925,-0.459820329810004,GREEN
2026-08-03,H002,S021,Abdominal Pain,74.0,9,82.44444444444444,11.20391796550554,-8.444444444444443,-10.242587601078165,-0.7537045942716715,GREEN
2026-08-03,H002,S022,Loss of Appetite,26.0,9,30.444444444444443,7.230337321161287,-4.444444444444443,-14.598540145985398,-0.6146939274100985,GREEN
2026-08-03,H002,S023,Weight Loss,4.0,9,4.444444444444445,2.9202359113225387,-0.44444444444444464,-10.000000000000004,-0.1521947054760933,GREEN
2026-08-03,H002,S024,Night Sweats,13.0,9,10.88888888888889,3.551212625443753,2.1111111111111107,19.387755102040813,0.5944761223209805,GREEN
2026-08-03,H002,S025,Bleeding,3.0,9,3.7777777777777777,2.3333333333333335,-0.7777777777777777,-20.588235294117645,-0.33333333333333326,GREEN
2026-08-03,H002,S026,Anaemia,3.0,9,1.1111111111111112,0.927960727138337,1.8888888888888888,170.0,2.0355267563034487,ORANGE
2026-08-03,H002,S027,Dehydration,3.0,9,3.6666666666666665,1.9364916731037083,-0.6666666666666665,-18.18181818181818,-0.3442651863295481,GREEN
2026-08-03,H003,S001,Fever,910.0,9,927.3333333333334,15.676415406590886,-17.33333333333337,-1.8691588785046769,-1.1056949489897967,GREEN
2026-08-03,H003,S002,Headache,448.0,9,487.55555555555554,15.57330336755109,-39.55555555555554,-8.1130355515041,-2.5399592252196443,GREEN
2026-08-03,H003,S003,Fatigue,214.0,9,204.22222222222223,16.292465879799916,9.777777777777771,4.7878128400435225,0.6001410621274138,GREEN
2026-08-03,H003,S004,Chills,141.0,9,156.44444444444446,9.632122184533262,-15.444444444444457,-9.872159090909099,-1.603431118143861,GREEN
2026-08-03,H003,S005,Sweating,141.0,9,156.44444444444446,9.632122184533262,-15.444444444444457,-9.872159090909099,-1.603431118143861,GREEN
2026-08-03,H003,S006,Dry Cough,404.0,9,391.44444444444446,17.212721393718592,12.555555555555543,3.207493613397669,0.7294346587249951,GREEN
2026-08-03,H003,S007,Persistent Cough,37.0,9,28.666666666666668,5.916079783099616,8.333333333333332,29.06976744186046,1.4085904245475274,GREEN
2026-08-03,H003,S008,Sore Throat,256.0,9,244.22222222222223,13.89944043637889,11.777777777777771,4.822565969062782,0.8473562537778061,GREEN
2026-08-03,H003,S009,Runny Nose,156.0,9,148.11111111111111,10.166666666666666,7.888888888888886,5.326331582895722,0.7759562841530052,GREEN
2026-08-03,H003,S010,Breathlessness,6.0,9,8.88888888888889,2.848001248439177,-2.8888888888888893,-32.5,-1.0143566090331317,GREEN
2026-08-03,H003,S011,Chest Pain,1.0,9,2.0,1.118033988749895,-1.0,-50.0,-0.8944271909999159,GREEN
2026-08-03,H003,S012,Loss of Taste,31.0,9,30.666666666666668,7.348469228349534,0.33333333333333215,1.0869565217391266,0.04536092116265129,GREEN
2026-08-03,H003,S013,Loss of Smell,25.0,9,31.666666666666668,6.082762530298219,-6.666666666666668,-21.05263157894737,-1.0959932487023822,GREEN
2026-08-03,H003,S014,Muscle Pain,419.0,9,443.3333333333333,15.157506391224118,-24.333333333333314,-5.4887218045112744,-1.605365203568168,GREEN
2026-08-03,H003,S015,Joint Pain,195.0,9,212.22222222222223,16.858067636726474,-17.22222222222223,-8.115183246073302,-1.0216012056270565,GREEN
2026-08-03,H003,S016,Retro-orbital Pain,138.0,9,166.44444444444446,8.833333333333332,-28.444444444444457,-17.0894526034713,-3.220125786163524,GREEN
2026-08-03,H003,S017,Rash,57.0,9,63.55555555555556,8.95978670381041,-6.555555555555557,-10.314685314685317,-0.7316642429409191,GREEN
2026-08-03,H003,S018,Nausea,159.0,9,149.0,10.161200716450788,10.0,6.7114093959731544,0.9841356626102458,GREEN
2026-08-03,H003,S019,Vomiting,200.0,9,195.22222222222223,8.642594774976114,4.7777777777777715,2.4473534433693764,0.5528175162870547,GREEN
2026-08-03,H003,S020,Diarrhoea,156.0,9,147.77777777777777,7.628528327563874,8.222222222222229,5.563909774436095,1.077825482080624,GREEN
2026-08-03,H003,S021,Abdominal Pain,104.0,9,104.0,9.643650760992955,0.0,0.0,0.0,GREEN
2026-08-03,H003,S022,Loss of Appetite,53.0,9,41.0,5.049752469181039,12.0,29.268292682926827,2.3763541031440183,ORANGE
2026-08-03,H003,S023,Weight Loss,1.0,9,3.6666666666666665,2.29128784747792,-2.6666666666666665,-72.72727272727273,-1.1638287479252927,GREEN
2026-08-03,H003,S024,Night Sweats,10.0,9,9.444444444444445,3.431876713662334,0.5555555555555554,5.882352941176468,0.16188097705954393,GREEN
2026-08-03,H003,S025,Bleeding,2.0,9,4.666666666666667,2.0615528128088303,-2.666666666666667,-57.14285714285715,-1.2935233335271092,GREEN
2026-08-03,H003,S026,Anaemia,1.0,9,3.0,1.5811388300841898,-2.0,-66.66666666666666,-1.2649110640673518,GREEN
2026-08-03,H003,S027,Dehydration,2.0,9,6.0,2.23606797749979,-4.0,-66.66666666666666,-1.7888543819998317,GREEN
2026-08-03,H004,S001,Fever,845.0,9,876.3333333333334,16.918924315688624,-31.33333333333337,-3.57550399391404,-1.8519695903053668,GREEN
2026-08-03,H004,S002,Headache,420.0,9,429.8888888888889,13.587167148125882,-9.888888888888914,-2.3003360041354415,-0.7278109396227541,GREEN
2026-08-03,H004,S003,Fatigue,197.0,9,210.44444444444446,13.30517860751135,-13.444444444444457,-6.3885955649419275,-1.010467040018124,GREEN
2026-08-03,H004,S004,Chills,110.0,9,126.22222222222223,11.903547557112727,-16.22222222222223,-12.852112676056343,-1.3628056799360593,GREEN
2026-08-03,H004,S005,Sweating,110.0,9,126.22222222222223,11.903547557112727,-16.22222222222223,-12.852112676056343,-1.3628056799360593,GREEN
2026-08-03,H004,S006,Dry Cough,409.0,9,431.6666666666667,17.406895185529216,-22.666666666666686,-5.250965250965256,-1.3021659764752331,GREEN
2026-08-03,H004,S007,Persistent Cough,31.0,9,28.22222222222222,5.974482776311641,2.7777777777777786,9.842519685039374,0.4649402938763923,GREEN
2026-08-03,H004,S008,Sore Throat,271.0,9,281.3333333333333,10.547511554864496,-10.333333333333314,-3.6729857819905147,-0.9796939571559509,GREEN
2026-08-03,H004,S009,Runny Nose,157.0,9,162.22222222222223,7.79066392834683,-5.2222222222222285,-3.2191780821917844,-0.6703179947502085,GREEN
2026-08-03,H004,S010,Breathlessness,13.0,9,9.444444444444445,1.9436506316151,3.5555555555555554,37.64705882352941,1.8293182415200941,YELLOW
2026-08-03,H004,S011,Chest Pain,2.0,9,2.6666666666666665,1.118033988749895,-0.6666666666666665,-24.999999999999993,-0.5962847939999437,GREEN
2026-08-03,H004,S012,Loss of Taste,25.0,9,33.77777777777778,3.8980051878421675,-8.777777777777779,-25.986842105263158,-2.251864057327467,GREEN
2026-08-03,H004,S013,Loss of Smell,26.0,9,33.0,4.358898943540673,-7.0,-21.21212121212121,-1.6059101370939326,GREEN
2026-08-03,H004,S014,Muscle Pain,420.0,9,397.0,18.013883534651825,23.0,5.793450881612091,1.2767929778027483,GREEN
2026-08-03,H004,S015,Joint Pain,181.0,9,163.66666666666666,16.3783393541592,17.333333333333343,10.590631364562125,1.0583083521792842,GREEN
2026-08-03,H004,S016,Retro-orbital Pain,133.0,9,134.66666666666666,17.77638883463118,-1.6666666666666572,-1.2376237623762307,-0.09375732507716811,GREEN
2026-08-03,H004,S017,Rash,71.0,9,55.44444444444444,6.50213640104372,15.555555555555557,28.056112224448903,2.392376073971408,ORANGE
2026-08-03,H004,S018,Nausea,135.0,9,143.77777777777777,14.575474072716965,-8.777777777777771,-6.105100463678513,-0.6022293157660248,GREEN
2026-08-03,H004,S019,Vomiting,174.0,9,193.44444444444446,15.042532292728437,-19.444444444444457,-10.05169442848938,-1.2926310587908065,GREEN
2026-08-03,H004,S020,Diarrhoea,130.0,9,153.22222222222223,14.263395263556445,-23.22222222222223,-15.155910079767951,-1.628099186282522,GREEN
2026-08-03,H004,S021,Abdominal Pain,78.0,9,107.55555555555556,13.974182544169723,-29.555555555555557,-27.47933884297521,-2.1150114120905528,GREEN
2026-08-03,H004,S022,Loss of Appetite,25.0,9,37.888888888888886,6.313565641625271,-12.888888888888886,-34.01759530791788,-2.041459552414024,GREEN
2026-08-03,H004,S023,Weight Loss,6.0,9,5.0,2.0615528128088307,1.0,20.0,0.4850712500726658,GREEN
2026-08-03,H004,S024,Night Sweats,7.0,9,10.333333333333334,1.7320508075688772,-3.333333333333334,-32.25806451612904,-1.924500897298753,GREEN
2026-08-03,H004,S025,Bleeding,6.0,9,2.888888888888889,1.4529663145135578,3.111111111111111,107.6923076923077,2.141213516125243,ORANGE
2026-08-03,H004,S026,Anaemia,0.0,9,2.0,1.5,-2.0,-100.0,-1.3333333333333333,GREEN
2026-08-03,H004,S027,Dehydration,6.0,9,5.888888888888889,2.204792759220492,0.11111111111111072,1.886792452830182,0.05039526306789679,GREEN
2026-08-03,H005,S001,Fever,769.0,9,800.3333333333334,11.236102527122096,-31.33333333333337,-3.9150354019158726,-2.7886300661372463,GREEN
2026-08-03,H005,S002,Headache,382.0,9,414.44444444444446,23.351183648324508,-32.44444444444446,-7.828418230563006,-1.3894132705676532,GREEN
2026-08-03,H005,S003,Fatigue,181.0,9,187.0,16.963195453687373,-6.0,-3.2085561497326207,-0.3537069425616829,GREEN
2026-08-03,H005,S004,Chills,111.0,9,119.22222222222223,8.885068623507891,-8.222222222222229,-6.896551724137937,-0.9253977172970932,GREEN
2026-08-03,H005,S005,Sweating,111.0,9,119.22222222222223,8.885068623507891,-8.222222222222229,-6.896551724137937,-0.9253977172970932,GREEN
2026-08-03,H005,S006,Dry Cough,368.0,9,372.22222222222223,12.214517773716834,-4.2222222222222285,-1.134328358208957,-0.3456724449087622,GREEN
2026-08-03,H005,S007,Persistent Cough,34.0,9,28.333333333333332,4.387482193696061,5.666666666666668,20.000000000000004,1.291553199875897,GREEN
2026-08-03,H005,S008,Sore Throat,220.0,9,241.55555555555554,10.736748938937604,-21.555555555555543,-8.923643054277825,-2.00764269316038,GREEN
2026-08-03,H005,S009,Runny Nose,135.0,9,148.33333333333334,14.14213562373095,-13.333333333333343,-8.988764044943826,-0.9428090415820641,GREEN
2026-08-03,H005,S010,Breathlessness,5.0,9,9.333333333333334,4.0,-4.333333333333334,-46.42857142857143,-1.0833333333333335,GREEN
2026-08-03,H005,S011,Chest Pain,3.0,9,2.0,1.118033988749895,1.0,50.0,0.8944271909999159,GREEN
2026-08-03,H005,S012,Loss of Taste,26.0,9,28.555555555555557,8.719390906352219,-2.555555555555557,-8.949416342412457,-0.29308876996141936,GREEN
2026-08-03,H005,S013,Loss of Smell,24.0,9,28.666666666666668,8.514693182963201,-4.666666666666668,-16.279069767441865,-0.54807220488039,GREEN
2026-08-03,H005,S014,Muscle Pain,345.0,9,370.77777777777777,22.38737243278997,-25.77777777777777,-6.952352412346417,-1.1514427543994399,GREEN
2026-08-03,H005,S015,Joint Pain,144.0,9,155.88888888888889,11.2854380114868,-11.888888888888886,-7.626514611546684,-1.0534716398945143,GREEN
2026-08-03,H005,S016,Retro-orbital Pain,113.0,9,131.66666666666666,12.227019260637483,-18.666666666666657,-14.177215189873413,-1.5266735308711232,GREEN
2026-08-03,H005,S017,Rash,48.0,9,51.0,7.984359711335656,-3.0,-5.88235294117647,-0.3757345746510897,GREEN
2026-08-03,H005,S018,Nausea,157.0,9,140.11111111111111,11.931517552730298,16.888888888888886,12.05392545598731,1.4154853994263443,GREEN
2026-08-03,H005,S019,Vomiting,231.0,9,188.33333333333334,7.071067811865475,42.66666666666666,22.65486725663716,6.033977866125205,RED
2026-08-03,H005,S020,Diarrhoea,194.0,9,151.77777777777777,6.200358412579427,42.22222222222223,27.81844802342607,6.809642187225957,RED
2026-08-03,H005,S021,Abdominal Pain,138.0,9,103.88888888888889,7.959969290839699,34.111111111111114,32.83422459893048,4.285331998751056,RED
2026-08-03,H005,S022,Loss of Appetite,51.0,9,38.888888888888886,3.7230513172814463,12.111111111111114,31.142857142857157,3.2530067621938095,RED
2026-08-03,H005,S023,Weight Loss,3.0,9,3.888888888888889,1.6914819275153696,-0.8888888888888888,-22.857142857142858,-0.5255089483542897,GREEN
2026-08-03,H005,S024,Night Sweats,10.0,9,10.555555555555555,2.2973414586817036,-0.5555555555555554,-5.263157894736841,-0.24182541670333715,GREEN
2026-08-03,H005,S025,Bleeding,2.0,9,4.111111111111111,2.0275875100994067,-2.1111111111111107,-51.35135135135135,-1.0411935862672625,GREEN
2026-08-03,H005,S026,Anaemia,2.0,9,2.5555555555555554,2.1278575558006176,-0.5555555555555554,-21.739130434782602,-0.2610868166626523,GREEN
2026-08-03,H005,S027,Dehydration,5.0,9,5.555555555555555,3.4318767136623336,-0.5555555555555554,-9.999999999999996,-0.16188097705954396,GREEN
2026-08-03,H006,S001,Fever,629.0,9,638.0,7.0533679898329344,-9.0,-1.4106583072100314,-1.275986169015006,GREEN
2026-08-03,H006,S002,Headache,331.0,9,324.44444444444446,12.001157351596474,6.555555555555543,2.0205479452054753,0.5462436133031352,GREEN
2026-08-03,H006,S003,Fatigue,138.0,9,158.11111111111111,11.58063517736014,-20.111111111111114,-12.719606465214337,-1.736615548551935,GREEN
2026-08-03,H006,S004,Chills,107.0,9,99.88888888888889,12.975404082767946,7.111111111111114,7.119021134593996,0.5480454455021607,GREEN
2026-08-03,H006,S005,Sweating,107.0,9,99.88888888888889,12.975404082767946,7.111111111111114,7.119021134593996,0.5480454455021607,GREEN
2026-08-03,H006,S006,Dry Cough,281.0,9,293.55555555555554,16.187272091917706,-12.555555555555543,-4.2770628311884895,-0.775643696124965,GREEN
2026-08-03,H006,S007,Persistent Cough,29.0,9,33.666666666666664,6.041522986797286,-4.666666666666664,-13.861386138613854,-0.772432162695543,GREEN
2026-08-03,H006,S008,Sore Throat,175.0,9,188.88888888888889,14.304234027416886,-13.888888888888886,-7.352941176470587,-0.9709634827190391,GREEN
2026-08-03,H006,S009,Runny Nose,103.0,9,110.0,8.200609733428363,-7.0,-6.363636363636363,-0.8535950651895693,GREEN
2026-08-03,H006,S010,Breathlessness,3.0,9,7.777777777777778,3.3082388735465345,-4.777777777777778,-61.42857142857143,-1.4442058026649847,GREEN
2026-08-03,H006,S011,Chest Pain,5.0,9,2.6666666666666665,1.3228756555322954,2.3333333333333335,87.50000000000001,1.7638342073763937,YELLOW
2026-08-03,H006,S012,Loss of Taste,17.0,9,22.333333333333332,5.958187643906492,-5.333333333333332,-23.88059701492537,-0.8951267821831349,GREEN
2026-08-03,H006,S013,Loss of Smell,14.0,9,22.22222222222222,6.15990620419211,-8.222222222222221,-37.0,-1.3347966591807205,GREEN
2026-08-03,H006,S014,Muscle Pain,292.0,9,289.22222222222223,14.897799986724378,2.7777777777777715,0.9604302727621953,0.18645556929567353,GREEN
2026-08-03,H006,S015,Joint Pain,133.0,9,130.22222222222223,11.584232579003432,2.7777777777777715,2.1331058020477767,0.23978953796322502,GREEN
2026-08-03,H006,S016,Retro-orbital Pain,97.0,9,101.44444444444444,8.232726023485645,-4.444444444444443,-4.38116100766703,-0.5398508867859438,GREEN
2026-08-03,H006,S017,Rash,46.0,9,42.333333333333336,5.315072906367325,3.6666666666666643,8.66141732283464,0.6898619701479709,GREEN
2026-08-03,H006,S018,Nausea,121.0,9,103.77777777777777,11.421227799341212,17.22222222222223,16.59528907922913,1.507913380662596,YELLOW
2026-08-03,H006,S019,Vomiting,175.0,9,143.11111111111111,10.763879928311683,31.888888888888886,22.28260869565217,2.9625831114125654,ORANGE
2026-08-03,H006,S020,Diarrhoea,123.0,9,111.55555555555556,9.963823451756749,11.444444444444443,10.258964143426292,1.1485996816238893,GREEN
2026-08-03,H006,S021,Abdominal Pain,86.0,9,80.33333333333333,9.823441352194251,5.666666666666671,7.0539419087137,0.576851478367193,GREEN
2026-08-03,H006,S022,Loss of Appetite,34.0,9,28.444444444444443,2.6509956200978118,5.555555555555557,19.531250000000007,2.0956487115397717,ORANGE
2026-08-03,H006,S023,Weight Loss,7.0,9,4.0,1.8708286933869709,3.0,75.0,1.6035674514745462,YELLOW
2026-08-03,H006,S024,Night Sweats,8.0,9,10.777777777777779,1.98606254796883,-2.7777777777777786,-25.773195876288664,-1.3986355971611495,GREEN
2026-08-03,H006,S025,Bleeding,2.0,9,2.3333333333333335,1.5811388300841898,-0.3333333333333335,-14.28571428571429,-0.21081851067789203,GREEN
2026-08-03,H006,S026,Anaemia,2.0,9,2.3333333333333335,1.7320508075688772,-0.3333333333333335,-14.28571428571429,-0.19245008972987535,GREEN
2026-08-03,H006,S027,Dehydration,7.0,9,4.333333333333333,2.692582403567252,2.666666666666667,61.538461538461554,0.9903751369442768,GREEN
2026-08-03,H007,S001,Fever,570.0,9,572.8888888888889,10.349449797506686,-2.888888888888914,-0.5042668735453883,-0.27913453810702904,GREEN
2026-08-03,H007,S002,Headache,304.0,9,290.44444444444446,11.292819744323282,13.555555555555543,4.6671767406273865,1.2003694261010145,GREEN
2026-08-03,H007,S003,Fatigue,161.0,9,140.44444444444446,8.545629162196175,20.555555555555543,14.636075949367077,2.405388200846395,ORANGE
2026-08-03,H007,S004,Chills,79.0,9,80.88888888888889,7.655789385237236,-1.8888888888888857,-2.3351648351648313,-0.24672686170432745,GREEN
2026-08-03,H007,S005,Sweating,79.0,9,80.88888888888889,7.655789385237236,-1.8888888888888857,-2.3351648351648313,-0.24672686170432745,GREEN
2026-08-03,H007,S006,Dry Cough,294.0,9,294.8888888888889,9.930312739844155,-0.8888888888889142,-0.3014318010550199,-0.08951267821831604,GREEN
2026-08-03,H007,S007,Persistent Cough,25.0,9,21.88888888888889,4.342938073598461,3.1111111111111107,14.213197969543145,0.7163609193564471,GREEN
2026-08-03,H007,S008,Sore Throat,186.0,9,187.55555555555554,10.513219191940106,-1.555555555555543,-0.8293838862559175,-0.14796186849676832,GREEN
2026-08-03,H007,S009,Runny Nose,113.0,9,119.11111111111111,6.735065783725583,-6.111111111111114,-5.1305970149253755,-0.9073573009305752,GREEN
2026-08-03,H007,S010,Breathlessness,4.0,9,8.333333333333334,1.9999999999999998,-4.333333333333334,-52.0,-2.1666666666666674,GREEN
2026-08-03,H007,S011,Chest Pain,1.0,9,1.6666666666666667,1.4142135623730951,-0.6666666666666667,-40.0,-0.4714045207910317,GREEN
2026-08-03,H007,S012,Loss of Taste,16.0,9,21.666666666666668,4.58257569495584,-5.666666666666668,-26.153846153846157,-1.2365680446706238,GREEN
2026-08-03,H007,S013,Loss of Smell,14.0,9,22.22222222222222,5.517648452415616,-8.222222222222221,-37.0,-1.4901678302144363,GREEN
2026-08-03,H007,S014,Muscle Pain,254.0,9,263.22222222222223,10.109126789413837,-9.222222222222229,-3.5035880118193354,-0.9122669459324256,GREEN
2026-08-03,H007,S015,Joint Pain,86.0,9,101.0,10.012492197250399,-15.0,-14.85148514851485,-1.4981285083167661,GREEN
2026-08-03,H007,S016,Retro-orbital Pain,68.0,9,79.44444444444444,5.07718207057594,-11.444444444444443,-14.405594405594405,-2.2540937640919028,GREEN
2026-08-03,H007,S017,Rash,22.0,9,33.44444444444444,6.043821454822915,-11.444444444444443,-34.21926910299003,-1.893577520446419,GREEN
2026-08-03,H007,S018,Nausea,80.0,9,84.77777777777777,10.37759338403873,-4.7777777777777715,-5.635648754914803,-0.4603936193073664,GREEN
2026-08-03,H007,S019,Vomiting,118.0,9,115.44444444444444,8.84747295999133,2.555555555555557,2.2136669874879704,0.28884581700468526,GREEN
2026-08-03,H007,S020,Diarrhoea,90.0,9,90.0,6.4031242374328485,0.0,0.0,0.0,GREEN
2026-08-03,H007,S021,Abdominal Pain,69.0,9,63.333333333333336,8.774964387392123,5.666666666666664,8.947368421052628,0.6457765999379481,GREEN
2026-08-03,H007,S022,Loss of Appetite,29.0,9,25.333333333333332,3.4641016151377544,3.666666666666668,14.473684210526322,1.0584754935143144,GREEN
2026-08-03,H007,S023,Weight Loss,3.0,9,3.4444444444444446,2.743679605525721,-0.44444444444444464,-12.903225806451617,-0.16198846379487664,GREEN
2026-08-03,H007,S024,Night Sweats,9.0,9,9.222222222222221,3.2702361450580972,-0.22222222222222143,-2.4096385542168592,-0.06795295885834983,GREEN
2026-08-03,H007,S025,Bleeding,2.0,9,2.111111111111111,1.6158932858054431,-0.11111111111111116,-5.263157894736844,-0.06876141641725292,GREEN
2026-08-03,H007,S026,Anaemia,1.0,9,1.6666666666666667,1.1180339887498947,-0.6666666666666667,-40.0,-0.596284793999944,GREEN
2026-08-03,H007,S027,Dehydration,7.0,9,2.888888888888889,1.2692955176439846,4.111111111111111,142.3076923076923,3.238892010539823,RED
2026-08-03,H008,S001,Fever,682.0,9,682.3333333333334,23.38803112705299,-0.33333333333337123,-0.04885197850513501,-0.014252304160302052,GREEN
2026-08-03,H008,S002,Headache,345.0,9,339.77777777777777,15.642712183136409,5.2222222222222285,1.5369522563767188,0.33384378367915213,GREEN
2026-08-03,H008,S003,Fatigue,139.0,9,168.44444444444446,11.854441268055519,-29.444444444444457,-17.4802110817942,-2.4838323273648664,GREEN
2026-08-03,H008,S004,Chills,101.0,9,100.66666666666667,6.819090848492928,0.3333333333333286,0.3311258278145648,0.04888237167378374,GREEN
2026-08-03,H008,S005,Sweating,101.0,9,100.66666666666667,6.819090848492928,0.3333333333333286,0.3311258278145648,0.04888237167378374,GREEN
2026-08-03,H008,S006,Dry Cough,321.0,9,325.44444444444446,14.204850501774997,-4.444444444444457,-1.3656538067599902,-0.31288216964262255,GREEN
2026-08-03,H008,S007,Persistent Cough,34.0,9,26.11111111111111,5.348935511960404,7.888888888888889,30.21276595744681,1.4748521217444224,GREEN
2026-08-03,H008,S008,Sore Throat,196.0,9,209.22222222222223,12.745369529536772,-13.222222222222229,-6.319702602230485,-1.0374137989157846,GREEN
2026-08-03,H008,S009,Runny Nose,131.0,9,117.88888888888889,8.908485343261843,13.111111111111114,11.121583411875593,1.4717553664751812,GREEN
2026-08-03,H008,S010,Breathlessness,9.0,9,9.666666666666666,3.1622776601683795,-0.6666666666666661,-6.896551724137925,-0.21081851067789176,GREEN
2026-08-03,H008,S011,Chest Pain,1.0,9,1.7777777777777777,1.3017082793177757,-0.7777777777777777,-43.74999999999999,-0.5975054396868479,GREEN
2026-08-03,H008,S012,Loss of Taste,32.0,9,29.333333333333332,8.12403840463596,2.666666666666668,9.090909090909095,0.3282439759448874,GREEN
2026-08-03,H008,S013,Loss of Smell,32.0,9,28.555555555555557,6.821127309893709,3.444444444444443,12.062256809338514,0.504967036672728,GREEN
2026-08-03,H008,S014,Muscle Pain,302.0,9,313.1111111111111,16.289908259751215,-11.111111111111086,-3.548616039744492,-0.6820855546844423,GREEN
2026-08-03,H008,S015,Joint Pain,125.0,9,138.77777777777777,8.012143561147946,-13.777777777777771,-9.927942353883102,-1.7196119456206735,GREEN
2026-08-03,H008,S016,Retro-orbital Pain,111.0,9,115.11111111111111,8.55050355892044,-4.111111111111114,-3.571428571428574,-0.4808033916110282,GREEN
2026-08-03,H008,S017,Rash,45.0,9,44.666666666666664,8.972179222463181,0.3333333333333357,0.7462686567164233,0.03715188083835712,GREEN
2026-08-03,H008,S018,Nausea,112.0,9,101.44444444444444,8.232726023485645,10.555555555555557,10.405257393209203,1.2821458561166175,GREEN
2026-08-03,H008,S019,Vomiting,153.0,9,136.66666666666666,6.9821200218844695,16.333333333333343,11.951219512195129,2.339308588528816,ORANGE
2026-08-03,H008,S020,Diarrhoea,130.0,9,101.0,6.304760106459245,29.0,28.71287128712871,4.599699197165236,RED
2026-08-03,H008,S021,Abdominal Pain,87.0,9,71.11111111111111,6.716480559869961,15.888888888888886,22.343749999999996,2.36565694596405,ORANGE
2026-08-03,H008,S022,Loss of Appetite,31.0,9,27.666666666666668,5.873670062235365,3.333333333333332,12.048192771084333,0.5675043538391655,GREEN
2026-08-03,H008,S023,Weight Loss,3.0,9,3.2222222222222223,2.1081851067789197,-0.22222222222222232,-6.896551724137934,-0.10540925533894602,GREEN
2026-08-03,H008,S024,Night Sweats,7.0,9,7.888888888888889,3.018461712712472,-0.8888888888888893,-11.267605633802821,-0.2944840695329243,GREEN
2026-08-03,H008,S025,Bleeding,2.0,9,3.7777777777777777,2.386303510546059,-1.7777777777777777,-47.05882352941176,-0.74499231548755,GREEN
2026-08-03,H008,S026,Anaemia,0.0,9,1.8888888888888888,1.0540925533894598,-1.8888888888888888,-100.0,-1.7919573407620815,GREEN
2026-08-03,H008,S027,Dehydration,2.0,9,3.3333333333333335,2.5495097567963922,-1.3333333333333335,-40.0,-0.5229763603684908,GREEN
2026-08-03,H009,S001,Fever,554.0,9,534.7777777777778,25.01888175847283,19.22222222222217,3.5944317473509146,0.7683086081859923,GREEN
2026-08-03,H009,S002,Headache,285.0,9,276.44444444444446,13.191958830203262,8.555555555555543,3.0948553054662336,0.6485432274066397,GREEN
2026-08-03,H009,S003,Fatigue,144.0,9,127.0,11.357816691600547,17.0,13.385826771653544,1.4967665407535604,GREEN
2026-08-03,H009,S004,Chills,95.0,9,86.33333333333333,10.641898326896381,8.666666666666671,10.038610038610045,0.8143910419405623,GREEN
2026-08-03,H009,S005,Sweating,95.0,9,86.33333333333333,10.641898326896381,8.666666666666671,10.038610038610045,0.8143910419405623,GREEN
2026-08-03,H009,S006,Dry Cough,245.0,9,236.11111111111111,18.285543774006594,8.888888888888886,3.7647058823529393,0.4861156440709566,GREEN
2026-08-03,H009,S007,Persistent Cough,18.0,9,19.333333333333332,2.8722813232690143,-1.3333333333333321,-6.896551724137925,-0.46420708254852716,GREEN
2026-08-03,H009,S008,Sore Throat,153.0,9,152.55555555555554,13.902437835781814,0.4444444444444571,0.29133284777859536,0.03196881364939859,GREEN
2026-08-03,H009,S009,Runny Nose,97.0,9,86.22222222222223,10.721214690716925,10.777777777777771,12.499999999999991,1.0052758095693972,GREEN
2026-08-03,H009,S010,Breathlessness,7.0,9,6.777777777777778,2.279132388529557,0.22222222222222232,3.2786885245901654,0.09750298988361747,GREEN
2026-08-03,H009,S011,Chest Pain,2.0,9,1.4444444444444444,1.2360330811826103,0.5555555555555556,38.46153846153847,0.4494665749754948,GREEN
2026-08-03,H009,S012,Loss of Taste,29.0,9,20.444444444444443,5.027701042999452,8.555555555555557,41.84782608695653,1.7016834299382761,YELLOW
2026-08-03,H009,S013,Loss of Smell,25.0,9,20.666666666666668,3.7416573867739413,4.333333333333332,20.967741935483865,1.158132048287172,GREEN
2026-08-03,H009,S014,Muscle Pain,251.0,9,246.44444444444446,22.299725957459163,4.555555555555543,1.8485121731289398,0.2042875129607469,GREEN
2026-08-03,H009,S015,Joint Pain,117.0,9,116.55555555555556,8.705043238133728,0.44444444444444287,0.38131553860819695,0.051055972071165405,GREEN
2026-08-03,H009,S016,Retro-orbital Pain,77.0,9,89.0,8.602325267042627,-12.0,-13.48314606741573,-1.3949716649258315,GREEN
2026-08-03,H009,S017,Rash,28.0,9,39.44444444444444,5.410894360249309,-11.444444444444443,-29.01408450704225,-2.1150744558090273,GREEN
2026-08-03,H009,S018,Nausea,90.0,9,94.0,7.566372975210778,-4.0,-4.25531914893617,-0.5286548803640718,GREEN
2026-08-03,H009,S019,Vomiting,131.0,9,126.11111111111111,10.117366807184123,4.888888888888886,3.8766519823788523,0.4832175191490924,GREEN
2026-08-03,H009,S020,Diarrhoea,97.0,9,97.77777777777777,6.591239977761727,-0.7777777777777715,-0.7954545454545391,-0.11800173873230625,GREEN
2026-08-03,H009,S021,Abdominal Pain,67.0,9,68.66666666666667,9.526279441628823,-1.6666666666666714,-2.4271844660194244,-0.17495462702715986,GREEN
2026-08-03,H009,S022,Loss of Appetite,24.0,9,23.88888888888889,5.622375931144333,0.11111111111111072,0.46511627906976577,0.019762305557625006,GREEN
2026-08-03,H009,S023,Weight Loss,3.0,9,2.2222222222222223,1.3017082793177757,0.7777777777777777,34.99999999999999,0.5975054396868479,GREEN
2026-08-03,H009,S024,Night Sweats,8.0,9,6.0,2.179449471770337,2.0,33.33333333333333,0.917662935482247,GREEN
2026-08-03,H009,S025,Bleeding,1.0,9,2.7777777777777777,1.092906420717,-1.7777777777777777,-64.0,-1.6266514168811164,GREEN
2026-08-03,H009,S026,Anaemia,2.0,9,1.7777777777777777,1.3944333775567925,0.22222222222222232,12.500000000000005,0.15936381457791923,GREEN
2026-08-03,H009,S027,Dehydration,3.0,9,2.888888888888889,1.8333333333333333,0.11111111111111116,3.8461538461538476,0.060606060606060635,GREEN
2026-08-03,H010,S001,Fever,859.0,9,833.6666666666666,23.09220647751097,25.33333333333337,3.0387844862055227,1.0970512219352009,GREEN
2026-08-03,H010,S002,Headache,438.0,9,431.22222222222223,18.005400424440566,6.7777777777777715,1.5717598557072905,0.3764302719187296,GREEN
2026-08-03,H010,S003,Fatigue,172.0,9,188.44444444444446,13.473224475892092,-16.444444444444457,-8.726415094339629,-1.220527756653118,GREEN
2026-08-03,H010,S004,Chills,132.0,9,124.22222222222223,10.5921878969571,7.7777777777777715,6.261180679785326,0.7342937883505781,GREEN
2026-08-03,H010,S005,Sweating,132.0,9,124.22222222222223,10.5921878969571,7.7777777777777715,6.261180679785326,0.7342937883505781,GREEN
2026-08-03,H010,S006,Dry Cough,356.0,9,388.77777777777777,16.887700981615133,-32.77777777777777,-8.430980280080021,-1.9409259918482356,GREEN
2026-08-03,H010,S007,Persistent Cough,32.0,9,31.666666666666668,6.442049363362563,0.33333333333333215,1.0526315789473646,0.051743368380422004,GREEN
2026-08-03,H010,S008,Sore Throat,235.0,9,247.55555555555554,15.573303367551079,-12.555555555555543,-5.071813285457805,-0.8062230124994939,GREEN
2026-08-03,H010,S009,Runny Nose,143.0,9,160.66666666666666,13.847382424126225,-17.666666666666657,-10.995850622406634,-1.2758127222576097,GREEN
2026-08-03,H010,S010,Breathlessness,2.0,9,8.777777777777779,3.2702361450580972,-6.777777777777779,-77.21518987341773,-2.0725652451796774,GREEN
2026-08-03,H010,S011,Chest Pain,3.0,9,3.0,1.5811388300841895,0.0,0.0,0.0,GREEN
2026-08-03,H010,S012,Loss of Taste,27.0,9,28.11111111111111,5.644564740625366,-1.1111111111111107,-3.952569169960473,-0.19684619845249746,GREEN
2026-08-03,H010,S013,Loss of Smell,21.0,9,28.333333333333332,3.905124837953327,-7.333333333333332,-25.882352941176467,-1.8778742390158074,GREEN
2026-08-03,H010,S014,Muscle Pain,414.0,9,393.1111111111111,14.9033926040721,20.888888888888914,5.313736574335789,1.4016197146401002,GREEN
2026-08-03,H010,S015,Joint Pain,186.0,9,166.77777777777777,11.819240434327595,19.22222222222223,11.525649566955368,1.6263500458450395,YELLOW
2026-08-03,H010,S016,Retro-orbital Pain,161.0,9,129.77777777777777,10.544877640088787,31.22222222222223,24.0582191780822,2.960889949402897,ORANGE
2026-08-03,H010,S017,Rash,56.0,9,51.333333333333336,5.408326913195984,4.666666666666664,9.090909090909086,0.8628669719059114,GREEN
2026-08-03,H010,S018,Nausea,160.0,9,143.88888888888889,11.602202855971404,16.111111111111114,11.1969111969112,1.3886251870539457,GREEN
2026-08-03,H010,S019,Vomiting,228.0,9,196.66666666666666,11.715374513859981,31.333333333333343,15.932203389830516,2.6745481585982724,ORANGE
2026-08-03,H010,S020,Diarrhoea,178.0,9,159.22222222222223,10.158466638447182,18.77777777777777,11.793440334961614,1.84848545022619,YELLOW
2026-08-03,H010,S021,Abdominal Pain,116.0,9,110.44444444444444,7.779960011322538,5.555555555555557,5.030181086519116,0.7140853612962405,GREEN
2026-08-03,H010,S022,Loss of Appetite,35.0,9,39.666666666666664,5.5677643628300215,-4.666666666666664,-11.764705882352935,-0.8381580761249492,GREEN
2026-08-03,H010,S023,Weight Loss,6.0,9,5.111111111111111,1.7638342073763933,0.8888888888888893,17.391304347826093,0.50395263067897,GREEN
2026-08-03,H010,S024,Night Sweats,9.0,9,11.444444444444445,3.2446537223219645,-2.4444444444444446,-21.359223300970875,-0.7533760621750207,GREEN
2026-08-03,H010,S025,Bleeding,8.0,9,4.0,1.224744871391589,4.0,100.0,3.2659863237109046,RED
2026-08-03,H010,S026,Anaemia,0.0,9,3.0,1.8027756377319946,-3.0,-100.0,-1.6641005886756874,GREEN
2026-08-03,H010,S027,Dehydration,6.0,9,5.666666666666667,3.0413812651491097,0.33333333333333304,5.882352941176465,0.1095993248702381,GREEN
2026-08-10,H001,S001,Fever,942.0,10,942.7,25.798578772224396,-0.7000000000000455,-0.07425480004243613,-0.027133277618908554,GREEN
2026-08-10,H001,S002,Headache,501.0,10,476.9,18.15029843648124,24.100000000000023,5.053470329209483,1.3278018587044367,GREEN
2026-08-10,H001,S003,Fatigue,215.0,10,228.5,18.05700848854969,-13.5,-5.908096280087528,-0.7476321456325736,GREEN
2026-08-10,H001,S004,Chills,138.0,10,137.3,10.781156400559881,0.6999999999999886,0.509832483612519,0.06492809991733693,GREEN
2026-08-10,H001,S005,Sweating,138.0,10,137.3,10.781156400559881,0.6999999999999886,0.509832483612519,0.06492809991733693,GREEN
2026-08-10,H001,S006,Dry Cough,495.0,10,492.2,19.90979658359171,2.8000000000000114,0.5688744412840332,0.14063428464696517,GREEN
2026-08-10,H001,S007,Persistent Cough,36.0,10,34.0,8.31330927555995,2.0,5.88235294117647,0.24057808192938765,GREEN
2026-08-10,H001,S008,Sore Throat,304.0,10,315.5,14.523926619356232,-11.5,-3.6450079239302693,-0.7917968949714876,GREEN
2026-08-10,H001,S009,Runny Nose,191.0,10,193.1,13.963842196504835,-2.0999999999999943,-1.0875194199896399,-0.15038840817934956,GREEN
2026-08-10,H001,S010,Breathlessness,13.0,10,13.7,4.110960958218892,-0.6999999999999993,-5.109489051094886,-0.17027648939368184,GREEN
2026-08-10,H001,S011,Chest Pain,1.0,10,2.9,1.3703203194062976,-1.9,-65.51724137931035,-1.3865371279199818,GREEN
2026-08-10,H001,S012,Loss of Taste,39.0,10,37.3,4.945255863507525,1.7000000000000028,4.557640750670249,0.3437638105936631,GREEN
2026-08-10,H001,S013,Loss of Smell,42.0,10,38.4,6.947421584060281,3.6000000000000014,9.375000000000004,0.5181778529547726,GREEN
2026-08-10,H001,S014,Muscle Pain,425.0,10,423.4,16.119001899069996,1.6000000000000227,0.3778932451582482,0.09926172910819847,GREEN
2026-08-10,H001,S015,Joint Pain,169.0,10,160.2,9.089676684141313,8.800000000000011,5.493133583021231,0.9681312444647565,GREEN
2026-08-10,H001,S016,Retro-orbital Pain,116.0,10,117.9,9.97162641364654,-1.9000000000000057,-1.6115351993214635,-0.1905406321078962,GREEN
2026-08-10,H001,S017,Rash,58.0,10,54.0,5.077182070575938,4.0,7.4074074074074066,0.7878385971583355,GREEN
2026-08-10,H001,S018,Nausea,140.0,10,129.6,8.579044235810889,10.400000000000006,8.024691358024697,1.2122562507124082,GREEN
2026-08-10,H001,S019,Vomiting,190.0,10,180.7,11.700427342622996,9.300000000000011,5.146651909241844,0.794842763231513,GREEN
2026-08-10,H001,S020,Diarrhoea,145.0,10,141.6,9.709102258533829,3.4000000000000057,2.4011299435028293,0.3501868565666379,GREEN
2026-08-10,H001,S021,Abdominal Pain,95.0,10,100.1,5.173651192984184,-5.099999999999994,-5.09490509490509,-0.9857641750019667,GREEN
2026-08-10,H001,S022,Loss of Appetite,42.0,10,41.8,5.223876806442594,0.20000000000000284,0.4784688995215379,0.038285742066762246,GREEN
2026-08-10,H001,S023,Weight Loss,4.0,10,4.8,2.7406406388125952,-0.7999999999999998,-16.666666666666664,-0.29190255324631187,GREEN
2026-08-10,H001,S024,Night Sweats,11.0,10,11.6,4.060651288757616,-0.5999999999999996,-5.172413793103446,-0.1477595482432016,GREEN
2026-08-10,H001,S025,Bleeding,5.0,10,3.3,1.8287822299126937,1.7000000000000002,51.51515151515152,0.9295803361350238,GREEN
2026-08-10,H001,S026,Anaemia,1.0,10,3.1,1.286683937707919,-2.1,-67.74193548387098,-1.6321024444751453,GREEN
2026-08-10,H001,S027,Dehydration,8.0,10,4.7,1.567021236472421,3.3,70.2127659574468,2.1059063675670093,ORANGE
2026-08-10,H002,S001,Fever,805.0,10,762.1,14.798273172532289,42.89999999999998,5.62918252197874,2.898986895283736,ORANGE
2026-08-10,H002,S002,Headache,388.0,10,380.5,18.596594670351166,7.5,1.971090670170828,0.4032996434533987,GREEN
2026-08-10,H002,S003,Fatigue,181.0,10,180.2,10.261037417770627,0.8000000000000114,0.44395116537181545,0.0779648263064052,GREEN
2026-08-10,H002,S004,Chills,94.0,10,101.5,9.383792173506166,-7.5,-7.389162561576355,-0.7992504374910613,GREEN
2026-08-10,H002,S005,Sweating,94.0,10,101.5,9.383792173506166,-7.5,-7.389162561576355,-0.7992504374910613,GREEN
2026-08-10,H002,S006,Dry Cough,392.0,10,395.0,16.686654681045102,-3.0,-0.7594936708860759,-0.17978438802402946,GREEN
2026-08-10,H002,S007,Persistent Cough,28.0,10,29.3,4.522781838156198,-1.3000000000000007,-4.436860068259388,-0.28743371812290897,GREEN
2026-08-10,H002,S008,Sore Throat,250.0,10,258.8,16.369348049191075,-8.800000000000011,-3.4003091190108234,-0.5375901333122965,GREEN
2026-08-10,H002,S009,Runny Nose,142.0,10,155.5,13.664633995179758,-13.5,-8.681672025723474,-0.9879518181578933,GREEN
2026-08-10,H002,S010,Breathlessness,15.0,10,10.6,3.3730961708462712,4.4,41.50943396226416,1.3044395348194566,GREEN
2026-08-10,H002,S011,Chest Pain,1.0,10,2.4,1.429840705968481,-1.4,-58.333333333333336,-0.9791300486523294,GREEN
2026-08-10,H002,S012,Loss of Taste,29.0,10,29.5,5.1693541397569405,-0.5,-1.694915254237288,-0.09672388203287416,GREEN
2026-08-10,H002,S013,Loss of Smell,29.0,10,31.0,6.27162924074226,-2.0,-6.451612903225806,-0.31889640207164033,GREEN
2026-08-10,H002,S014,Muscle Pain,385.0,10,356.0,14.087031072743628,29.0,8.146067415730338,2.058631080619309,ORANGE
2026-08-10,H002,S015,Joint Pain,166.0,10,141.2,10.261037417770632,24.80000000000001,17.56373937677055,2.4169096154985263,ORANGE
2026-08-10,H002,S016,Retro-orbital Pain,136.0,10,108.2,9.150591966279196,27.799999999999997,25.693160813308687,3.0380548168299546,RED
2026-08-10,H002,S017,Rash,55.0,10,46.2,7.4803446147591055,8.799999999999997,19.04761904761904,1.1764163889772061,GREEN
2026-08-10,H002,S018,Nausea,109.0,10,110.5,14.946199814296905,-1.5,-1.3574660633484164,-0.10035995896195388,GREEN
2026-08-10,H002,S019,Vomiting,148.0,10,151.1,12.242457995753048,-3.0999999999999943,-2.05162144275314,-0.25321712364260474,GREEN
2026-08-10,H002,S020,Diarrhoea,121.0,10,118.2,9.68159766429763,2.799999999999997,2.3688663282571887,0.2892084650785918,GREEN
2026-08-10,H002,S021,Abdominal Pain,92.0,10,81.6,10.895462868144294,10.400000000000006,12.745098039215694,0.9545257623158991,GREEN
2026-08-10,H002,S022,Loss of Appetite,49.0,10,30.0,6.9602043392737,19.0,63.33333333333333,2.7298049128802817,ORANGE
2026-08-10,H002,S023,Weight Loss,1.0,10,4.4,2.756809750418044,-3.4000000000000004,-77.27272727272727,-1.2333096251870201,GREEN
2026-08-10,H002,S024,Night Sweats,11.0,10,11.1,3.414023367751831,-0.09999999999999964,-0.9009009009008978,-0.02929095358414335,GREEN
2026-08-10,H002,S025,Bleeding,5.0,10,3.7,2.2135943621178655,1.2999999999999998,35.13513513513512,0.5872801368884132,GREEN
2026-08-10,H002,S026,Anaemia,2.0,10,1.3,1.0593499054713802,0.7,53.84615384615385,0.6607826143039303,GREEN
2026-08-10,H002,S027,Dehydration,3.0,10,3.6,1.8378731669453627,-0.6000000000000001,-16.666666666666668,-0.3264643125495053,GREEN
2026-08-10,H003,S001,Fever,925.0,10,925.6,15.763530343450642,-0.6000000000000227,-0.06482281763180886,-0.038062539731102046,GREEN
2026-08-10,H003,S002,Headache,489.0,10,483.6,19.28845365612402,5.399999999999977,1.1166253101736925,0.2799602340483886,GREEN
2026-08-10,H003,S003,Fatigue,200.0,10,205.2,15.668794181784094,-5.199999999999989,-2.5341130604288447,-0.33186982608050963,GREEN
2026-08-10,H003,S004,Chills,168.0,10,154.9,10.311266761277311,13.099999999999994,8.457069076823753,1.2704549599274675,GREEN
2026-08-10,H003,S005,Sweating,168.0,10,154.9,10.311266761277311,13.099999999999994,8.457069076823753,1.2704549599274675,GREEN
2026-08-10,H003,S006,Dry Cough,400.0,10,392.7,16.706951314414674,7.300000000000011,1.858925388337156,0.43694387220136377,GREEN
2026-08-10,H003,S007,Persistent Cough,35.0,10,29.5,6.168918507773916,5.5,18.64406779661017,0.8915663244811937,GREEN
2026-08-10,H003,S008,Sore Throat,231.0,10,245.4,13.623509092741124,-14.400000000000006,-5.867970660146701,-1.0569963951264665,GREEN
2026-08-10,H003,S009,Runny Nose,138.0,10,148.9,9.904544411531507,-10.900000000000006,-7.32034922766958,-1.1005049346146123,GREEN
2026-08-10,H003,S010,Breathlessness,15.0,10,8.6,2.836272984824353,6.4,74.4186046511628,2.2564823746668887,ORANGE
2026-08-10,H003,S011,Chest Pain,2.0,10,1.9,1.1005049346146119,0.10000000000000009,5.263157894736848,0.09086737992230748,GREEN
2026-08-10,H003,S012,Loss of Taste,30.0,10,30.7,6.929005059249928,-0.6999999999999993,-2.280130293159607,-0.10102460512213496,GREEN
2026-08-10,H003,S013,Loss of Smell,29.0,10,31.0,6.110100926607787,-2.0,-6.451612903225806,-0.32732683535398854,GREEN
2026-08-10,H003,S014,Muscle Pain,432.0,10,440.9,16.230629480501772,-8.899999999999977,-2.0185983216148737,-0.548345953599135,GREEN
2026-08-10,H003,S015,Joint Pain,202.0,10,210.5,16.801124301003725,-8.5,-4.038004750593824,-0.5059185235295353,GREEN
2026-08-10,H003,S016,Retro-orbital Pain,151.0,10,163.6,12.258330500792788,-12.599999999999994,-7.7017114914425395,-1.0278724332962885,GREEN
2026-08-10,H003,S017,Rash,61.0,10,62.9,8.698020208964543,-1.8999999999999986,-3.020667726550077,-0.2184405133988743,GREEN
2026-08-10,H003,S018,Nausea,153.0,10,150.0,10.088497300281038,3.0,2.0,0.2973683702047904,GREEN
2026-08-10,H003,S019,Vomiting,193.0,10,195.7,8.287205667640798,-2.6999999999999886,-1.3796627491057685,-0.3258034261829325,GREEN
2026-08-10,H003,S020,Diarrhoea,151.0,10,148.6,7.647802879839995,2.4000000000000057,1.6150740242261141,0.3138156196894836,GREEN
2026-08-10,H003,S021,Abdominal Pain,96.0,10,104.0,9.092121131323903,-8.0,-7.6923076923076925,-0.8798826901281198,GREEN
2026-08-10,H003,S022,Loss of Appetite,40.0,10,42.2,6.088240030309799,-2.200000000000003,-5.213270142180101,-0.36135237589968283,GREEN
2026-08-10,H003,S023,Weight Loss,2.0,10,3.4,2.3190036174568114,-1.4,-41.17647058823529,-0.6037075533048724,GREEN
2026-08-10,H003,S024,Night Sweats,11.0,10,9.5,3.2403703492039306,1.5,15.789473684210526,0.46291004988627565,GREEN
2026-08-10,H003,S025,Bleeding,4.0,10,4.4,2.1186998109427604,-0.40000000000000036,-9.090909090909099,-0.18879503265826594,GREEN
2026-08-10,H003,S026,Anaemia,3.0,10,2.8,1.6193277068654826,0.20000000000000018,7.1428571428571495,0.12350804543889285,GREEN
2026-08-10,H003,S027,Dehydration,6.0,10,5.6,2.4585451886114367,0.40000000000000036,7.1428571428571495,0.16269784336399226,GREEN
2026-08-10,H004,S001,Fever,853.0,10,873.2,18.77823799567527,-20.200000000000045,-2.3133302794319794,-1.0757132806950374,GREEN
2026-08-10,H004,S002,Headache,401.0,10,428.9,13.186272323055439,-27.899999999999977,-6.505012823501977,-2.115836782106982,GREEN
2026-08-10,H004,S003,Fatigue,221.0,10,209.1,13.245124889306755,11.900000000000006,5.691056910569109,0.8984437745549145,GREEN
2026-08-10,H004,S004,Chills,132.0,10,124.6,12.339638028186508,7.400000000000006,5.939004815409315,0.5996934418251768,GREEN
2026-08-10,H004,S005,Sweating,132.0,10,124.6,12.339638028186508,7.400000000000006,5.939004815409315,0.5996934418251768,GREEN
2026-08-10,H004,S006,Dry Cough,431.0,10,429.4,17.908408949739552,1.6000000000000227,0.3726129482999587,0.08934350362952216,GREEN
2026-08-10,H004,S007,Persistent Cough,37.0,10,28.5,5.7008771254956905,8.5,29.82456140350877,1.4909986328219496,GREEN
2026-08-10,H004,S008,Sore Throat,265.0,10,280.3,10.467409740077372,-15.300000000000011,-5.458437388512312,-1.4616796686022266,GREEN
2026-08-10,H004,S009,Runny Nose,146.0,10,161.7,7.528464503321897,-15.699999999999989,-9.709338280766845,-2.085418612662973,GREEN
2026-08-10,H004,S010,Breathlessness,17.0,10,9.8,2.1499353995462798,7.199999999999999,73.46938775510203,3.348937833908628,RED
2026-08-10,H004,S011,Chest Pain,4.0,10,2.6,1.07496769977314,1.4,53.84615384615385,1.3023647131866884,GREEN
2026-08-10,H004,S012,Loss of Taste,34.0,10,32.9,4.605552204797064,1.1000000000000014,3.3434650455927097,0.23884215205600326,GREEN
2026-08-10,H004,S013,Loss of Smell,37.0,10,32.3,4.667856991049414,4.700000000000003,14.55108359133128,1.0068860312156571,GREEN
2026-08-10,H004,S014,Muscle Pain,352.0,10,399.3,18.47550931488614,-47.30000000000001,-11.845730027548212,-2.5601459312349957,GREEN
2026-08-10,H004,S015,Joint Pain,151.0,10,165.4,16.385630561223117,-14.400000000000006,-8.706166868198311,-0.8788187885840573,GREEN
2026-08-10,H004,S016,Retro-orbital Pain,119.0,10,134.5,16.76802512720764,-15.5,-11.524163568773234,-0.9243783857915292,GREEN
2026-08-10,H004,S017,Rash,38.0,10,57.0,7.859884081701064,-19.0,-33.33333333333333,-2.417338449587917,GREEN
2026-08-10,H004,S018,Nausea,128.0,10,142.9,14.019430960079815,-14.900000000000006,-10.426871938418477,-1.0628106121017038,GREEN
2026-08-10,H004,S019,Vomiting,188.0,10,191.5,15.457827934235924,-3.5,-1.8276762402088773,-0.22642249706041925,GREEN
2026-08-10,H004,S020,Diarrhoea,164.0,10,150.9,15.322097332502059,13.099999999999994,8.681245858184223,0.8549743364579449,GREEN
2026-08-10,H004,S021,Abdominal Pain,115.0,10,104.6,16.153431008096494,10.400000000000006,9.942638623326966,0.6438260698168254,GREEN
2026-08-10,H004,S022,Loss of Appetite,33.0,10,36.6,7.214183560490019,-3.6000000000000014,-9.836065573770496,-0.4990169670364575,GREEN
2026-08-10,H004,S023,Weight Loss,4.0,10,5.1,1.9692073983655909,-1.0999999999999996,-21.568627450980387,-0.5586003794790642,GREEN
2026-08-10,H004,S024,Night Sweats,12.0,10,10.0,1.9436506316151,2.0,20.0,1.0289915108550531,GREEN
2026-08-10,H004,S025,Bleeding,2.0,10,3.2,1.6865480854231356,-1.2000000000000002,-37.50000000000001,-0.7115124735378855,GREEN
2026-08-10,H004,S026,Anaemia,2.0,10,1.8,1.5491933384829668,0.19999999999999996,11.111111111111107,0.12909944487358052,GREEN
2026-08-10,H004,S027,Dehydration,8.0,10,5.9,2.0789954839350235,2.0999999999999996,35.593220338983045,1.0101032042769134,GREEN
2026-08-10,H005,S001,Fever,832.0,10,797.2,14.505171491574993,34.799999999999955,4.3652784746613085,2.399144334157839,ORANGE
2026-08-10,H005,S002,Headache,435.0,10,411.2,24.28900071134166,23.80000000000001,5.787937743190665,0.9798674010037263,GREEN
2026-08-10,H005,S003,Fatigue,183.0,10,186.4,16.105209647122813,-3.4000000000000057,-1.8240343347639514,-0.21111181254367675,GREEN
2026-08-10,H005,S004,Chills,108.0,10,118.4,8.771164878927616,-10.400000000000006,-8.783783783783788,-1.1857033978446356,GREEN
2026-08-10,H005,S005,Sweating,108.0,10,118.4,8.771164878927616,-10.400000000000006,-8.783783783783788,-1.1857033978446356,GREEN
2026-08-10,H005,S006,Dry Cough,396.0,10,371.8,11.59310139695155,24.19999999999999,6.508875739644967,2.0874483170106206,ORANGE
2026-08-10,H005,S007,Persistent Cough,36.0,10,28.9,4.508017549014448,7.100000000000001,24.567474048442914,1.5749716860690168,YELLOW
2026-08-10,H005,S008,Sore Throat,255.0,10,239.4,12.20382453714135,15.599999999999994,6.516290726817039,1.2782877984293088,GREEN
2026-08-10,H005,S009,Runny Nose,171.0,10,147.0,13.98411797560202,24.0,16.3265306122449,1.7162326606420661,YELLOW
2026-08-10,H005,S010,Breathlessness,5.0,10,8.9,4.012480529547776,-3.9000000000000004,-43.82022471910113,-0.9719673332444922,GREEN
2026-08-10,H005,S011,Chest Pain,1.0,10,2.1,1.1005049346146119,-1.1,-52.38095238095239,-0.9995411791453815,GREEN
2026-08-10,H005,S012,Loss of Taste,17.0,10,28.3,8.26034704678522,-11.3,-39.92932862190813,-1.3679812647094238,GREEN
2026-08-10,H005,S013,Loss of Smell,22.0,10,28.2,8.162243700247023,-6.199999999999999,-21.98581560283688,-0.7595950608301932,GREEN
2026-08-10,H005,S014,Muscle Pain,408.0,10,368.2,22.626434883904167,39.80000000000001,10.80934274850625,1.7590044655383448,YELLOW
2026-08-10,H005,S015,Joint Pain,166.0,10,154.7,11.284699572626844,11.300000000000011,7.304460245636724,1.001355855977795,GREEN
2026-08-10,H005,S016,Retro-orbital Pain,132.0,10,129.8,12.951190421476067,2.1999999999999886,1.6949152542372792,0.16986855481268195,GREEN
2026-08-10,H005,S017,Rash,49.0,10,50.7,7.587270040447135,-1.7000000000000028,-3.3530571992110505,-0.2240595090114676,GREEN
2026-08-10,H005,S018,Nausea,133.0,10,141.8,12.452576707921407,-8.800000000000011,-6.205923836389289,-0.7066810513523761,GREEN
2026-08-10,H005,S019,Vomiting,189.0,10,192.6,15.049547796823955,-3.5999999999999943,-1.86915887850467,-0.23920984527918743,GREEN
2026-08-10,H005,S020,Diarrhoea,149.0,10,156.0,14.575474072716966,-7.0,-4.487179487179487,-0.4802588214336656,GREEN
2026-08-10,H005,S021,Abdominal Pain,100.0,10,107.3,13.140691678057811,-7.299999999999997,-6.8033550792171456,-0.5555263131384066,GREEN
2026-08-10,H005,S022,Loss of Appetite,31.0,10,40.1,5.195083145522206,-9.100000000000001,-22.693266832917708,-1.7516562767322708,GREEN
2026-08-10,H005,S023,Weight Loss,3.0,10,3.8,1.6193277068654823,-0.7999999999999998,-21.052631578947363,-0.4940321817555709,GREEN
2026-08-10,H005,S024,Night Sweats,10.0,10,10.5,2.173067468400883,-0.5,-4.761904761904762,-0.2300894966542111,GREEN
2026-08-10,H005,S025,Bleeding,4.0,10,3.9,2.024845673131659,0.10000000000000009,2.5641025641025665,0.04938647983247952,GREEN
2026-08-10,H005,S026,Anaemia,2.0,10,2.5,2.0138409955990952,-0.5,-20.0,-0.2482817665807104,GREEN
2026-08-10,H005,S027,Dehydration,5.0,10,5.5,3.24037034920393,-0.5,-9.090909090909092,-0.1543033499620919,GREEN
2026-08-10,H006,S001,Fever,643.0,10,637.1,7.233410137841083,5.899999999999977,0.9260712603986779,0.815659541982078,GREEN
2026-08-10,H006,S002,Headache,329.0,10,325.1,11.503139668030741,3.8999999999999773,1.1996308828052835,0.33903787248960965,GREEN
2026-08-10,H006,S003,Fatigue,148.0,10,156.1,12.635487942915207,-8.099999999999994,-5.188981422165275,-0.6410516187894202,GREEN
2026-08-10,H006,S004,Chills,113.0,10,100.6,12.438292129995626,12.400000000000006,12.326043737574558,0.996921431849693,GREEN
2026-08-10,H006,S005,Sweating,113.0,10,100.6,12.438292129995626,12.400000000000006,12.326043737574558,0.996921431849693,GREEN
2026-08-10,H006,S006,Dry Cough,286.0,10,292.3,15.76952053100467,-6.300000000000011,-2.1553198768388677,-0.39950485416557185,GREEN
2026-08-10,H006,S007,Persistent Cough,26.0,10,33.2,5.88406511029766,-7.200000000000003,-21.686746987951814,-1.2236438355176142,GREEN
2026-08-10,H006,S008,Sore Throat,183.0,10,187.5,14.183323540928855,-4.5,-2.4,-0.3172740145858154,GREEN
2026-08-10,H006,S009,Runny Nose,109.0,10,109.3,8.042249547096743,-0.29999999999999716,-0.2744739249771246,-0.03730299566596977,GREEN
2026-08-10,H006,S010,Breathlessness,9.0,10,7.3,3.4657049948186747,1.7000000000000002,23.28767123287672,0.4905206884433463,GREEN
2026-08-10,H006,S011,Chest Pain,1.0,10,2.9,1.4491376746189437,-1.9,-65.51724137931035,-1.311124562750473,GREEN
2026-08-10,H006,S012,Loss of Taste,32.0,10,21.8,5.865151319446072,10.2,46.78899082568807,1.7390855656497073,YELLOW
2026-08-10,H006,S013,Loss of Smell,30.0,10,21.4,6.363087999461338,8.600000000000001,40.186915887850475,1.351545036109516,GREEN
2026-08-10,H006,S014,Muscle Pain,283.0,10,289.5,14.073221221723045,-6.5,-2.2452504317789295,-0.46187009339175134,GREEN
2026-08-10,H006,S015,Joint Pain,122.0,10,130.5,10.956986609262401,-8.5,-6.513409961685824,-0.7757607363337099,GREEN
2026-08-10,H006,S016,Retro-orbital Pain,89.0,10,101.0,7.888106377466153,-12.0,-11.881188118811881,-1.5212776585113301,GREEN
2026-08-10,H006,S017,Rash,41.0,10,42.7,5.143496432929215,-1.7000000000000028,-3.9812646370023486,-0.33051447049062205,GREEN
2026-08-10,H006,S018,Nausea,108.0,10,105.5,12.066942906598637,2.5,2.3696682464454977,0.2071775775646465,GREEN
2026-08-10,H006,S019,Vomiting,142.0,10,146.3,14.306564149989953,-4.300000000000011,-2.9391660970608413,-0.3005613335891715,GREEN
2026-08-10,H006,S020,Diarrhoea,118.0,10,112.7,10.06699778704875,5.299999999999997,4.702750665483582,0.5264727490869698,GREEN
2026-08-10,H006,S021,Abdominal Pain,76.0,10,80.9,9.433392225964578,-4.900000000000006,-6.056860321384431,-0.5194313861468824,GREEN
2026-08-10,H006,S022,Loss of Appetite,28.0,10,29.0,3.0550504633038935,-1.0,-3.4482758620689653,-0.32732683535398854,GREEN
2026-08-10,H006,S023,Weight Loss,2.0,10,4.3,2.002775851439974,-2.3,-53.48837209302325,-1.1484060976400954,GREEN
2026-08-10,H006,S024,Night Sweats,10.0,10,10.5,2.0682789409984754,-0.5,-4.761904761904762,-0.24174688920761417,GREEN
2026-08-10,H006,S025,Bleeding,0.0,10,2.3,1.4944341180973264,-2.3,-100.0,-1.539044091771873,GREEN
2026-08-10,H006,S026,Anaemia,2.0,10,2.3,1.636391694484477,-0.2999999999999998,-13.04347826086956,-0.18333018983850977,GREEN
2026-08-10,H006,S027,Dehydration,3.0,10,4.6,2.6749870196985173,-1.5999999999999996,-34.782608695652165,-0.5981337435350721,GREEN
2026-08-10,H007,S001,Fever,567.0,10,572.6,9.800226754746266,-5.600000000000023,-0.9779951100244538,-0.5714153498834028,GREEN
2026-08-10,H007,S002,Headache,284.0,10,291.8,11.477514248883914,-7.800000000000011,-2.673063742289243,-0.6795896594733909,GREEN
2026-08-10,H007,S003,Fatigue,156.0,10,142.5,10.352133435513021,13.5,9.473684210526317,1.3040790175374106,GREEN
2026-08-10,H007,S004,Chills,89.0,10,80.7,7.242620765686657,8.299999999999997,10.285006195786861,1.1459940080423487,GREEN
2026-08-10,H007,S005,Sweating,89.0,10,80.7,7.242620765686657,8.299999999999997,10.285006195786861,1.1459940080423487,GREEN
2026-08-10,H007,S006,Dry Cough,287.0,10,294.8,9.366607354497857,-7.800000000000011,-2.6458616010854854,-0.8327454866840811,GREEN
2026-08-10,H007,S007,Persistent Cough,33.0,10,22.2,4.211096452627668,10.8,48.64864864864865,2.5646527267882795,ORANGE
2026-08-10,H007,S008,Sore Throat,180.0,10,187.4,9.92415683516181,-7.400000000000006,-3.9487726787620097,-0.7456552856743875,GREEN
2026-08-10,H007,S009,Runny Nose,102.0,10,118.5,6.637435917246625,-16.5,-13.924050632911392,-2.485899706711536,GREEN
2026-08-10,H007,S010,Breathlessness,6.0,10,7.9,2.3309511649396115,-1.9000000000000004,-24.05063291139241,-0.8151178920340977,GREEN
2026-08-10,H007,S011,Chest Pain,2.0,10,1.6,1.3498971154211061,0.3999999999999999,24.999999999999993,0.29631887899487674,GREEN
2026-08-10,H007,S012,Loss of Taste,26.0,10,21.1,4.677368680976279,4.899999999999999,23.22274881516587,1.0475975562775717,GREEN
2026-08-10,H007,S013,Loss of Smell,26.0,10,21.4,5.815687596683836,4.600000000000001,21.495327102803746,0.7909640818091687,GREEN
2026-08-10,H007,S014,Muscle Pain,249.0,10,262.3,9.967168326282275,-13.300000000000011,-5.070529927563863,-1.3343809961480677,GREEN
2026-08-10,H007,S015,Joint Pain,102.0,10,99.5,10.564615994493659,2.5,2.512562814070352,0.2366389844460996,GREEN
2026-08-10,H007,S016,Retro-orbital Pain,83.0,10,78.3,6.000925854492048,4.700000000000003,6.002554278416351,0.7832124765350624,GREEN
2026-08-10,H007,S017,Rash,28.0,10,32.3,6.750308634919342,-4.299999999999997,-13.312693498452004,-0.6370079106836833,GREEN
2026-08-10,H007,S018,Nausea,80.0,10,84.3,9.90005611656374,-4.299999999999997,-5.100830367734279,-0.43434097235122604,GREEN
2026-08-10,H007,S019,Vomiting,121.0,10,115.7,8.380532998165052,5.299999999999997,4.580812445980983,0.6324180098283071,GREEN
2026-08-10,H007,S020,Diarrhoea,89.0,10,90.0,6.036923425424944,-1.0,-1.1111111111111112,-0.16564728911226984,GREEN
2026-08-10,H007,S021,Abdominal Pain,62.0,10,63.9,8.46496045800307,-1.8999999999999986,-2.9733959311424076,-0.22445468108521074,GREEN
2026-08-10,H007,S022,Loss of Appetite,24.0,10,25.7,3.465704994818675,-1.6999999999999993,-6.614785992217896,-0.49052068844334595,GREEN
2026-08-10,H007,S023,Weight Loss,4.0,10,3.4,2.5905812303633926,0.6000000000000001,17.647058823529417,0.2316082556947405,GREEN
2026-08-10,H007,S024,Night Sweats,10.0,10,9.2,3.0840089349921005,0.8000000000000007,8.695652173913052,0.2594026207002704,GREEN
2026-08-10,H007,S025,Bleeding,6.0,10,2.1,1.523883926754995,3.9,185.7142857142857,2.559250039669871,ORANGE
2026-08-10,H007,S026,Anaemia,4.0,10,1.6,1.0749676997731399,2.4,149.99999999999997,2.232625222605752,ORANGE
2026-08-10,H007,S027,Dehydration,3.0,10,3.3,1.766981104093143,-0.2999999999999998,-9.090909090909086,-0.16978110252852252,GREEN
2026-08-10,H008,S001,Fever,680.0,10,682.3,22.05069915747192,-2.2999999999999545,-0.3370951194489161,-0.10430508273569163,GREEN
2026-08-10,H008,S002,Headache,319.0,10,340.3,14.840260554765642,-21.30000000000001,-6.259183073758452,-1.4352847728916698,GREEN
2026-08-10,H008,S003,Fatigue,172.0,10,165.5,14.546859149352864,6.5,3.927492447129909,0.44683185100401285,GREEN
2026-08-10,H008,S004,Chills,106.0,10,100.7,6.4299645756757045,5.299999999999997,5.263157894736839,0.8242658163389706,GREEN
2026-08-10,H008,S005,Sweating,106.0,10,100.7,6.4299645756757045,5.299999999999997,5.263157894736839,0.8242658163389706,GREEN
2026-08-10,H008,S006,Dry Cough,336.0,10,325.0,13.46600658448276,11.0,3.3846153846153846,0.8168717229557569,GREEN
2026-08-10,H008,S007,Persistent Cough,21.0,10,26.9,5.626327003965869,-5.899999999999999,-21.93308550185873,-1.0486415019676645,GREEN
2026-08-10,H008,S008,Sore Throat,221.0,10,207.9,12.723119813071705,13.099999999999994,6.301106301106298,1.0296216802533829,GREEN
2026-08-10,H008,S009,Runny Nose,127.0,10,119.2,9.366607354497855,7.799999999999997,6.543624161073823,0.8327454866840798,GREEN
2026-08-10,H008,S010,Breathlessness,10.0,10,9.6,2.988868236194653,0.40000000000000036,4.1666666666666705,0.13382992102364127,GREEN
2026-08-10,H008,S011,Chest Pain,1.0,10,1.7,1.2516655570345725,-0.7,-41.17647058823529,-0.5592548233558727,GREEN
2026-08-10,H008,S012,Loss of Taste,22.0,10,29.6,7.7056977476266075,-7.600000000000001,-25.67567567567568,-0.9862831697935256,GREEN
2026-08-10,H008,S013,Loss of Smell,21.0,10,28.9,6.5226102477799826,-7.899999999999999,-27.3356401384083,-1.2111715555423261,GREEN
2026-08-10,H008,S014,Muscle Pain,301.0,10,312.0,15.75506973079529,-11.0,-3.5256410256410255,-0.6981879603172495,GREEN
2026-08-10,H008,S015,Joint Pain,133.0,10,137.4,8.720346578229817,-4.400000000000006,-3.2023289665211103,-0.5045671018379618,GREEN
2026-08-10,H008,S016,Retro-orbital Pain,102.0,10,114.7,8.165646194746486,-12.700000000000003,-11.072362685265913,-1.5552963840352003,GREEN
2026-08-10,H008,S017,Rash,48.0,10,44.7,8.45970842681157,3.299999999999997,7.382550335570463,0.39008436621068676,GREEN
2026-08-10,H008,S018,Nausea,100.0,10,102.5,8.449194570424384,-2.5,-2.4390243902439024,-0.29588619118217685,GREEN
2026-08-10,H008,S019,Vomiting,133.0,10,138.3,8.367264254887086,-5.300000000000011,-3.83224873463486,-0.6334208934424927,GREEN
2026-08-10,H008,S020,Diarrhoea,101.0,10,103.9,10.92855586678008,-2.9000000000000057,-2.7911453320500534,-0.2653598549846132,GREEN
2026-08-10,H008,S021,Abdominal Pain,67.0,10,72.7,8.083591061183416,-5.700000000000003,-7.840440165061901,-0.7051321568418799,GREEN
2026-08-10,H008,S022,Loss of Appetite,27.0,10,28.0,5.637178175095921,-1.0,-3.571428571428571,-0.17739371879672478,GREEN
2026-08-10,H008,S023,Weight Loss,3.0,10,3.2,1.9888578520235065,-0.20000000000000018,-6.250000000000005,-0.10056022847309871,GREEN
2026-08-10,H008,S024,Night Sweats,7.0,10,7.8,2.859681411936962,-0.7999999999999998,-10.256410256410255,-0.2797514424720941,GREEN
2026-08-10,H008,S025,Bleeding,3.0,10,3.6,2.3190036174568114,-0.6000000000000001,-16.666666666666668,-0.2587318085592311,GREEN
2026-08-10,H008,S026,Anaemia,1.0,10,1.7,1.1595018087284057,-0.7,-41.17647058823529,-0.6037075533048724,GREEN
2026-08-10,H008,S027,Dehydration,1.0,10,3.2,2.440400695696417,-2.2,-68.75,-0.9014913017684526,GREEN
2026-08-10,H009,S001,Fever,541.0,10,536.7,24.358662616088846,4.2999999999999545,0.8011924725172265,0.1765285749784889,GREEN
2026-08-10,H009,S002,Headache,292.0,10,277.3,12.728358539541189,14.699999999999989,5.301117922827259,1.1549014709425267,GREEN
2026-08-10,H009,S003,Fatigue,130.0,10,128.7,11.98193084050591,1.3000000000000114,1.010101010101019,0.1084967036869595,GREEN
2026-08-10,H009,S004,Chills,99.0,10,87.2,10.400854665736743,11.799999999999997,13.532110091743116,1.1345221502683256,GREEN
2026-08-10,H009,S005,Sweating,99.0,10,87.2,10.400854665736743,11.799999999999997,13.532110091743116,1.1345221502683256,GREEN
2026-08-10,H009,S006,Dry Cough,244.0,10,237.0,17.46743000876521,7.0,2.9535864978902953,0.4007458450663537,GREEN
2026-08-10,H009,S007,Persistent Cough,15.0,10,19.2,2.7406406388125952,-4.199999999999999,-21.874999999999996,-1.5324884045431375,GREEN
2026-08-10,H009,S008,Sore Throat,155.0,10,152.6,13.108097582113972,2.4000000000000057,1.5727391874180903,0.18309293053133896,GREEN
2026-08-10,H009,S009,Runny Nose,87.0,10,87.3,10.667187487284961,-0.29999999999999716,-0.3436426116838455,-0.02812362680955877,GREEN
2026-08-10,H009,S010,Breathlessness,2.0,10,6.8,2.14993539954628,-4.8,-70.58823529411765,-2.2326252226057517,GREEN
2026-08-10,H009,S011,Chest Pain,0.0,10,1.5,1.1785113019775793,-1.5,-100.0,-1.2727922061357855,GREEN
2026-08-10,H009,S012,Loss of Taste,13.0,10,21.3,5.457919831665622,-8.3,-38.967136150234744,-1.5207258911802386,GREEN
2026-08-10,H009,S013,Loss of Smell,21.0,10,21.1,3.7844711945293255,-0.10000000000000142,-0.47393364928910625,-0.026423770947063163,GREEN
2026-08-10,H009,S014,Muscle Pain,239.0,10,246.9,21.073680267100954,-7.900000000000006,-3.1996759821790217,-0.37487519502386313,GREEN
2026-08-10,H009,S015,Joint Pain,97.0,10,116.6,8.208396784864737,-19.599999999999994,-16.809605488850767,-2.387798800874241,GREEN
2026-08-10,H009,S016,Retro-orbital Pain,77.0,10,87.8,8.954204474869767,-10.799999999999997,-12.300683371298403,-1.2061372989985328,GREEN
2026-08-10,H009,S017,Rash,30.0,10,38.3,6.254775952999613,-8.299999999999997,-21.671018276762396,-1.326985980372255,GREEN
2026-08-10,H009,S018,Nausea,96.0,10,93.6,7.244921593011817,2.4000000000000057,2.56410256410257,0.3312665249980009,GREEN
2026-08-10,H009,S019,Vomiting,140.0,10,126.6,9.663217775553738,13.400000000000006,10.584518167456562,1.3867016465156852,GREEN
2026-08-10,H009,S020,Diarrhoea,111.0,10,97.7,6.219146064997811,13.299999999999997,13.613101330603886,2.138557265096921,ORANGE
2026-08-10,H009,S021,Abdominal Pain,77.0,10,68.5,8.996913050843851,8.5,12.408759124087592,0.9447684947008304,GREEN
2026-08-10,H009,S022,Loss of Appetite,21.0,10,23.9,5.300943312279428,-2.8999999999999986,-12.133891213389116,-0.5470724414807949,GREEN
2026-08-10,H009,S023,Weight Loss,0.0,10,2.3,1.2516655570345725,-2.3,-100.0,-1.8375515624550105,GREEN
2026-08-10,H009,S024,Night Sweats,1.0,10,6.2,2.14993539954628,-5.2,-83.87096774193549,-2.4186773244895647,GREEN
2026-08-10,H009,S025,Bleeding,2.0,10,2.6,1.1737877907772674,-0.6000000000000001,-23.076923076923077,-0.5111656508223583,GREEN
2026-08-10,H009,S026,Anaemia,2.0,10,1.8,1.3165611772087666,0.19999999999999996,11.111111111111107,0.15191090506254995,GREEN
2026-08-10,H009,S027,Dehydration,8.0,10,2.9,1.728840330651992,5.1,175.86206896551724,2.9499543188448487,ORANGE
2026-08-10,H010,S001,Fever,804.0,10,836.2,23.19865896507334,-32.200000000000045,-3.8507534082755375,-1.388011266016654,GREEN
2026-08-10,H010,S002,Headache,393.0,10,431.9,17.11042567169697,-38.89999999999998,-9.006714517249359,-2.2734676942810372,GREEN
2026-08-10,H010,S003,Fatigue,172.0,10,186.8,13.725887949418793,-14.800000000000011,-7.9229122055674575,-1.0782544673641097,GREEN
2026-08-10,H010,S004,Chills,114.0,10,125.0,10.28483241369434,-11.0,-8.799999999999999,-1.0695361438610713,GREEN
2026-08-10,H010,S005,Sweating,114.0,10,125.0,10.28483241369434,-11.0,-8.799999999999999,-1.0695361438610713,GREEN
2026-08-10,H010,S006,Dry Cough,389.0,10,385.5,18.998537955443958,3.5,0.9079118028534372,0.1842247023538508,GREEN
2026-08-10,H010,S007,Persistent Cough,18.0,10,31.7,6.074537019394977,-13.7,-43.217665615141954,-2.255315912349896,GREEN
2026-08-10,H010,S008,Sore Throat,246.0,10,246.3,15.210011322955824,-0.30000000000001137,-0.12180267965895711,-0.01972385119445862,GREEN
2026-08-10,H010,S009,Runny Nose,175.0,10,158.9,14.200547720266124,16.099999999999994,10.132158590308366,1.133759085716327,GREEN
2026-08-10,H010,S010,Breathlessness,5.0,10,8.1,3.7549966711037177,-3.0999999999999996,-38.2716049382716,-0.8255666440015264,GREEN
2026-08-10,H010,S011,Chest Pain,0.0,10,3.0,1.4907119849998596,-3.0,-100.0,-2.012461179749811,GREEN
2026-08-10,H010,S012,Loss of Taste,26.0,10,28.0,5.333333333333333,-2.0,-7.142857142857142,-0.375,GREEN
2026-08-10,H010,S013,Loss of Smell,23.0,10,27.6,4.351245032554858,-4.600000000000001,-16.66666666666667,-1.0571686874869204,GREEN
2026-08-10,H010,S014,Muscle Pain,402.0,10,395.2,15.526321736543611,6.800000000000011,1.7206477732793553,0.43796593394011374,GREEN
2026-08-10,H010,S015,Joint Pain,164.0,10,168.7,12.69339285700329,-4.699999999999989,-2.786010669828091,-0.3702713729061707,GREEN
2026-08-10,H010,S016,Retro-orbital Pain,130.0,10,132.9,14.011503210655958,-2.9000000000000057,-2.1820917983446244,-0.206972796308858,GREEN
2026-08-10,H010,S017,Rash,53.0,10,51.8,5.308274463305168,1.2000000000000028,2.316602316602322,0.2260621616864983,GREEN
2026-08-10,H010,S018,Nausea,143.0,10,145.5,12.06694290659863,-2.5,-1.718213058419244,-0.2071775775646466,GREEN
2026-08-10,H010,S019,Vomiting,205.0,10,199.8,14.83838865166221,5.199999999999989,2.602602602602597,0.3504423641995305,GREEN
2026-08-10,H010,S020,Diarrhoea,167.0,10,161.1,11.268934682963105,5.900000000000006,3.6623215394165154,0.523563244085521,GREEN
2026-08-10,H010,S021,Abdominal Pain,110.0,10,111.0,7.542472332656507,-1.0,-0.9009009009009009,-0.13258252147247765,GREEN
2026-08-10,H010,S022,Loss of Appetite,30.0,10,39.2,5.452828012447608,-9.200000000000003,-23.469387755102048,-1.6871979051967942,GREEN
2026-08-10,H010,S023,Weight Loss,1.0,10,5.2,1.6865480854231354,-4.2,-80.76923076923077,-2.4902936573825993,GREEN
2026-08-10,H010,S024,Night Sweats,7.0,10,11.2,3.155242550986462,-4.199999999999999,-37.49999999999999,-1.3311179511974134,GREEN
2026-08-10,H010,S025,Bleeding,2.0,10,4.4,1.7126976771553506,-2.4000000000000004,-54.545454545454554,-1.4012980994907416,GREEN
2026-08-10,H010,S026,Anaemia,3.0,10,2.7,1.9465068427541912,0.2999999999999998,11.111111111111104,0.15412224268141678,GREEN
2026-08-10,H010,S027,Dehydration,8.0,10,5.7,2.869378562220979,2.3,40.35087719298245,0.8015672906609213,GREEN
2026-08-17,H001,S001,Fever,953.0,11,942.6363636363636,24.475590809100932,10.363636363636374,1.0994309962387898,0.42342742385539434,GREEN
2026-08-17,H001,S002,Headache,478.0,11,479.09090909090907,18.68932607374887,-1.090909090909065,-0.22770398481972895,-0.058370702432195345,GREEN
2026-08-17,H001,S003,Fatigue,241.0,11,227.27272727272728,17.60733318302865,13.72727272727272,6.0399999999999965,0.7796338369120065,GREEN
2026-08-17,H001,S004,Chills,110.0,11,137.36363636363637,10.23008042268219,-27.363636363636374,-19.9205823957644,-2.6748212362989414,GREEN
2026-08-17,H001,S005,Sweating,110.0,11,137.36363636363637,10.23008042268219,-27.363636363636374,-19.9205823957644,-2.6748212362989414,GREEN
2026-08-17,H001,S006,Dry Cough,542.0,11,492.45454545454544,18.90694917940828,49.54545454545456,10.060919328041356,2.6204891162142085,ORANGE
2026-08-17,H001,S007,Persistent Cough,23.0,11,34.18181818181818,7.909717843490776,-11.18181818181818,-32.712765957446805,-1.413681044390243,GREEN
2026-08-17,H001,S008,Sore Throat,323.0,11,314.45454545454544,14.20819225914146,8.545454545454561,2.7175484244001207,0.6014455878408085,GREEN
2026-08-17,H001,S009,Runny Nose,222.0,11,192.9090909090909,13.262387005773476,29.090909090909093,15.080113100848259,2.1934896846431213,ORANGE
2026-08-17,H001,S010,Breathlessness,9.0,11,13.636363636363637,3.9057067804106147,-4.636363636363637,-34.0,-1.1870741704466117,GREEN
2026-08-17,H001,S011,Chest Pain,1.0,11,2.727272727272727,1.4206272622267313,-1.727272727272727,-63.33333333333333,-1.2158521613652205,GREEN
2026-08-17,H001,S012,Loss of Taste,38.0,11,37.45454545454545,4.719399037242695,0.5454545454545467,1.456310679611654,0.11557711927941319,GREEN
2026-08-17,H001,S013,Loss of Smell,42.0,11,38.72727272727273,6.679684260366041,3.2727272727272734,8.450704225352114,0.48995239073589547,GREEN
2026-08-17,H001,S014,Muscle Pain,439.0,11,423.54545454545456,15.299435521375528,15.454545454545439,3.6488516849109214,1.0101382781706685,GREEN
2026-08-17,H001,S015,Joint Pain,166.0,11,161.0,9.02219485491197,5.0,3.1055900621118013,0.5541888731518407,GREEN
2026-08-17,H001,S016,Retro-orbital Pain,107.0,11,117.72727272727273,9.477245476307019,-10.727272727272734,-9.111969111969117,-1.1318977390731058,GREEN
2026-08-17,H001,S017,Rash,44.0,11,54.36363636363637,4.965334374898174,-10.363636363636367,-19.063545150501675,-2.0871980779439245,GREEN
2026-08-17,H001,S018,Nausea,140.0,11,130.54545454545453,8.721968084826228,9.454545454545467,7.24233983286909,1.08399220939523,GREEN
2026-08-17,H001,S019,Vomiting,164.0,11,181.54545454545453,11.448699807084083,-17.545454545454533,-9.66449674511767,-1.5325281334215766,GREEN
2026-08-17,H001,S020,Diarrhoea,139.0,11,141.9090909090909,9.267734841422099,-2.9090909090909065,-2.0499679692504786,-0.3138944908186991,GREEN
2026-08-17,H001,S021,Abdominal Pain,98.0,11,99.63636363636364,5.143398239932958,-1.6363636363636402,-1.6423357664233615,-0.3181483447381219,GREEN
2026-08-17,H001,S022,Loss of Appetite,36.0,11,41.81818181818182,4.956171542999329,-5.81818181818182,-13.913043478260873,-1.1739266423092425,GREEN
2026-08-17,H001,S023,Weight Loss,4.0,11,4.7272727272727275,2.6111648393354674,-0.7272727272727275,-15.384615384615389,-0.27852424952911664,GREEN
2026-08-17,H001,S024,Night Sweats,9.0,11,11.545454545454545,3.8565175058240397,-2.545454545454545,-22.047244094488185,-0.6600396709234296,GREEN
2026-08-17,H001,S025,Bleeding,3.0,11,3.4545454545454546,1.8090680674665818,-0.4545454545454546,-13.157894736842108,-0.251259453814803,GREEN
2026-08-17,H001,S026,Anaemia,1.0,11,2.909090909090909,1.3751033019046572,-1.9090909090909092,-65.625,-1.3883254490383559,GREEN
2026-08-17,H001,S027,Dehydration,4.0,11,5.0,1.7888543819998313,-1.0,-20.0,-0.5590169943749476,GREEN
2026-08-17,H002,S001,Fever,748.0,11,766.0,19.089263998384013,-18.0,-2.3498694516971277,-0.9429383972857087,GREEN
2026-08-17,H002,S002,Headache,372.0,11,381.1818181818182,17.786613965666326,-9.181818181818187,-2.4087765323157657,-0.5162206926816953,GREEN
2026-08-17,H002,S003,Fatigue,177.0,11,180.27272727272728,9.737462801889507,-3.2727272727272805,-1.8154311649016683,-0.3360965108993509,GREEN
2026-08-17,H002,S004,Chills,104.0,11,100.81818181818181,9.184967956592791,3.181818181818187,3.1559963931469843,0.3464158173283925,GREEN
2026-08-17,H002,S005,Sweating,104.0,11,100.81818181818181,9.184967956592791,3.181818181818187,3.1559963931469843,0.3464158173283925,GREEN
2026-08-17,H002,S006,Dry Cough,388.0,11,394.72727272727275,15.85617172643453,-6.727272727272748,-1.704283740211889,-0.42426840749065625,GREEN
2026-08-17,H002,S007,Persistent Cough,33.0,11,29.181818181818183,4.308553859897351,3.8181818181818166,13.084112149532704,0.8861863962570453,GREEN
2026-08-17,H002,S008,Sore Throat,252.0,11,258.0,15.754364474646387,-6.0,-2.3255813953488373,-0.3808468446731598,GREEN
2026-08-17,H002,S009,Runny Nose,165.0,11,154.27272727272728,13.587427343621084,10.72727272727272,6.953447259870354,0.7894999145889728,GREEN
2026-08-17,H002,S010,Breathlessness,5.0,11,11.0,3.4641016151377544,-6.0,-54.54545454545454,-1.7320508075688774,GREEN
2026-08-17,H002,S011,Chest Pain,1.0,11,2.272727272727273,1.420627262226731,-1.272727272727273,-56.00000000000001,-0.8958910662691102,GREEN
2026-08-17,H002,S012,Loss of Taste,25.0,11,29.454545454545453,4.906396567005899,-4.454545454545453,-15.123456790123452,-0.9079057091513935,GREEN
2026-08-17,H002,S013,Loss of Smell,26.0,11,30.818181818181817,5.980270592844137,-4.818181818181817,-15.634218289085542,-0.805679566397405,GREEN
2026-08-17,H002,S014,Muscle Pain,332.0,11,358.6363636363636,15.970427215780594,-26.636363636363626,-7.427122940430922,-1.667855422805714,GREEN
2026-08-17,H002,S015,Joint Pain,139.0,11,143.45454545454547,12.274881965735046,-4.4545454545454675,-3.105196451204064,-0.3628992496205009,GREEN
2026-08-17,H002,S016,Retro-orbital Pain,92.0,11,110.72727272727273,12.067235881434566,-18.727272727272734,-16.91297208538588,-1.551910720174504,GREEN
2026-08-17,H002,S017,Rash,42.0,11,47.0,7.576278769950324,-5.0,-10.638297872340425,-0.6599545966855683,GREEN
2026-08-17,H002,S018,Nausea,120.0,11,110.36363636363636,14.186421164428518,9.63636363636364,8.731466227347614,0.6792667103755642,GREEN
2026-08-17,H002,S019,Vomiting,154.0,11,150.8181818181818,11.651765375411415,3.181818181818187,2.1097046413502145,0.2730760600906658,GREEN
2026-08-17,H002,S020,Diarrhoea,126.0,11,118.45454545454545,9.223487804118747,7.545454545454547,6.369915579432081,0.8180695530475061,GREEN
2026-08-17,H002,S021,Abdominal Pain,94.0,11,82.54545454545455,10.801515045248387,11.454545454545453,13.876651982378855,1.0604572975699678,GREEN
2026-08-17,H002,S022,Loss of Appetite,34.0,11,31.727272727272727,8.74174935686112,2.2727272727272734,7.16332378223496,0.2599854079485226,GREEN
2026-08-17,H002,S023,Weight Loss,3.0,11,4.090909090909091,2.809076198843508,-1.0909090909090908,-26.666666666666668,-0.388351548227213,GREEN
2026-08-17,H002,S024,Night Sweats,13.0,11,11.090909090909092,3.238967287718277,1.9090909090909083,17.213114754098353,0.5894134579036723,GREEN
2026-08-17,H002,S025,Bleeding,4.0,11,3.8181818181818183,2.1362669223756576,0.18181818181818166,4.761904761904757,0.08511023595122133,GREEN
2026-08-17,H002,S026,Anaemia,2.0,11,1.3636363636363635,1.026910636104941,0.6363636363636365,46.66666666666668,0.6196874528219473,GREEN
2026-08-17,H002,S027,Dehydration,5.0,11,3.5454545454545454,1.7529196424044293,1.4545454545454546,41.02564102564103,0.8297844461086057,GREEN
2026-08-17,H003,S001,Fever,966.0,11,925.5454545454545,14.95569213619776,40.454545454545496,4.370886946272473,2.7049597628873365,ORANGE
2026-08-17,H003,S002,Headache,477.0,11,484.09090909090907,18.370925646001314,-7.090909090909065,-1.464788732394361,-0.3859854003846834,GREEN
2026-08-17,H003,S003,Fatigue,196.0,11,204.72727272727272,14.947179727901242,-8.72727272727272,-4.262877442273531,-0.5838742081211417,GREEN
2026-08-17,H003,S004,Chills,152.0,11,156.0909090909091,10.549450653513155,-4.0909090909090935,-2.620850320326152,-0.38778408708388507,GREEN
2026-08-17,H003,S005,Sweating,152.0,11,156.0909090909091,10.549450653513155,-4.0909090909090935,-2.620850320326152,-0.38778408708388507,GREEN
2026-08-17,H003,S006,Dry Cough,431.0,11,393.3636363636364,16.00170445466812,37.636363636363626,9.567829905246127,2.35202217007477,ORANGE
2026-08-17,H003,S007,Persistent Cough,33.0,11,30.0,6.082762530298219,3.0,10.0,0.4931969619160719,GREEN
2026-08-17,H003,S008,Sore Throat,255.0,11,244.0909090909091,13.634181643608436,10.909090909090907,4.469273743016759,0.8001280307281938,GREEN
2026-08-17,H003,S009,Runny Nose,160.0,11,147.9090909090909,9.954441676503464,12.090909090909093,8.174554394591274,1.2146245348394138,GREEN
2026-08-17,H003,S010,Breathlessness,12.0,11,9.181818181818182,3.311138227805714,2.8181818181818183,30.6930693069307,0.8511217666830608,GREEN
2026-08-17,H003,S011,Chest Pain,4.0,11,1.9090909090909092,1.044465935734187,2.090909090909091,109.52380952380952,2.0018930434905253,ORANGE
2026-08-17,H003,S012,Loss of Taste,35.0,11,30.636363636363637,6.5768187944131045,4.363636363636363,14.243323442136496,0.6634873941400359,GREEN
2026-08-17,H003,S013,Loss of Smell,34.0,11,30.818181818181817,5.82783290457408,3.1818181818181834,10.324483775811215,0.5459693566918975,GREEN
2026-08-17,H003,S014,Muscle Pain,460.0,11,440.09090909090907,15.62980835106141,19.909090909090935,4.52385870687875,1.2737898291464924,GREEN
2026-08-17,H003,S015,Joint Pain,206.0,11,209.72727272727272,16.14367312039555,-3.7272727272727195,-1.7771998266146474,-0.23088133038098793,GREEN
2026-08-17,H003,S016,Retro-orbital Pain,153.0,11,162.45454545454547,12.234080565074247,-9.454545454545467,-5.8198097369893755,-0.772803922963874,GREEN
2026-08-17,H003,S017,Rash,56.0,11,62.72727272727273,8.271528384656724,-6.727272727272727,-10.72463768115942,-0.8133046777366423,GREEN
2026-08-17,H003,S018,Nausea,139.0,11,150.27272727272728,9.613437565105512,-11.27272727272728,-7.501512401693895,-1.1726010801427156,GREEN
2026-08-17,H003,S019,Vomiting,182.0,11,195.45454545454547,7.903969083487565,-13.454545454545467,-6.883720930232565,-1.70225178165914,GREEN
2026-08-17,H003,S020,Diarrhoea,150.0,11,148.8181818181818,7.291339819514408,1.181818181818187,0.7941356139279204,0.16208518750630582,GREEN
2026-08-17,H003,S021,Abdominal Pain,96.0,11,103.27272727272727,8.956460339787244,-7.272727272727266,-7.042253521126756,-0.8120090969888699,GREEN
2026-08-17,H003,S022,Loss of Appetite,45.0,11,42.0,5.813776741499453,3.0,7.142857142857142,0.5160156871153361,GREEN
2026-08-17,H003,S023,Weight Loss,5.0,11,3.272727272727273,2.2401298663653,1.727272727272727,52.77777777777777,0.7710591931329838,GREEN
2026-08-17,H003,S024,Night Sweats,14.0,11,9.636363636363637,3.10717644406388,4.363636363636363,45.283018867924525,1.4043735340401713,GREEN
2026-08-17,H003,S025,Bleeding,1.0,11,4.363636363636363,2.013590190318143,-3.3636363636363633,-77.08333333333334,-1.6704671982459927,GREEN
2026-08-17,H003,S026,Anaemia,2.0,11,2.8181818181818183,1.5374122295716148,-0.8181818181818183,-29.03225806451613,-0.5321811563901745,GREEN
2026-08-17,H003,S027,Dehydration,6.0,11,5.636363636363637,2.335496832484569,0.3636363636363633,6.451612903225801,0.15569978883230445,GREEN
2026-08-17,H004,S001,Fever,846.0,11,871.3636363636364,18.826963256312624,-25.363636363636374,-2.910798122065729,-1.347197422034168,GREEN
2026-08-17,H004,S002,Headache,426.0,11,426.3636363636364,15.074964194138097,-0.36363636363637397,-0.08528784648187876,-0.02412187246041845,GREEN
2026-08-17,H004,S003,Fatigue,220.0,11,210.1818181818182,13.067656115908324,9.818181818181813,4.671280276816606,0.7513345722519694,GREEN
2026-08-17,H004,S004,Chills,115.0,11,125.27272727272727,11.917138155538089,-10.272727272727266,-8.200290275761969,-0.8620129378925898,GREEN
2026-08-17,H004,S005,Sweating,115.0,11,125.27272727272727,11.917138155538089,-10.272727272727266,-8.200290275761969,-0.8620129378925898,GREEN
2026-08-17,H004,S006,Dry Cough,415.0,11,429.54545454545456,16.996256272271484,-14.545454545454561,-3.38624338624339,-0.8558034376773148,GREEN
2026-08-17,H004,S007,Persistent Cough,38.0,11,29.272727272727273,5.984829305684651,8.727272727272727,29.813664596273288,1.4582325211820466,GREEN
2026-08-17,H004,S008,Sore Throat,289.0,11,278.90909090909093,10.949470721953137,10.090909090909065,3.617992177314202,0.9215887550324511,GREEN
2026-08-17,H004,S009,Runny Nose,139.0,11,160.27272727272728,8.568441037795726,-21.27272727272728,-13.272830402722635,-2.4826835102082696,GREEN
2026-08-17,H004,S010,Breathlessness,16.0,11,10.454545454545455,2.9787123514578027,5.545454545454545,53.043478260869556,1.8616952196611267,YELLOW
2026-08-17,H004,S011,Chest Pain,1.0,11,2.727272727272727,1.1037127426019047,-1.727272727272727,-63.33333333333333,-1.5649658290624018,GREEN
2026-08-17,H004,S012,Loss of Taste,36.0,11,33.0,4.381780460041329,3.0,9.090909090909092,0.6846531968814576,GREEN
2026-08-17,H004,S013,Loss of Smell,32.0,11,32.72727272727273,4.649535656189961,-0.7272727272727266,-2.22222222222222,-0.1564183568104275,GREEN
2026-08-17,H004,S014,Muscle Pain,399.0,11,395.0,22.59645989972766,4.0,1.0126582278481013,0.1770188789637889,GREEN
2026-08-17,H004,S015,Joint Pain,179.0,11,164.0909090909091,16.139730762652427,14.909090909090907,9.085872576177284,0.923750905658895,GREEN
2026-08-17,H004,S016,Retro-orbital Pain,131.0,11,133.0909090909091,16.579834410841055,-2.0909090909090935,-1.5710382513661219,-0.12611157862601516,GREEN
2026-08-17,H004,S017,Rash,56.0,11,55.27272727272727,9.40309426828115,0.7272727272727266,1.3157894736842095,0.07734397917566228,GREEN
2026-08-17,H004,S018,Nausea,144.0,11,141.54545454545453,14.03825941036592,2.4545454545454675,1.7341040462427837,0.17484685122238294,GREEN
2026-08-17,H004,S019,Vomiting,200.0,11,191.1818181818182,14.702504424880694,8.818181818181813,4.612458392772227,0.5997741312193735,GREEN
2026-08-17,H004,S020,Diarrhoea,150.0,11,152.0909090909091,15.062898429283427,-2.0909090909090935,-1.374775851763301,-0.13881186949015112,GREEN
2026-08-17,H004,S021,Abdominal Pain,87.0,11,105.54545454545455,15.642018005127321,-18.545454545454547,-17.57105943152455,-1.185617772551822,GREEN
2026-08-17,H004,S022,Loss of Appetite,24.0,11,36.27272727272727,6.929515265744193,-12.272727272727273,-33.83458646616542,-1.7710801985525675,GREEN
2026-08-17,H004,S023,Weight Loss,3.0,11,5.0,1.897366596101028,-2.0,-40.0,-1.0540925533894596,GREEN
2026-08-17,H004,S024,Night Sweats,13.0,11,10.181818181818182,1.9400093720485898,2.8181818181818183,27.67857142857143,1.452664022548461,GREEN
2026-08-17,H004,S025,Bleeding,2.0,11,3.090909090909091,1.6403990645294488,-1.0909090909090908,-35.29411764705882,-0.665026647782209,GREEN
2026-08-17,H004,S026,Anaemia,3.0,11,1.8181818181818181,1.4709304414677002,1.1818181818181819,65.0,0.803449400801685,GREEN
2026-08-17,H004,S027,Dehydration,4.0,11,6.090909090909091,2.0714509627092528,-2.090909090909091,-34.32835820895522,-1.0093934775913733,GREEN
2026-08-17,H005,S001,Fever,813.0,11,800.3636363636364,17.304754995507597,12.636363636363626,1.5788278055429337,0.7302249375760645,GREEN
2026-08-17,H005,S002,Headache,409.0,11,413.3636363636364,24.134095082570333,-4.363636363636374,-1.0556410820321116,-0.18080795441913197,GREEN
2026-08-17,H005,S003,Fatigue,178.0,11,186.0909090909091,15.313095999532852,-8.090909090909093,-4.347826086956523,-0.5283653345578136,GREEN
2026-08-17,H005,S004,Chills,123.0,11,117.45454545454545,8.89228470488475,5.545454545454547,4.721362229102168,0.6236253931915037,GREEN
2026-08-17,H005,S005,Sweating,123.0,11,117.45454545454545,8.89228470488475,5.545454545454547,4.721362229102168,0.6236253931915037,GREEN
2026-08-17,H005,S006,Dry Cough,375.0,11,374.0,13.198484761517133,1.0,0.267379679144385,0.07576627302822696,GREEN
2026-08-17,H005,S007,Persistent Cough,39.0,11,29.545454545454547,4.782544016810226,9.454545454545453,31.999999999999996,1.9768862390630486,YELLOW
2026-08-17,H005,S008,Sore Throat,242.0,11,240.8181818181818,12.496544977058115,1.181818181818187,0.4907512268780693,0.09457159430769366,GREEN
2026-08-17,H005,S009,Runny Nose,148.0,11,149.1818181818182,15.111705276494652,-1.181818181818187,-0.7921998781230991,-0.07820548112835644,GREEN
2026-08-17,H005,S010,Breathlessness,8.0,11,8.545454545454545,3.9840591452345775,-0.545454545454545,-6.382978723404251,-0.13690924897713314,GREEN
2026-08-17,H005,S011,Chest Pain,4.0,11,2.0,1.0954451150103321,2.0,100.0,1.8257418583505538,YELLOW
2026-08-17,H005,S012,Loss of Taste,33.0,11,27.272727272727273,8.54506768950263,5.727272727272727,20.999999999999996,0.6702431081158685,GREEN
2026-08-17,H005,S013,Loss of Smell,37.0,11,27.636363636363637,7.96583614283808,9.363636363636363,33.88157894736842,1.175474387840003,GREEN
2026-08-17,H005,S014,Muscle Pain,371.0,11,371.8181818181818,24.59194250895273,-0.818181818181813,-0.22004889975549982,-0.03327032087375582,GREEN
2026-08-17,H005,S015,Joint Pain,149.0,11,155.72727272727272,11.234686547393382,-6.7272727272727195,-4.319906596614122,-0.5987948750411332,GREEN
2026-08-17,H005,S016,Retro-orbital Pain,132.0,11,130.0,12.30447073221762,2.0,1.5384615384615385,0.16254254600023274,GREEN
2026-08-17,H005,S017,Rash,55.0,11,50.54545454545455,7.216143518024519,4.454545454545453,8.812949640287766,0.6173027799986056,GREEN
2026-08-17,H005,S018,Nausea,156.0,11,141.0,12.107848694132253,15.0,10.638297872340425,1.2388658281854275,GREEN
2026-08-17,H005,S019,Vomiting,208.0,11,192.27272727272728,14.318455985831074,15.72727272727272,8.179669030732855,1.0983916661709718,GREEN
2026-08-17,H005,S020,Diarrhoea,165.0,11,155.36363636363637,13.987656896512208,9.636363636363626,6.202457577530713,0.6889190739848954,GREEN
2026-08-17,H005,S021,Abdominal Pain,114.0,11,106.63636363636364,12.659168434559417,7.36363636363636,6.9053708439897665,0.5816840499201905,GREEN
2026-08-17,H005,S022,Loss of Appetite,37.0,11,39.27272727272727,5.640760748177662,-2.2727272727272734,-5.787037037037038,-0.4029114820126902,GREEN
2026-08-17,H005,S023,Weight Loss,8.0,11,3.727272727272727,1.555050423035156,4.272727272727273,114.63414634146343,2.747645484310239,ORANGE
2026-08-17,H005,S024,Night Sweats,18.0,11,10.454545454545455,2.06705763652765,7.545454545454545,72.17391304347825,3.650335826208402,RED
2026-08-17,H005,S025,Bleeding,4.0,11,3.909090909090909,1.92117388356939,0.09090909090909083,2.325581395348835,0.047319553782497234,GREEN
2026-08-17,H005,S026,Anaemia,2.0,11,2.4545454545454546,1.916436086262016,-0.4545454545454546,-18.51851851851852,-0.2371826839433188,GREEN
2026-08-17,H005,S027,Dehydration,5.0,11,5.454545454545454,3.0777796010642597,-0.45454545454545414,-8.333333333333325,-0.1476861612794749,GREEN
2026-08-17,H006,S001,Fever,636.0,11,637.6363636363636,7.0890440437724305,-1.636363636363626,-0.2566295979469616,-0.23082994353817501,GREEN
2026-08-17,H006,S002,Headache,329.0,11,325.45454545454544,10.976006891065955,3.545454545454561,1.08938547486034,0.32301861511588736,GREEN
2026-08-17,H006,S003,Fatigue,162.0,11,155.36363636363637,12.23333746181088,6.636363636363626,4.271503803393791,0.5424818580440972,GREEN
2026-08-17,H006,S004,Chills,100.0,11,101.72727272727273,12.378133212168217,-1.7272727272727337,-1.6979445933869588,-0.13954226357612254,GREEN
2026-08-17,H006,S005,Sweating,100.0,11,101.72727272727273,12.378133212168217,-1.7272727272727337,-1.6979445933869588,-0.13954226357612254,GREEN
2026-08-17,H006,S006,Dry Cough,278.0,11,291.72727272727275,15.080390638779285,-13.727272727272748,-4.705515736989723,-0.9102730198495662,GREEN
2026-08-17,H006,S007,Persistent Cough,26.0,11,32.54545454545455,5.98938454874349,-6.545454545454547,-20.111731843575424,-1.0928425937899937,GREEN
2026-08-17,H006,S008,Sore Throat,180.0,11,187.0909090909091,13.52371654135464,-7.0909090909090935,-3.790087463556853,-0.5243313899123483,GREEN
2026-08-17,H006,S009,Runny Nose,94.0,11,109.27272727272727,7.630083998107873,-15.272727272727266,-13.976705490848582,-2.001646020740353,GREEN
2026-08-17,H006,S010,Breathlessness,10.0,11,7.454545454545454,3.3275707765165974,2.545454545454546,34.14634146341464,0.764958799199218,GREEN
2026-08-17,H006,S011,Chest Pain,2.0,11,2.727272727272727,1.4893561757289013,-0.7272727272727271,-26.66666666666666,-0.48831350023898396,GREEN
2026-08-17,H006,S012,Loss of Taste,27.0,11,22.727272727272727,6.357529537342459,4.272727272727273,18.800000000000004,0.6720735228409708,GREEN
2026-08-17,H006,S013,Loss of Smell,27.0,11,22.181818181818183,6.569903832145214,4.818181818181817,21.721311475409827,0.7333717420044149,GREEN
2026-08-17,H006,S014,Muscle Pain,288.0,11,288.90909090909093,13.494106457669195,-0.9090909090909349,-0.3146633102580328,-0.06736947807124088,GREEN
2026-08-17,H006,S015,Joint Pain,132.0,11,129.72727272727272,10.705988128995,2.2727272727272805,1.7519271198318211,0.21228561486744593,GREEN
2026-08-17,H006,S016,Retro-orbital Pain,110.0,11,99.9090909090909,8.312094145936333,10.090909090909093,10.10009099181074,1.2140032239459653,GREEN
2026-08-17,H006,S017,Rash,48.0,11,42.54545454545455,4.906396567005899,5.454545454545453,12.820512820512816,1.1117212765119104,GREEN
2026-08-17,H006,S018,Nausea,111.0,11,105.72727272727273,11.472496756076328,5.272727272727266,4.987102321582109,0.4595971901177137,GREEN
2026-08-17,H006,S019,Vomiting,139.0,11,145.9090909090909,13.634181643608429,-6.9090909090909065,-4.735202492211836,-0.5067477527945229,GREEN
2026-08-17,H006,S020,Diarrhoea,104.0,11,113.18181818181819,9.683162518704123,-9.181818181818187,-8.112449799196792,-0.9482251448411062,GREEN
2026-08-17,H006,S021,Abdominal Pain,75.0,11,80.45454545454545,9.070431482169264,-5.454545454545453,-6.779661016949151,-0.6013545734034867,GREEN
2026-08-17,H006,S022,Loss of Appetite,22.0,11,28.90909090909091,2.9139164522870407,-6.90909090909091,-23.899371069182394,-2.3710669204905255,GREEN
2026-08-17,H006,S023,Weight Loss,5.0,11,4.090909090909091,2.0225995873897267,0.9090909090909092,22.222222222222225,0.4494665749754947,GREEN
2026-08-17,H006,S024,Night Sweats,13.0,11,10.454545454545455,1.9679246105293948,2.545454545454545,24.347826086956516,1.293471574995847,GREEN
2026-08-17,H006,S025,Bleeding,8.0,11,2.090909090909091,1.5782614139961386,5.909090909090909,282.60869565217394,3.7440507996258763,RED
2026-08-17,H006,S026,Anaemia,2.0,11,2.272727272727273,1.5550504230351563,-0.27272727272727293,-12.000000000000007,-0.17538162665810045,GREEN
2026-08-17,H006,S027,Dehydration,2.0,11,4.454545454545454,2.5831622621754278,-2.454545454545454,-55.10204081632652,-0.9502095514814242,GREEN
2026-08-17,H007,S001,Fever,572.0,11,572.0909090909091,9.449386704485597,-0.09090909090912191,-0.01589067217543844,-0.009620633989501946,GREEN
2026-08-17,H007,S002,Headache,293.0,11,291.09090909090907,11.139609916460678,1.909090909090935,0.655840099937548,0.1713786140993974,GREEN
2026-08-17,H007,S003,Fatigue,147.0,11,143.72727272727272,10.63100097912618,3.2727272727272805,2.277039848197349,0.30784751870056587,GREEN
2026-08-17,H007,S004,Chills,71.0,11,81.45454545454545,7.312504856253245,-10.454545454545453,-12.834821428571427,-1.4296804802263223,GREEN
2026-08-17,H007,S005,Sweating,71.0,11,81.45454545454545,7.312504856253245,-10.454545454545453,-12.834821428571427,-1.4296804802263223,GREEN
2026-08-17,H007,S006,Dry Cough,312.0,11,294.09090909090907,9.19189366185821,17.909090909090935,6.089644513137568,1.9483570598085531,YELLOW
2026-08-17,H007,S007,Persistent Cough,23.0,11,23.181818181818183,5.153992274308952,-0.18181818181818343,-0.7843137254902031,-0.035277154512724146,GREEN
2026-08-17,H007,S008,Sore Throat,198.0,11,186.72727272727272,9.675648909410768,11.27272727272728,6.037000973709839,1.1650616282452286,GREEN
2026-08-17,H007,S009,Runny Nose,134.0,11,117.0,8.024961059095553,17.0,14.529914529914532,2.118390341686714,ORANGE
2026-08-17,H007,S010,Breathlessness,10.0,11,7.7272727272727275,2.284333998823687,2.2727272727272725,29.411764705882348,0.9949189890347071,GREEN
2026-08-17,H007,S011,Chest Pain,1.0,11,1.6363636363636365,1.2862913567871996,-0.6363636363636365,-38.88888888888889,-0.4947274449181537,GREEN
2026-08-17,H007,S012,Loss of Taste,25.0,11,21.545454545454547,4.67682876239095,3.4545454545454533,16.033755274261598,0.7386512592304908,GREEN
2026-08-17,H007,S013,Loss of Smell,27.0,11,21.818181818181817,5.688904671695278,5.181818181818183,23.75000000000001,0.9108639502433455,GREEN
2026-08-17,H007,S014,Muscle Pain,268.0,11,261.09090909090907,10.270876744022852,6.909090909090935,2.6462395543175585,0.6726875495912935,GREEN
2026-08-17,H007,S015,Joint Pain,93.0,11,99.72727272727273,10.050780159678249,-6.727272727272734,-6.745670009115775,-0.6693284123615824,GREEN
2026-08-17,H007,S016,Retro-orbital Pain,85.0,11,78.72727272727273,5.8667011018273145,6.272727272727266,7.967667436489599,1.0692086001745489,GREEN
2026-08-17,H007,S017,Rash,35.0,11,31.90909090909091,6.533828057954162,3.09090909090909,9.686609686609684,0.4730625084549438,GREEN
2026-08-17,H007,S018,Nausea,75.0,11,83.9090909090909,9.481081641400895,-8.909090909090907,-10.617551462621883,-0.9396703083103636,GREEN
2026-08-17,H007,S019,Vomiting,98.0,11,116.18181818181819,8.109478180723858,-18.181818181818187,-15.649452269170583,-2.2420453914083116,GREEN
2026-08-17,H007,S020,Diarrhoea,79.0,11,89.9090909090909,5.735059641443068,-10.909090909090907,-12.133468149646106,-1.9021756688036704,GREEN
2026-08-17,H007,S021,Abdominal Pain,64.0,11,63.72727272727273,8.050973967054036,0.2727272727272734,0.427960057061342,0.0338750657800311,GREEN
2026-08-17,H007,S022,Loss of Appetite,28.0,11,25.545454545454547,3.327570776516598,2.4545454545454533,9.608540925266897,0.7376388420849597,GREEN
2026-08-17,H007,S023,Weight Loss,1.0,11,3.4545454545454546,2.46429041972071,-2.4545454545454546,-71.05263157894737,-0.9960455289290295,GREEN
2026-08-17,H007,S024,Night Sweats,9.0,11,9.272727272727273,2.935673997258861,-0.2727272727272734,-2.941176470588242,-0.0929010758626224,GREEN
2026-08-17,H007,S025,Bleeding,1.0,11,2.4545454545454546,1.8635254955935732,-1.4545454545454546,-59.25925925925925,-0.7805342389920726,GREEN
2026-08-17,H007,S026,Anaemia,1.0,11,1.8181818181818181,1.250454462839956,-0.8181818181818181,-44.99999999999999,-0.6543075677650935,GREEN
2026-08-17,H007,S027,Dehydration,1.0,11,3.272727272727273,1.6787441193290353,-2.272727272727273,-69.44444444444444,-1.353825902684706,GREEN
2026-08-17,H008,S001,Fever,662.0,11,682.0909090909091,20.930621325964236,-20.090909090909122,-2.9454884712781597,-0.9598811606221427,GREEN
2026-08-17,H008,S002,Headache,354.0,11,338.3636363636364,15.474318901151854,15.636363636363626,4.621171413218696,1.0104718492779485,GREEN
2026-08-17,H008,S003,Fatigue,161.0,11,166.0909090909091,13.93882739296635,-5.0909090909090935,-3.0651340996168597,-0.36523223563827245,GREEN
2026-08-17,H008,S004,Chills,88.0,11,101.18181818181819,6.3058414477083335,-13.181818181818187,-13.027852650494165,-2.090413831544832,GREEN
2026-08-17,H008,S005,Sweating,88.0,11,101.18181818181819,6.3058414477083335,-13.181818181818187,-13.027852650494165,-2.090413831544832,GREEN
2026-08-17,H008,S006,Dry Cough,316.0,11,326.0,13.19848476151712,-10.0,-3.067484662576687,-0.7576627302822703,GREEN
2026-08-17,H008,S007,Persistent Cough,30.0,11,26.363636363636363,5.62623723767008,3.6363636363636367,13.793103448275865,0.6463224856599749,GREEN
2026-08-17,H008,S008,Sore Throat,205.0,11,209.0909090909091,12.70003579093024,-4.0909090909090935,-1.956521739130436,-0.32211791826843716,GREEN
2026-08-17,H008,S009,Runny Nose,129.0,11,119.9090909090909,9.191893661858206,9.090909090909093,7.581501137225173,0.9890137359434271,GREEN
2026-08-17,H008,S010,Breathlessness,8.0,11,9.636363636363637,2.8380531098880892,-1.6363636363636367,-16.9811320754717,-0.5765796385777158,GREEN
2026-08-17,H008,S011,Chest Pain,1.0,11,1.6363636363636365,1.2060453783110545,-0.6363636363636365,-38.88888888888889,-0.5276448530110864,GREEN
2026-08-17,H008,S012,Loss of Taste,26.0,11,28.90909090909091,7.660999222745626,-2.90909090909091,-10.06289308176101,-0.3797273468523236,GREEN
2026-08-17,H008,S013,Loss of Smell,25.0,11,28.181818181818183,6.630508001928386,-3.1818181818181834,-11.290322580645167,-0.47987547573923417,GREEN
2026-08-17,H008,S014,Muscle Pain,320.0,11,311.0,15.310127367203703,9.0,2.8938906752411575,0.58784618730731,GREEN
2026-08-17,H008,S015,Joint Pain,144.0,11,137.0,8.378544026261366,7.0,5.109489051094891,0.8354673530460048,GREEN
2026-08-17,H008,S016,Retro-orbital Pain,116.0,11,113.54545454545455,8.641338280192905,2.4545454545454533,2.1617293835068043,0.2840469120589339,GREEN
2026-08-17,H008,S017,Rash,49.0,11,45.0,8.087026647662293,4.0,8.88888888888889,0.4946193668294978,GREEN
2026-08-17,H008,S018,Nausea,106.0,11,102.27272727272727,8.050973967054036,3.7272727272727337,3.644444444444451,0.46295923232709135,GREEN
2026-08-17,H008,S019,Vomiting,140.0,11,137.8181818181818,8.097137541355982,2.181818181818187,1.5831134564643838,0.2694554922248252,GREEN
2026-08-17,H008,S020,Diarrhoea,100.0,11,103.63636363636364,10.404544461654506,-3.6363636363636402,-3.5087719298245648,-0.3494976305560805,GREEN
2026-08-17,H008,S021,Abdominal Pain,73.0,11,72.18181818181819,7.858984435894778,0.818181818181813,1.1335012594458367,0.10410783032536439,GREEN
2026-08-17,H008,S022,Loss of Appetite,32.0,11,27.90909090909091,5.356389557426635,4.09090909090909,14.657980456026054,0.7637437581882079,GREEN
2026-08-17,H008,S023,Weight Loss,4.0,11,3.1818181818181817,1.8877596148970779,0.8181818181818183,25.714285714285722,0.43341419729779856,GREEN
2026-08-17,H008,S024,Night Sweats,10.0,11,7.7272727272727275,2.7236339361562187,2.2727272727272725,29.411764705882348,0.8344466716164886,GREEN
2026-08-17,H008,S025,Bleeding,2.0,11,3.5454545454545454,2.2074254852038093,-1.5454545454545454,-43.58974358974359,-0.7001162919489693,GREEN
2026-08-17,H008,S026,Anaemia,0.0,11,1.6363636363636365,1.12006493318265,-1.6363636363636365,-100.0,-1.4609542606730221,GREEN
2026-08-17,H008,S027,Dehydration,8.0,11,3.0,2.4083189157584592,5.0,166.66666666666669,2.0761369963434992,ORANGE
2026-08-17,H009,S001,Fever,518.0,11,537.0909090909091,23.144997496022956,-19.090909090909122,-3.554502369668252,-0.8248395401291162,GREEN
2026-08-17,H009,S002,Headache,259.0,11,278.6363636363636,12.862913567871995,-19.636363636363626,-7.047308319738985,-1.5265875443188732,GREEN
2026-08-17,H009,S003,Fatigue,152.0,11,128.8181818181818,11.373813624446129,23.181818181818187,17.995765702187725,2.038174612954155,ORANGE
2026-08-17,H009,S004,Chills,85.0,11,88.27272727272727,10.48895523005899,-3.2727272727272663,-3.7075180226570477,-0.3120165165114219,GREEN
2026-08-17,H009,S005,Sweating,85.0,11,88.27272727272727,10.48895523005899,-3.2727272727272663,-3.7075180226570477,-0.3120165165114219,GREEN
2026-08-17,H009,S006,Dry Cough,241.0,11,237.63636363636363,16.704925784167543,3.363636363636374,1.4154552410099508,0.20135595973879356,GREEN
2026-08-17,H009,S007,Persistent Cough,16.0,11,18.818181818181817,2.891995221924885,-2.8181818181818166,-14.975845410628011,-0.9744766508659932,GREEN
2026-08-17,H009,S008,Sore Throat,156.0,11,152.8181818181818,12.456469658921677,3.181818181818187,2.0820939916716275,0.2554349883186428,GREEN
2026-08-17,H009,S009,Runny Nose,87.0,11,87.27272727272727,10.120186846999506,-0.27272727272726627,-0.3124999999999926,-0.026948837689506306,GREEN
2026-08-17,H009,S010,Breathlessness,5.0,11,6.363636363636363,2.5009089256799126,-1.3636363636363633,-21.428571428571423,-0.5452563064709111,GREEN
2026-08-17,H009,S011,Chest Pain,0.0,11,1.3636363636363635,1.2060453783110545,-1.3636363636363635,-100.0,-1.1306675421666135,GREEN
2026-08-17,H009,S012,Loss of Taste,26.0,11,20.545454545454547,5.75088925929958,5.454545454545453,26.54867256637167,0.9484699163220855,GREEN
2026-08-17,H009,S013,Loss of Smell,22.0,11,21.09090909090909,3.5903912169719177,0.9090909090909101,4.310344827586212,0.25320107312919055,GREEN
2026-08-17,H009,S014,Muscle Pain,225.0,11,246.1818181818182,20.1336443885263,-21.181818181818187,-8.60413589364845,-1.0520608079225446,GREEN
2026-08-17,H009,S015,Joint Pain,108.0,11,114.81818181818181,9.775665520241388,-6.818181818181813,-5.938242280285031,-0.6974647203368568,GREEN
2026-08-17,H009,S016,Retro-orbital Pain,83.0,11,86.81818181818181,9.097452190785965,-3.818181818181813,-4.397905759162298,-0.4196979262005822,GREEN
2026-08-17,H009,S017,Rash,29.0,11,37.54545454545455,6.439932241314908,-8.545454545454547,-22.760290556900728,-1.3269478971582676,GREEN
2026-08-17,H009,S018,Nausea,85.0,11,93.81818181818181,6.911124102751764,-8.818181818181813,-9.399224806201545,-1.2759403082735452,GREEN
2026-08-17,H009,S019,Vomiting,125.0,11,127.81818181818181,10.018165319240659,-2.818181818181813,-2.204836415362727,-0.2813071783482428,GREEN
2026-08-17,H009,S020,Diarrhoea,95.0,11,98.9090909090909,7.133786448367312,-3.9090909090909065,-3.952205882352939,-0.5479685910678709,GREEN
2026-08-17,H009,S021,Abdominal Pain,71.0,11,69.27272727272727,8.911687933168542,1.7272727272727337,2.4934383202099832,0.19382105166003086,GREEN
2026-08-17,H009,S022,Loss of Appetite,21.0,11,23.636363636363637,5.1043653331776175,-2.6363636363636367,-11.153846153846155,-0.5164919562531436,GREEN
2026-08-17,H009,S023,Weight Loss,1.0,11,2.090909090909091,1.3751033019046572,-1.0909090909090908,-52.17391304347826,-0.7933288280219176,GREEN
2026-08-17,H009,S024,Night Sweats,8.0,11,5.7272727272727275,2.5725827135743993,2.2727272727272725,39.68253968253968,0.8834418659252742,GREEN
2026-08-17,H009,S025,Bleeding,2.0,11,2.5454545454545454,1.1281521496355325,-0.5454545454545454,-21.428571428571427,-0.4834937784152281,GREEN
2026-08-17,H009,S026,Anaemia,3.0,11,1.8181818181818181,1.2504544628399563,1.1818181818181819,65.0,0.9451109312162461,GREEN
2026-08-17,H009,S027,Dehydration,3.0,11,3.3636363636363638,2.2482316283126735,-0.36363636363636376,-10.810810810810814,-0.16174328261242257,GREEN
2026-08-17,H010,S001,Fever,854.0,11,833.2727272727273,24.054483611546964,20.727272727272748,2.487453632991493,0.8616802198706506,GREEN
2026-08-17,H010,S002,Headache,455.0,11,428.3636363636364,20.02634628319767,26.636363636363626,6.2181663837011865,1.3300660669546014,GREEN
2026-08-17,H010,S003,Fatigue,185.0,11,185.45454545454547,13.764909272230142,-0.45454545454546746,-0.2450980392156932,-0.03302204508259891,GREEN
2026-08-17,H010,S004,Chills,94.0,11,124.0,10.305338422390601,-30.0,-24.193548387096776,-2.91111254869791,GREEN
2026-08-17,H010,S005,Sweating,94.0,11,124.0,10.305338422390601,-30.0,-24.193548387096776,-2.91111254869791,GREEN
2026-08-17,H010,S006,Dry Cough,412.0,11,385.8181818181818,18.054463059411006,26.181818181818187,6.786050895381717,1.4501576754546983,GREEN
2026-08-17,H010,S007,Persistent Cough,31.0,11,30.454545454545453,7.090326316378343,0.5454545454545467,1.7910447761194073,0.0769293994543764,GREEN
2026-08-17,H010,S008,Sore Throat,260.0,11,246.27272727272728,14.429767212889534,13.72727272727272,5.574012550756733,0.9513162980904291,GREEN
2026-08-17,H010,S009,Runny Nose,169.0,11,160.36363636363637,14.319725746485,8.636363636363626,5.385487528344664,0.6031095699220047,GREEN
2026-08-17,H010,S010,Breathlessness,9.0,11,7.818181818181818,3.682884245212761,1.1818181818181817,15.116279069767439,0.32089473986438255,GREEN
2026-08-17,H010,S011,Chest Pain,3.0,11,2.727272727272727,1.6787441193290351,0.27272727272727293,10.000000000000007,0.16245910832216484,GREEN
2026-08-17,H010,S012,Loss of Taste,22.0,11,27.818181818181817,5.095452518043551,-5.818181818181817,-20.91503267973856,-1.1418380992814676,GREEN
2026-08-17,H010,S013,Loss of Smell,28.0,11,27.181818181818183,4.3547257506801005,0.8181818181818166,3.0100334448160475,0.1878836613428611,GREEN
2026-08-17,H010,S014,Muscle Pain,445.0,11,395.8181818181818,14.871571415409882,49.18181818181819,12.425355994487829,3.307102982463314,RED
2026-08-17,H010,S015,Joint Pain,198.0,11,168.27272727272728,12.125105435342894,29.72727272727272,17.666126418152345,2.4517125138245897,ORANGE
2026-08-17,H010,S016,Retro-orbital Pain,160.0,11,132.63636363636363,13.321206606555783,27.363636363636374,20.630568882796446,2.054140977752711,ORANGE
2026-08-17,H010,S017,Rash,66.0,11,51.90909090909091,5.048852254810898,14.090909090909093,27.145359019264454,2.790913336289905,ORANGE
2026-08-17,H010,S018,Nausea,152.0,11,145.27272727272728,11.472496756076323,6.7272727272727195,4.630788485607003,0.5863826218743248,GREEN
2026-08-17,H010,S019,Vomiting,200.0,11,200.27272727272728,14.163974788814823,-0.2727272727272805,-0.1361779391738577,-0.019254995634604703,GREEN
2026-08-17,H010,S020,Diarrhoea,162.0,11,161.63636363636363,10.837644829691795,0.36363636363637397,0.224971878515192,0.03355307996808705,GREEN
2026-08-17,H010,S021,Abdominal Pain,117.0,11,110.9090909090909,7.161767176536046,6.0909090909090935,5.491803278688527,0.8504757192979711,GREEN
2026-08-17,H010,S022,Loss of Appetite,38.0,11,38.36363636363637,5.869799439039246,-0.36363636363636687,-0.9478672985782075,-0.06195038985793456,GREEN
2026-08-17,H010,S023,Weight Loss,4.0,11,4.818181818181818,2.040499047693079,-0.8181818181818183,-16.9811320754717,-0.40097142858597645,GREEN
2026-08-17,H010,S024,Night Sweats,8.0,11,10.818181818181818,3.2501748204729486,-2.8181818181818183,-26.05042016806723,-0.8670862257716129,GREEN
2026-08-17,H010,S025,Bleeding,3.0,11,4.181818181818182,1.7786613965666325,-1.1818181818181817,-28.26086956521739,-0.6644424757289144,GREEN
2026-08-17,H010,S026,Anaemia,2.0,11,2.727272727272727,1.8488325554743508,-0.7272727272727271,-26.66666666666666,-0.3933686288243298,GREEN
2026-08-17,H010,S027,Dehydration,7.0,11,5.909090909090909,2.809076198843508,1.0909090909090908,18.46153846153846,0.388351548227213,GREEN
2026-08-24,H001,S001,Fever,826.0,12,943.5,23.52754671752784,-117.5,-12.453630100688924,-4.994145858499706,GREEN
2026-08-24,H001,S002,Headache,431.0,12,479.0,17.822355726344476,-48.0,-10.020876826722338,-2.6932466581310477,GREEN
2026-08-24,H001,S003,Fatigue,195.0,12,228.41666666666666,17.24928632691448,-33.41666666666666,-14.62969719080627,-1.9372782173907,GREEN
2026-08-24,H001,S004,Chills,108.0,12,135.08333333333334,12.551409434317678,-27.083333333333343,-20.04935225169649,-2.157792196570604,GREEN
2026-08-24,H001,S005,Sweating,108.0,12,135.08333333333334,12.551409434317678,-27.083333333333343,-20.04935225169649,-2.157792196570604,GREEN
2026-08-24,H001,S006,Dry Cough,446.0,12,496.5833333333333,23.01169004631948,-50.583333333333314,-10.18627286457459,-2.198158120134409,GREEN
2026-08-24,H001,S007,Persistent Cough,27.0,12,33.25,8.203380677833655,-6.25,-18.796992481203006,-0.7618810153340948,GREEN
2026-08-24,H001,S008,Sore Throat,277.0,12,315.1666666666667,13.769751653753987,-38.166666666666686,-12.109994711792707,-2.7717759641846174,GREEN
2026-08-24,H001,S009,Runny Nose,184.0,12,195.33333333333334,15.179731302768252,-11.333333333333343,-5.8020477815699705,-0.7466096143129055,GREEN
2026-08-24,H001,S010,Breathlessness,13.0,12,13.25,3.9571569224748853,-0.25,-1.8867924528301887,-0.06317667075068759,GREEN
2026-08-24,H001,S011,Chest Pain,3.0,12,2.5833333333333335,1.4433756729740643,0.4166666666666665,16.12903225806451,0.2886751345948128,GREEN
2026-08-24,H001,S012,Loss of Taste,30.0,12,37.5,4.502524544378106,-7.5,-20.0,-1.665732174489658,GREEN
2026-08-24,H001,S013,Loss of Smell,35.0,12,39.0,6.438520439863917,-4.0,-10.256410256410255,-0.6212607441973956,GREEN
2026-08-24,H001,S014,Muscle Pain,365.0,12,424.8333333333333,15.254408205399834,-59.833333333333314,-14.083954491957625,-3.9223634589871015,GREEN
2026-08-24,H001,S015,Joint Pain,145.0,12,161.41666666666666,8.722576072086351,-16.416666666666657,-10.170366546205468,-1.8820892510416316,GREEN
2026-08-24,H001,S016,Retro-orbital Pain,113.0,12,116.83333333333333,9.552090045766123,-3.8333333333333286,-3.281027104136943,-0.4013083330419837,GREEN
2026-08-24,H001,S017,Rash,54.0,12,53.5,5.60032466591325,0.5,0.9345794392523363,0.08928053815224024,GREEN
2026-08-24,H001,S018,Nausea,115.0,12,131.33333333333334,8.752488823532463,-16.333333333333343,-12.436548223350261,-1.8661358686249983,GREEN
2026-08-24,H001,S019,Vomiting,169.0,12,180.08333333333334,12.033727853853348,-11.083333333333343,-6.154558074965299,-0.9210224352700749,GREEN
2026-08-24,H001,S020,Diarrhoea,133.0,12,141.66666666666666,8.876253645985946,-8.666666666666657,-6.117647058823523,-0.9763879010584529,GREEN
2026-08-24,H001,S021,Abdominal Pain,90.0,12,99.5,4.926735965396082,-9.5,-9.547738693467336,-1.9282543385164448,GREEN
2026-08-24,H001,S022,Loss of Appetite,37.0,12,41.333333333333336,5.015128627614165,-4.333333333333336,-10.48387096774194,-0.8640522816250921,GREEN
2026-08-24,H001,S023,Weight Loss,6.0,12,4.666666666666667,2.49848438906955,1.333333333333333,28.571428571428566,0.533656859801263,GREEN
2026-08-24,H001,S024,Night Sweats,12.0,12,11.333333333333334,3.749747466244368,0.6666666666666661,5.882352941176465,0.17778975055468973,GREEN
2026-08-24,H001,S025,Bleeding,4.0,12,3.4166666666666665,1.729862492345632,0.5833333333333335,17.07317073170732,0.3372137010395284,GREEN
2026-08-24,H001,S026,Anaemia,2.0,12,2.75,1.4222261679238197,-0.75,-27.27272727272727,-0.5273422869829892,GREEN
2026-08-24,H001,S027,Dehydration,5.0,12,4.916666666666667,1.729862492345632,0.08333333333333304,1.6949152542372818,0.04817338586278959,GREEN
2026-08-24,H002,S001,Fever,635.0,12,764.5,18.92809359847756,-129.5,-16.939175931981687,-6.841682144387539,GREEN
2026-08-24,H002,S002,Headache,333.0,12,380.4166666666667,17.164754232985334,-47.416666666666686,-12.464403066812709,-2.762443669338799,GREEN
2026-08-24,H002,S003,Fatigue,148.0,12,180.0,9.332251019497338,-32.0,-17.77777777777778,-3.428969059356015,GREEN
2026-08-24,H002,S004,Chills,90.0,12,101.08333333333333,8.805559538602802,-11.083333333333329,-10.964550700741958,-1.2586745095237806,GREEN
2026-08-24,H002,S005,Sweating,90.0,12,101.08333333333333,8.805559538602802,-11.083333333333329,-10.964550700741958,-1.2586745095237806,GREEN
2026-08-24,H002,S006,Dry Cough,307.0,12,394.1666666666667,15.242484486898237,-87.16666666666669,-22.114164904862584,-5.718665270192092,GREEN
2026-08-24,H002,S007,Persistent Cough,19.0,12,29.5,4.253340932832576,-10.5,-35.59322033898305,-2.4686476268450384,GREEN
2026-08-24,H002,S008,Sore Throat,190.0,12,257.5,15.120726293282468,-67.5,-26.21359223300971,-4.464071281416392,GREEN
2026-08-24,H002,S009,Runny Nose,130.0,12,155.16666666666666,13.320069159889616,-25.166666666666657,-16.219119226638018,-1.8893795793831458,GREEN
2026-08-24,H002,S010,Breathlessness,5.0,12,10.5,3.729489363048366,-5.5,-52.38095238095239,-1.4747327219897135,GREEN
2026-08-24,H002,S011,Chest Pain,2.0,12,2.1666666666666665,1.4034589305344738,-0.16666666666666652,-7.692307692307685,-0.1187542171990708,GREEN
2026-08-24,H002,S012,Loss of Taste,14.0,12,29.083333333333332,4.851585182997283,-15.083333333333332,-51.862464183381086,-3.1089495009165087,GREEN
2026-08-24,H002,S013,Loss of Smell,16.0,12,30.416666666666668,5.86915408700178,-14.416666666666668,-47.397260273972606,-2.456344892800613,GREEN
2026-08-24,H002,S014,Muscle Pain,295.0,12,356.4166666666667,17.058500058399748,-61.416666666666686,-17.231704465747022,-3.6003556266029735,GREEN
2026-08-24,H002,S015,Joint Pain,134.0,12,143.08333333333334,11.7740726971931,-9.083333333333343,-6.348281887012237,-0.7714691056306098,GREEN
2026-08-24,H002,S016,Retro-orbital Pain,102.0,12,109.16666666666667,12.71243724098808,-7.166666666666671,-6.56488549618321,-0.5637523734284047,GREEN
2026-08-24,H002,S017,Rash,48.0,12,46.583333333333336,7.366488411390566,1.4166666666666643,3.0411449016100125,0.19231234579506265,GREEN
2026-08-24,H002,S018,Nausea,108.0,12,111.16666666666667,13.809307357611013,-3.1666666666666714,-2.848575712143932,-0.22931393911812384,GREEN
2026-08-24,H002,S019,Vomiting,149.0,12,151.08333333333334,11.14742802242524,-2.083333333333343,-1.378929950358528,-0.18688914870249074,GREEN
2026-08-24,H002,S020,Diarrhoea,112.0,12,119.08333333333333,9.05998528328459,-7.083333333333329,-5.948215535339394,-0.7818261411971467,GREEN
2026-08-24,H002,S021,Abdominal Pain,71.0,12,83.5,10.816653826391967,-12.5,-14.97005988023952,-1.1556254088025608,GREEN
2026-08-24,H002,S022,Loss of Appetite,28.0,12,31.916666666666668,8.360712598308542,-3.916666666666668,-12.271540469973893,-0.4684608662973357,GREEN
2026-08-24,H002,S023,Weight Loss,4.0,12,4.0,2.696799449852968,0.0,0.0,0.0,GREEN
2026-08-24,H002,S024,Night Sweats,11.0,12,11.25,3.1370223287233854,-0.25,-2.2222222222222223,-0.07969340788904673,GREEN
2026-08-24,H002,S025,Bleeding,2.0,12,3.8333333333333335,2.0375267241229382,-1.8333333333333335,-47.82608695652174,-0.8997836993389617,GREEN
2026-08-24,H002,S026,Anaemia,2.0,12,1.4166666666666667,0.9962049198956219,0.5833333333333333,41.17647058823529,0.5855555636027701,GREEN
2026-08-24,H002,S027,Dehydration,3.0,12,3.6666666666666665,1.7232808737106582,-0.6666666666666665,-18.18181818181818,-0.38685897164933136,GREEN
2026-08-24,H003,S001,Fever,803.0,12,928.9166666666666,18.431486564292545,-125.91666666666663,-13.555216650219787,-6.8316066762952214,GREEN
2026-08-24,H003,S002,Headache,405.0,12,483.5,17.63519208854839,-78.5,-16.23578076525336,-4.451326620421382,GREEN
2026-08-24,H003,S003,Fatigue,191.0,12,204.0,14.472544539732656,-13.0,-6.372549019607843,-0.8982525473879207,GREEN
2026-08-24,H003,S004,Chills,130.0,12,155.75,10.127595065867407,-25.75,-16.53290529695024,-2.5425582117500043,GREEN
2026-08-24,H003,S005,Sweating,130.0,12,155.75,10.127595065867407,-25.75,-16.53290529695024,-2.5425582117500043,GREEN
2026-08-24,H003,S006,Dry Cough,347.0,12,396.5,18.730140998352944,-49.5,-12.484237074401008,-2.6427991121024044,GREEN
2026-08-24,H003,S007,Persistent Cough,38.0,12,30.25,5.863988713867348,7.75,25.6198347107438,1.3216260088755887,GREEN
2026-08-24,H003,S008,Sore Throat,224.0,12,245.0,13.375690296545109,-21.0,-8.571428571428571,-1.5700124281005685,GREEN
2026-08-24,H003,S009,Runny Nose,137.0,12,148.91666666666666,10.112623374533015,-11.916666666666657,-8.002238388360375,-1.1783951824683623,GREEN
2026-08-24,H003,S010,Breathlessness,2.0,12,9.416666666666666,3.2601821849074444,-7.416666666666666,-78.76106194690266,-2.2749239907515237,GREEN
2026-08-24,H003,S011,Chest Pain,2.0,12,2.0833333333333335,1.164500152881315,-0.08333333333333348,-4.000000000000007,-0.07156146190890775,GREEN
2026-08-24,H003,S012,Loss of Taste,24.0,12,31.0,6.396021490668312,-7.0,-22.58064516129032,-1.0944303439588003,GREEN
2026-08-24,H003,S013,Loss of Smell,19.0,12,31.083333333333332,5.63202423376329,-12.083333333333332,-38.8739946380697,-2.1454689880230347,GREEN
2026-08-24,H003,S014,Muscle Pain,380.0,12,441.75,15.972277118921907,-61.75,-13.978494623655912,-3.8660736687849293,GREEN
2026-08-24,H003,S015,Joint Pain,184.0,12,209.41666666666666,15.429949233012188,-25.416666666666657,-12.136888181456422,-1.6472294420961549,GREEN
2026-08-24,H003,S016,Retro-orbital Pain,141.0,12,161.66666666666666,11.97978094604203,-20.666666666666657,-12.78350515463917,-1.7251289284629754,GREEN
2026-08-24,H003,S017,Rash,50.0,12,62.166666666666664,8.122173167921071,-12.166666666666664,-19.571045576407503,-1.4979570633533796,GREEN
2026-08-24,H003,S018,Nausea,132.0,12,149.33333333333334,9.726564686777166,-17.333333333333343,-11.607142857142863,-1.7820611789995333,GREEN
2026-08-24,H003,S019,Vomiting,172.0,12,194.33333333333334,8.478135872866623,-22.333333333333343,-11.492281303602063,-2.634226871122556,GREEN
2026-08-24,H003,S020,Diarrhoea,144.0,12,148.91666666666666,6.960385743403143,-4.916666666666657,-3.3016228315612697,-0.7063784749755478,GREEN
2026-08-24,H003,S021,Abdominal Pain,98.0,12,102.66666666666667,8.79393730551528,-4.666666666666671,-4.545454545454549,-0.5306686305052328,GREEN
2026-08-24,H003,S022,Loss of Appetite,34.0,12,42.25,5.610461008444202,-8.25,-19.526627218934912,-1.4704673978810434,GREEN
2026-08-24,H003,S023,Weight Loss,3.0,12,3.4166666666666665,2.1933093855190746,-0.4166666666666665,-12.195121951219507,-0.18997167906070717,GREEN
2026-08-24,H003,S024,Night Sweats,10.0,12,10.0,3.219260219931959,0.0,0.0,0.0,GREEN
2026-08-24,H003,S025,Bleeding,2.0,12,4.083333333333333,2.151461800448216,-2.083333333333333,-51.02040816326531,-0.9683338709054979,GREEN
2026-08-24,H003,S026,Anaemia,1.0,12,2.75,1.4847711791873706,-1.75,-63.63636363636363,-1.1786327917260568,GREEN
2026-08-24,H003,S027,Dehydration,2.0,12,5.666666666666667,2.229281716090851,-3.666666666666667,-64.70588235294117,-1.6447749246767867,GREEN
2026-08-24,H004,S001,Fever,736.0,12,869.25,19.386616752051125,-133.25,-15.329306873741732,-6.873298301824737,GREEN
2026-08-24,H004,S002,Headache,380.0,12,426.3333333333333,14.3737977099325,-46.333333333333314,-10.867865519937448,-3.223458007991605,GREEN
2026-08-24,H004,S003,Fatigue,177.0,12,211.0,12.77782169513752,-34.0,-16.113744075829384,-2.660860419811491,GREEN
2026-08-24,H004,S004,Chills,95.0,12,124.41666666666667,11.743147582803987,-29.41666666666667,-23.643670462156734,-2.5050069803893806,GREEN
2026-08-24,H004,S005,Sweating,95.0,12,124.41666666666667,11.743147582803987,-29.41666666666667,-23.643670462156734,-2.5050069803893806,GREEN
2026-08-24,H004,S006,Dry Cough,373.0,12,428.3333333333333,16.74044277318927,-55.333333333333314,-12.918287937743186,-3.3053685665920773,GREEN
2026-08-24,H004,S007,Persistent Cough,21.0,12,30.0,6.2377151994212525,-9.0,-30.0,-1.4428359923894951,GREEN
2026-08-24,H004,S008,Sore Throat,230.0,12,279.75,10.838693312723294,-49.75,-17.78373547810545,-4.590036692116716,GREEN
2026-08-24,H004,S009,Runny Nose,141.0,12,158.5,10.220300653823523,-17.5,-11.041009463722396,-1.7122783950052451,GREEN
2026-08-24,H004,S010,Breathlessness,6.0,12,10.916666666666666,3.2601821849074444,-4.916666666666666,-45.038167938931295,-1.5080956792622462,GREEN
2026-08-24,H004,S011,Chest Pain,1.0,12,2.5833333333333335,1.1645001528813153,-1.5833333333333335,-61.29032258064516,-1.3596677762692448,GREEN
2026-08-24,H004,S012,Loss of Taste,30.0,12,33.25,4.266678503771459,-3.25,-9.774436090225564,-0.7617166367532068,GREEN
2026-08-24,H004,S013,Loss of Smell,34.0,12,32.666666666666664,4.438126822992972,1.3333333333333357,4.081632653061232,0.3004270464795249,GREEN
2026-08-24,H004,S014,Muscle Pain,318.0,12,395.3333333333333,21.575800136151422,-77.33333333333331,-19.56155143338954,-3.5842625925959113,GREEN
2026-08-24,H004,S015,Joint Pain,125.0,12,165.33333333333334,15.97915308560918,-40.33333333333334,-24.395161290322584,-2.524122093157586,GREEN
2026-08-24,H004,S016,Retro-orbital Pain,105.0,12,132.91666666666666,15.819770905899729,-27.916666666666657,-21.00313479623824,-1.7646694653622061,GREEN
2026-08-24,H004,S017,Rash,53.0,12,55.333333333333336,8.967956424082493,-2.3333333333333357,-4.216867469879522,-0.26018562345680196,GREEN
2026-08-24,H004,S018,Nausea,137.0,12,141.75,13.403696912012409,-4.75,-3.3509700176366843,-0.3543798424554829,GREEN
2026-08-24,H004,S019,Vomiting,173.0,12,191.91666666666666,14.247540989322482,-18.916666666666657,-9.856708640903165,-1.327714493388252,GREEN
2026-08-24,H004,S020,Diarrhoea,139.0,12,151.91666666666666,14.37458826814834,-12.916666666666657,-8.502468458584744,-0.8985764618585848,GREEN
2026-08-24,H004,S021,Abdominal Pain,114.0,12,104.0,15.845848323485528,10.0,9.615384615384617,0.6310801287412773,GREEN
2026-08-24,H004,S022,Loss of Appetite,34.0,12,35.25,7.496969084539794,-1.25,-3.546099290780142,-0.16673404757367116,GREEN
2026-08-24,H004,S023,Weight Loss,4.0,12,4.833333333333333,1.8989630344113093,-0.833333333333333,-17.241379310344822,-0.43883599534715095,GREEN
2026-08-24,H004,S024,Night Sweats,6.0,12,10.416666666666666,2.0207259421636903,-4.416666666666666,-42.4,-2.1856831619321544,GREEN
2026-08-24,H004,S025,Bleeding,0.0,12,3.0,1.5954480704349312,-3.0,-100.0,-1.8803495115840263,GREEN
2026-08-24,H004,S026,Anaemia,2.0,12,1.9166666666666667,1.4433756729740645,0.08333333333333326,4.347826086956517,0.05773502691896252,GREEN
2026-08-24,H004,S027,Dehydration,5.0,12,5.916666666666667,2.0652243256245835,-0.916666666666667,-15.492957746478877,-0.44385815879320545,GREEN
2026-08-24,H005,S001,Fever,681.0,12,801.4166666666666,16.897866101608173,-120.41666666666663,-15.025475720079024,-7.126146339578733,GREEN
2026-08-24,H005,S002,Headache,338.0,12,413.0,23.045409718443047,-75.0,-18.159806295399516,-3.254444200225181,GREEN
2026-08-24,H005,S003,Fatigue,150.0,12,185.41666666666666,14.786101172343837,-35.41666666666666,-19.101123595505616,-2.3952674375656624,GREEN
2026-08-24,H005,S004,Chills,114.0,12,117.91666666666667,8.62826574098003,-3.9166666666666714,-3.321554770318025,-0.45393440399783075,GREEN
2026-08-24,H005,S005,Sweating,114.0,12,117.91666666666667,8.62826574098003,-3.9166666666666714,-3.321554770318025,-0.45393440399783075,GREEN
2026-08-24,H005,S006,Dry Cough,312.0,12,374.0833333333333,12.587572033437173,-62.083333333333314,-16.596123858320336,-4.932113450347485,GREEN
2026-08-24,H005,S007,Persistent Cough,27.0,12,30.333333333333332,5.314360191257671,-3.333333333333332,-10.989010989010985,-0.6272313530454324,GREEN
2026-08-24,H005,S008,Sore Throat,205.0,12,240.91666666666666,11.91987136395915,-35.91666666666666,-14.908336215842265,-3.013175693763279,GREEN
2026-08-24,H005,S009,Runny Nose,119.0,12,149.08333333333334,14.412484066589524,-30.083333333333343,-20.178870877585247,-2.0873107782350573,GREEN
2026-08-24,H005,S010,Breathlessness,7.0,12,8.5,3.801913393877543,-1.5,-17.647058823529413,-0.39453818238351857,GREEN
2026-08-24,H005,S011,Chest Pain,1.0,12,2.1666666666666665,1.1934162828797101,-1.1666666666666665,-53.84615384615385,-0.977585678529124,GREEN
2026-08-24,H005,S012,Loss of Taste,18.0,12,27.75,8.313461154274815,-9.75,-35.13513513513514,-1.172796723177868,GREEN
2026-08-24,H005,S013,Loss of Smell,15.0,12,28.416666666666668,8.061787906067998,-13.416666666666668,-47.214076246334315,-1.664229674979185,GREEN
2026-08-24,H005,S014,Muscle Pain,294.0,12,371.75,23.44868672422635,-77.75,-20.914593140551446,-3.315750724737666,GREEN
2026-08-24,H005,S015,Joint Pain,123.0,12,155.16666666666666,10.886466438434075,-32.16666666666666,-20.73039742212674,-2.9547389732543516,GREEN
2026-08-24,H005,S016,Retro-orbital Pain,110.0,12,130.16666666666666,11.746050271035665,-20.166666666666657,-15.492957746478867,-1.7168891841366634,GREEN
2026-08-24,H005,S017,Rash,53.0,12,50.916666666666664,6.999458853541768,2.0833333333333357,4.091653027823246,0.2976420573254969,GREEN
2026-08-24,H005,S018,Nausea,150.0,12,142.25,12.329749684106623,7.75,5.448154657293498,0.6285610169353201,GREEN
2026-08-24,H005,S019,Vomiting,186.0,12,193.58333333333334,14.387231291753952,-7.583333333333343,-3.9173482565647912,-0.5270877474305798,GREEN
2026-08-24,H005,S020,Diarrhoea,144.0,12,156.16666666666666,13.623731522826654,-12.166666666666657,-7.790821771611521,-0.8930495030881462,GREEN
2026-08-24,H005,S021,Abdominal Pain,107.0,12,107.25,12.25579640229657,-0.25,-0.2331002331002331,-0.020398511185544286,GREEN
2026-08-24,H005,S022,Loss of Appetite,35.0,12,39.083333333333336,5.418123347254158,-4.083333333333336,-10.447761194029855,-0.7536434797858047,GREEN
2026-08-24,H005,S023,Weight Loss,5.0,12,4.083333333333333,1.9286515936521478,0.916666666666667,22.448979591836743,0.4752888856047046,GREEN
2026-08-24,H005,S024,Night Sweats,6.0,12,11.083333333333334,2.937479851639476,-5.083333333333334,-45.86466165413534,-1.7305083234855916,GREEN
2026-08-24,H005,S025,Bleeding,1.0,12,3.9166666666666665,1.8319554050414564,-2.9166666666666665,-74.46808510638297,-1.5921057131850125,GREEN
2026-08-24,H005,S026,Anaemia,3.0,12,2.4166666666666665,1.8319554050414562,0.5833333333333335,24.137931034482765,0.31842114263700266,GREEN
2026-08-24,H005,S027,Dehydration,4.0,12,5.416666666666667,2.937479851639476,-1.416666666666667,-26.153846153846157,-0.4822728114631977,GREEN
2026-08-24,H006,S001,Fever,545.0,12,637.5,6.775624761532389,-92.5,-14.50980392156863,-13.651877613582606,GREEN
2026-08-24,H006,S002,Headache,280.0,12,325.75,10.51514059906865,-45.75,-14.044512663085188,-4.350869070077121,GREEN
2026-08-24,H006,S003,Fatigue,137.0,12,155.91666666666666,11.82030866643071,-18.916666666666657,-12.132549438802775,-1.6003530195780227,GREEN
2026-08-24,H006,S004,Chills,71.0,12,101.58333333333333,11.812615239136456,-30.58333333333333,-30.106644790812137,-2.5890399978497123,GREEN
2026-08-24,H006,S005,Sweating,71.0,12,101.58333333333333,11.812615239136456,-30.58333333333333,-30.106644790812137,-2.5890399978497123,GREEN
2026-08-24,H006,S006,Dry Cough,272.0,12,290.5833333333333,14.914656204451038,-18.583333333333314,-6.395182104961279,-1.245977988268172,GREEN
2026-08-24,H006,S007,Persistent Cough,28.0,12,32.0,6.01513243260846,-4.0,-12.5,-0.6649895151627446,GREEN
2026-08-24,H006,S008,Sore Throat,160.0,12,186.5,13.055824196677339,-26.5,-14.209115281501342,-2.0297454684434366,GREEN
2026-08-24,H006,S009,Runny Nose,113.0,12,108.0,8.506681865665152,5.0,4.62962962962963,0.5877732444869138,GREEN
2026-08-24,H006,S010,Breathlessness,7.0,12,7.666666666666667,3.256694736394648,-0.666666666666667,-8.695652173913047,-0.2047065262876637,GREEN
2026-08-24,H006,S011,Chest Pain,2.0,12,2.6666666666666665,1.4354811251305468,-0.6666666666666665,-24.999999999999993,-0.4644203640128239,GREEN
2026-08-24,H006,S012,Loss of Taste,24.0,12,23.083333333333332,6.185883244545723,0.9166666666666679,3.971119133574012,0.14818686845971754,GREEN
2026-08-24,H006,S013,Loss of Smell,20.0,12,22.583333333333332,6.41671585970911,-2.583333333333332,-11.439114391143907,-0.4025943161289431,GREEN
2026-08-24,H006,S014,Muscle Pain,251.0,12,288.8333333333333,12.86880183257404,-37.833333333333314,-13.098672821696475,-2.9399266400674557,GREEN
2026-08-24,H006,S015,Joint Pain,97.0,12,129.91666666666666,10.228821431562285,-32.91666666666666,-25.33675432969852,-3.2180312157076316,GREEN
2026-08-24,H006,S016,Retro-orbital Pain,81.0,12,100.75,8.443663573677869,-19.75,-19.602977667493796,-2.339032083368209,GREEN
2026-08-24,H006,S017,Rash,29.0,12,43.0,4.935953440181174,-14.0,-32.55813953488372,-2.8363314544324654,GREEN
2026-08-24,H006,S018,Nausea,77.0,12,106.16666666666667,11.043989178267834,-29.16666666666667,-27.472527472527474,-2.6409539339336114,GREEN
2026-08-24,H006,S019,Vomiting,114.0,12,145.33333333333334,13.151794439151523,-31.333333333333343,-21.55963302752294,-2.382437885438452,GREEN
2026-08-24,H006,S020,Diarrhoea,100.0,12,112.41666666666667,9.60547508013797,-12.416666666666671,-11.04521868050408,-1.2926655436691137,GREEN
2026-08-24,H006,S021,Abdominal Pain,73.0,12,80.0,8.790490729915327,-7.0,-8.75,-0.7963150425923294,GREEN
2026-08-24,H006,S022,Loss of Appetite,28.0,12,28.333333333333332,3.4200832880164924,-0.33333333333333215,-1.17647058823529,-0.09746351338907064,GREEN
2026-08-24,H006,S023,Weight Loss,3.0,12,4.166666666666667,1.9462473604038077,-1.166666666666667,-28.000000000000004,-0.5994441870043727,GREEN
2026-08-24,H006,S024,Night Sweats,8.0,12,10.666666666666666,2.0150945537631872,-2.666666666666666,-24.999999999999993,-1.3233456770982128,GREEN
2026-08-24,H006,S025,Bleeding,0.0,12,2.5833333333333335,2.2746961169005466,-2.5833333333333335,-100.0,-1.1356828343529815,GREEN
2026-08-24,H006,S026,Anaemia,1.0,12,2.25,1.4847711791873706,-1.25,-55.55555555555556,-0.841880565518612,GREEN
2026-08-24,H006,S027,Dehydration,3.0,12,4.25,2.5628464289109907,-1.25,-29.411764705882355,-0.4877389397581471,GREEN
2026-08-24,H007,S001,Fever,477.0,12,572.0833333333334,9.009674934438118,-95.08333333333337,-16.620538965768397,-10.553469911538286,GREEN
2026-08-24,H007,S002,Headache,238.0,12,291.25,10.635489474567512,-53.25,-18.283261802575108,-5.00682174782232,GREEN
2026-08-24,H007,S003,Fatigue,130.0,12,144.0,10.180194675759576,-14.0,-9.722222222222223,-1.3752192807605044,GREEN
2026-08-24,H007,S004,Chills,59.0,12,80.58333333333333,7.597348022152005,-21.58333333333333,-26.783867631851084,-2.8409035982558146,GREEN
2026-08-24,H007,S005,Sweating,59.0,12,80.58333333333333,7.597348022152005,-21.58333333333333,-26.783867631851084,-2.8409035982558146,GREEN
2026-08-24,H007,S006,Dry Cough,263.0,12,295.5833333333333,10.17535644524941,-32.583333333333314,-11.023400056385672,-3.2021810251714147,GREEN
2026-08-24,H007,S007,Persistent Cough,10.0,12,23.166666666666668,4.9144191062133835,-13.166666666666668,-56.83453237410072,-2.679190842722353,GREEN
2026-08-24,H007,S008,Sore Throat,165.0,12,187.66666666666666,9.782482798194417,-22.666666666666657,-12.078152753108345,-2.3170668565704315,GREEN
2026-08-24,H007,S009,Runny Nose,94.0,12,118.41666666666667,9.090037837038295,-24.41666666666667,-20.619282195636877,-2.686090762700508,GREEN
2026-08-24,H007,S010,Breathlessness,7.0,12,7.916666666666667,2.274696116900546,-0.916666666666667,-11.578947368421055,-0.4029842315446065,GREEN
2026-08-24,H007,S011,Chest Pain,1.0,12,1.5833333333333333,1.2401124093721456,-0.5833333333333333,-36.84210526315789,-0.4703874656239172,GREEN
2026-08-24,H007,S012,Loss of Taste,16.0,12,21.833333333333332,4.569331228832932,-5.833333333333332,-26.717557251908392,-1.2766273752544839,GREEN
2026-08-24,H007,S013,Loss of Smell,22.0,12,22.25,5.62664117472324,-0.25,-1.1235955056179776,-0.044431480920284004,GREEN
2026-08-24,H007,S014,Muscle Pain,227.0,12,261.6666666666667,9.993937556278212,-34.666666666666686,-13.248407643312108,-3.468769588708208,GREEN
2026-08-24,H007,S015,Joint Pain,86.0,12,99.16666666666667,9.777835169712196,-13.166666666666671,-13.27731092436975,-1.3465830051473677,GREEN
2026-08-24,H007,S016,Retro-orbital Pain,68.0,12,79.25,5.879471219266392,-11.25,-14.195583596214512,-1.9134373790511916,GREEN
2026-08-24,H007,S017,Rash,25.0,12,32.166666666666664,6.293334617359908,-7.166666666666664,-22.279792746113984,-1.1387709540976425,GREEN
2026-08-24,H007,S018,Nausea,70.0,12,83.16666666666667,9.398581453247788,-13.166666666666671,-15.831663326653311,-1.4009206317105203,GREEN
2026-08-24,H007,S019,Vomiting,88.0,12,114.66666666666667,9.345230512584125,-26.66666666666667,-23.255813953488374,-2.853505500025687,GREEN
2026-08-24,H007,S020,Diarrhoea,69.0,12,89.0,6.310164959664827,-20.0,-22.47191011235955,-3.1694892491467175,GREEN
2026-08-24,H007,S021,Abdominal Pain,46.0,12,63.75,7.676706206558785,-17.75,-27.84313725490196,-2.3121895670352535,GREEN
2026-08-24,H007,S022,Loss of Appetite,22.0,12,25.75,3.250874008352495,-3.75,-14.563106796116504,-1.1535359384476596,GREEN
2026-08-24,H007,S023,Weight Loss,2.0,12,3.25,2.454124543035107,-1.25,-38.46153846153847,-0.5093466032714373,GREEN
2026-08-24,H007,S024,Night Sweats,5.0,12,9.25,2.800162332956625,-4.25,-45.94594594594595,-1.517769148588084,GREEN
2026-08-24,H007,S025,Bleeding,2.0,12,2.3333333333333335,1.8257418583505536,-0.3333333333333335,-14.28571428571429,-0.18257418583505547,GREEN
2026-08-24,H007,S026,Anaemia,0.0,12,1.75,1.2154310870109941,-1.75,-100.0,-1.4398183646130243,GREEN
2026-08-24,H007,S027,Dehydration,1.0,12,3.0833333333333335,1.729862492345632,-2.0833333333333335,-67.56756756756756,-1.2043346465697442,GREEN
2026-08-24,H008,S001,Fever,580.0,12,680.4166666666666,20.782240378542326,-100.41666666666663,-14.758113900796078,-4.831849927515365,GREEN
2026-08-24,H008,S002,Headache,263.0,12,339.6666666666667,15.429212749217179,-76.66666666666669,-22.571148184494607,-4.96892925859464,GREEN
2026-08-24,H008,S003,Fatigue,127.0,12,165.66666666666666,13.37115846843043,-38.66666666666666,-23.340040241448687,-2.8917963060537666,GREEN
2026-08-24,H008,S004,Chills,89.0,12,100.08333333333333,7.1153909153881285,-11.083333333333329,-11.074104912572851,-1.557656278499599,GREEN
2026-08-24,H008,S005,Sweating,89.0,12,100.08333333333333,7.1153909153881285,-11.083333333333329,-11.074104912572851,-1.557656278499599,GREEN
2026-08-24,H008,S006,Dry Cough,278.0,12,325.1666666666667,12.911118065333051,-47.166666666666686,-14.505381855458744,-3.6531821975442518,GREEN
2026-08-24,H008,S007,Persistent Cough,19.0,12,26.666666666666668,5.466149273372241,-7.666666666666668,-28.750000000000004,-1.4025717709565693,GREEN
2026-08-24,H008,S008,Sore Throat,162.0,12,208.75,12.166459109894188,-46.75,-22.395209580838323,-3.8425313049366414,GREEN
2026-08-24,H008,S009,Runny Nose,96.0,12,120.66666666666667,9.148604795102349,-24.66666666666667,-20.441988950276247,-2.6962216883466015,GREEN
2026-08-24,H008,S010,Breathlessness,4.0,12,9.5,2.7468990781342053,-5.5,-57.89473684210527,-2.0022577617725226,GREEN
2026-08-24,H008,S011,Chest Pain,3.0,12,1.5833333333333333,1.164500152881315,1.4166666666666667,89.47368421052633,1.2165448524514297,GREEN
2026-08-24,H008,S012,Loss of Taste,26.0,12,28.666666666666668,7.352591792055782,-2.666666666666668,-9.302325581395353,-0.3626839000565634,GREEN
2026-08-24,H008,S013,Loss of Smell,20.0,12,27.916666666666668,6.388317936719028,-7.916666666666668,-28.358208955223883,-1.2392411813386643,GREEN
2026-08-24,H008,S014,Muscle Pain,259.0,12,311.75,14.827033050846987,-52.75,-16.920609462710505,-3.5576908622987578,GREEN
2026-08-24,H008,S015,Joint Pain,128.0,12,137.58333333333334,8.240237566448869,-9.583333333333343,-6.965475469412484,-1.1629923598747993,GREEN
2026-08-24,H008,S016,Retro-orbital Pain,98.0,12,113.75,8.269604805331609,-15.75,-13.846153846153847,-1.9045650149866418,GREEN
2026-08-24,H008,S017,Rash,42.0,12,45.333333333333336,7.796658180777122,-3.3333333333333357,-7.352941176470592,-0.42753359914530586,GREEN
2026-08-24,H008,S018,Nausea,94.0,12,102.58333333333333,7.75134396948899,-8.583333333333329,-8.367181153533707,-1.107334852784141,GREEN
2026-08-24,H008,S019,Vomiting,110.0,12,138.0,7.745966692414835,-28.0,-20.28985507246377,-3.614784456460255,GREEN
2026-08-24,H008,S020,Diarrhoea,78.0,12,103.33333333333333,9.975728119548544,-25.33333333333333,-24.51612903225806,-2.5394971705062668,GREEN
2026-08-24,H008,S021,Abdominal Pain,40.0,12,72.25,7.496969084539795,-32.25,-44.636678200692046,-4.301738427400716,GREEN
2026-08-24,H008,S022,Loss of Appetite,21.0,12,28.25,5.2418768325164535,-7.25,-25.663716814159294,-1.3830923983232,GREEN
2026-08-24,H008,S023,Weight Loss,4.0,12,3.25,1.815338686155987,0.75,23.076923076923077,0.41314604581481085,GREEN
2026-08-24,H008,S024,Night Sweats,8.0,12,7.916666666666667,2.678477631835372,0.08333333333333304,1.0526315789473646,0.031112200580980985,GREEN
2026-08-24,H008,S025,Bleeding,2.0,12,3.4166666666666665,2.151461800448216,-1.4166666666666665,-41.46341463414634,-0.6584670322157387,GREEN
2026-08-24,H008,S026,Anaemia,0.0,12,1.5,1.1677484162422844,-1.5,-100.0,-1.284523257866513,GREEN
2026-08-24,H008,S027,Dehydration,1.0,12,3.4166666666666665,2.7122058561364044,-2.4166666666666665,-70.73170731707317,-0.8910336437770473,GREEN
2026-08-24,H009,S001,Fever,447.0,12,535.5,22.7456289507157,-88.5,-16.5266106442577,-3.8908574562505254,GREEN
2026-08-24,H009,S002,Headache,239.0,12,277.0,13.510938329570397,-38.0,-13.718411552346572,-2.812535967012165,GREEN
2026-08-24,H009,S003,Fatigue,110.0,12,130.75,12.743090819591755,-20.75,-15.86998087954111,-1.6283333685496528,GREEN
2026-08-24,H009,S004,Chills,73.0,12,88.0,10.045351706590015,-15.0,-17.045454545454543,-1.493227956385002,GREEN
2026-08-24,H009,S005,Sweating,73.0,12,88.0,10.045351706590015,-15.0,-17.045454545454543,-1.493227956385002,GREEN
2026-08-24,H009,S006,Dry Cough,210.0,12,237.91666666666666,15.957092087181424,-27.916666666666657,-11.733800350262694,-1.7494833340651423,GREEN
2026-08-24,H009,S007,Persistent Cough,18.0,12,18.583333333333332,2.8749176536296677,-0.5833333333333321,-3.139013452914792,-0.20290436235516407,GREEN
2026-08-24,H009,S008,Sore Throat,134.0,12,153.08333333333334,11.912242238618013,-19.083333333333343,-12.465977136635825,-1.601993390586664,GREEN
2026-08-24,H009,S009,Runny Nose,79.0,12,87.25,9.649540733301057,-8.25,-9.455587392550143,-0.8549629695358276,GREEN
2026-08-24,H009,S010,Breathlessness,5.0,12,6.25,2.41679727964699,-1.25,-20.0,-0.517213425605387,GREEN
2026-08-24,H009,S011,Chest Pain,1.0,12,1.25,1.2154310870109943,-0.25,-20.0,-0.20568833780186058,GREEN
2026-08-24,H009,S012,Loss of Taste,19.0,12,21.0,5.704862359904448,-2.0,-9.523809523809524,-0.35057813384887665,GREEN
2026-08-24,H009,S013,Loss of Smell,18.0,12,21.166666666666668,3.433348043510705,-3.166666666666668,-14.960629921259846,-0.9223261453647015,GREEN
2026-08-24,H009,S014,Muscle Pain,194.0,12,244.41666666666666,20.146997670906586,-50.41666666666666,-20.62734401636549,-2.502440685714239,GREEN
2026-08-24,H009,S015,Joint Pain,84.0,12,114.25,9.526279441628823,-30.25,-26.477024070021884,-3.175426480542942,GREEN
2026-08-24,H009,S016,Retro-orbital Pain,65.0,12,86.5,8.743828992755144,-21.5,-24.85549132947977,-2.458876999746245,GREEN
2026-08-24,H009,S017,Rash,24.0,12,36.833333333333336,6.617241025372945,-12.833333333333336,-34.84162895927602,-1.939378252072971,GREEN
2026-08-24,H009,S018,Nausea,73.0,12,93.08333333333333,7.064100448855122,-20.08333333333333,-21.57564905998209,-2.8430135554751677,GREEN
2026-08-24,H009,S019,Vomiting,104.0,12,127.58333333333333,9.58652779433279,-23.58333333333333,-18.48465055519268,-2.460049544452888,GREEN
2026-08-24,H009,S020,Diarrhoea,89.0,12,98.58333333333333,6.8947718445122455,-9.583333333333329,-9.72104818258664,-1.3899420531168105,GREEN
2026-08-24,H009,S021,Abdominal Pain,66.0,12,69.41666666666667,8.511578566691943,-3.4166666666666714,-4.921968787515012,-0.4014139844795642,GREEN
2026-08-24,H009,S022,Loss of Appetite,15.0,12,23.416666666666668,4.92596706395318,-8.416666666666668,-35.94306049822064,-1.7086323471907539,GREEN
2026-08-24,H009,S023,Weight Loss,1.0,12,2.0,1.348399724926484,-1.0,-50.0,-0.7416198487095663,GREEN
2026-08-24,H009,S024,Night Sweats,2.0,12,5.916666666666667,2.539088359425425,-3.916666666666667,-66.19718309859155,-1.5425483922713807,GREEN
2026-08-24,H009,S025,Bleeding,0.0,12,2.5,1.087114613009218,-2.5,-100.0,-2.2996655275194997,GREEN
2026-08-24,H009,S026,Anaemia,0.0,12,1.9166666666666667,1.2401124093721456,-1.9166666666666667,-100.0,-1.5455588156214424,GREEN
2026-08-24,H009,S027,Dehydration,7.0,12,3.3333333333333335,2.1461734799546393,3.6666666666666665,109.99999999999999,1.7084670465428378,YELLOW
2026-08-24,H010,S001,Fever,706.0,12,835.0,23.70270410350223,-129.0,-15.449101796407186,-5.442417010173088,GREEN
2026-08-24,H010,S002,Headache,385.0,12,430.5833333333333,20.584452797431776,-45.583333333333314,-10.58641377975614,-2.214454461428313,GREEN
2026-08-24,H010,S003,Fatigue,157.0,12,185.41666666666666,13.124981962469569,-28.416666666666657,-15.325842696629211,-2.1650823405261153,GREEN
2026-08-24,H010,S004,Chills,116.0,12,121.5,13.09753620134163,-5.5,-4.526748971193416,-0.41992630640231515,GREEN
2026-08-24,H010,S005,Sweating,116.0,12,121.5,13.09753620134163,-5.5,-4.526748971193416,-0.41992630640231515,GREEN
2026-08-24,H010,S006,Dry Cough,323.0,12,388.0,18.80038684321537,-65.0,-16.752577319587626,-3.457375666897887,GREEN
2026-08-24,H010,S007,Persistent Cough,25.0,12,30.5,6.762194372189603,-5.5,-18.0327868852459,-0.813345446356801,GREEN
2026-08-24,H010,S008,Sore Throat,210.0,12,247.41666666666666,14.317556503901923,-37.41666666666666,-15.122937015830242,-2.613341645026482,GREEN
2026-08-24,H010,S009,Runny Nose,117.0,12,161.08333333333334,13.879077342488868,-44.08333333333334,-27.366787377133996,-3.176243798165051,GREEN
2026-08-24,H010,S010,Breathlessness,9.0,12,7.916666666666667,3.528026317499587,1.083333333333333,13.684210526315784,0.3070649807683754,GREEN
2026-08-24,H010,S011,Chest Pain,1.0,12,2.75,1.602554778527654,-1.75,-63.63636363636363,-1.0920063535099944,GREEN
2026-08-24,H010,S012,Loss of Taste,23.0,12,27.333333333333332,5.140451577852127,-4.333333333333332,-15.853658536585364,-0.8429868986615299,GREEN
2026-08-24,H010,S013,Loss of Smell,21.0,12,27.25,4.158780415633235,-6.25,-22.93577981651376,-1.5028444340330354,GREEN
2026-08-24,H010,S014,Muscle Pain,326.0,12,399.9166666666667,20.06561207336541,-73.91666666666669,-18.483017295269853,-3.683748414770851,GREEN
2026-08-24,H010,S015,Joint Pain,136.0,12,170.75,14.397758663953727,-34.75,-20.351390922401173,-2.413570112617612,GREEN
2026-08-24,H010,S016,Retro-orbital Pain,102.0,12,134.91666666666666,14.95726234876212,-32.91666666666666,-24.39777640518838,-2.2007146695124242,GREEN
2026-08-24,H010,S017,Rash,48.0,12,53.083333333333336,6.302356461649639,-5.083333333333336,-9.576138147566724,-0.8065766137262848,GREEN
2026-08-24,H010,S018,Nausea,124.0,12,145.83333333333334,11.109646368100217,-21.833333333333343,-14.971428571428577,-1.9652590739543863,GREEN
2026-08-24,H010,S019,Vomiting,166.0,12,200.25,13.505049560677802,-34.25,-17.10362047440699,-2.5360884346344474,GREEN
2026-08-24,H010,S020,Diarrhoea,127.0,12,161.66666666666666,10.3338220803282,-34.66666666666666,-21.44329896907216,-3.3546800396979206,GREEN
2026-08-24,H010,S021,Abdominal Pain,95.0,12,111.41666666666667,7.051219537760612,-16.41666666666667,-14.734480179506363,-2.3282024589863246,GREEN
2026-08-24,H010,S022,Loss of Appetite,38.0,12,38.333333333333336,5.597618541248887,-0.3333333333333357,-0.8695652173913104,-0.059549133417541804,GREEN
2026-08-24,H010,S023,Weight Loss,2.0,12,4.75,1.9598237397554632,-2.75,-57.89473684210527,-1.4031874113042078,GREEN
2026-08-24,H010,S024,Night Sweats,9.0,12,10.583333333333334,3.203927514028917,-1.583333333333334,-14.960629921259846,-0.49418512947014304,GREEN
2026-08-24,H010,S025,Bleeding,1.0,12,4.083333333333333,1.729862492345632,-3.083333333333333,-75.51020408163265,-1.782415276923221,GREEN
2026-08-24,H010,S026,Anaemia,1.0,12,2.6666666666666665,1.775250729197189,-1.6666666666666665,-62.5,-0.9388345202485133,GREEN
2026-08-24,H010,S027,Dehydration,6.0,12,6.0,2.696799449852968,0.0,0.0,0.0,GREEN
